# n=24 regime=0
SLICE 1 8
2.750000e+01 2.755199e+01 2.770691e+01 2.796165e+01 2.831139e+01 2.875000e+01 2.927051e+01 2.986556e+01 6.145412e+00 -2.650000e+01 -6.155821e+01 -8.300000e+01 -8.300000e+01 -8.300000e+01 -8.300000e+01 -8.300000e+01 -8.300000e+01 -8.300000e+01 -8.300000e+01 -8.300000e+01 -8.300000e+01 -8.300000e+01 -8.300000e+01 -8.300000e+01 
2.751076e+01 2.756271e+01 2.771752e+01 2.797208e+01 2.832159e+01 2.875993e+01 2.928013e+01 2.987485e+01 5.740805e+00 -2.688903e+01 -6.193180e+01 -8.300000e+01 -8.300000e+01 -8.300000e+01 -8.300000e+01 -8.300000e+01 -8.300000e+01 -8.300000e+01 -8.300000e+01 -8.300000e+01 -8.300000e+01 -8.300000e+01 -8.300000e+01 -8.300000e+01 
2.754298e+01 2.759483e+01 2.774931e+01 2.800335e+01 2.835217e+01 2.878968e+01 2.930897e+01 2.990270e+01 4.528186e+00 -2.805505e+01 -6.305160e+01 -8.300000e+01 -8.300000e+01 -8.300000e+01 -8.300000e+01 -8.300000e+01 -8.300000e+01 -8.300000e+01 -8.300000e+01 -8.300000e+01 -8.300000e+01 -8.300000e+01 -8.300000e+01 -8.300000e+01 
2.759654e+01 2.764820e+01 2.780214e+01 2.805532e+01 2.840300e+01 2.883915e+01 2.935691e+01 2.994901e+01 2.511147e+00 -2.999486e+01 -6.491478e+01 -8.300000e+01 -8.300000e+01 -8.300000e+01 -8.300000e+01 -8.300000e+01 -8.300000e+01 -8.300000e+01 -8.300000e+01 -8.300000e+01 -8.300000e+01 -8.300000e+01 -8.300000e+01 -8.300000e+01 
2.767120e+01 2.772261e+01 2.787580e+01 2.812779e+01 2.847389e+01 2.890816e+01 2.942381e+01 2.938321e+01 -3.043843e-01 -3.270319e+01 -6.751668e+01 -8.300000e+01 -8.300000e+01 -8.300000e+01 -8.300000e+01 -8.300000e+01 -8.300000e+01 -8.300000e+01 -8.300000e+01 -8.300000e+01 -8.300000e+01 -8.300000e+01 -8.300000e+01 -8.300000e+01 
2.776666e+01 2.781774e+01 2.797000e+01 2.822047e+01 2.856458e+01 2.899646e+01 2.950943e+01 2.564276e+01 -3.910234e+00 -3.617276e+01 -7.085082e+01 -8.300000e+01 -8.300000e+01 -8.300000e+01 -8.300000e+01 -8.300000e+01 -8.300000e+01 -8.300000e+01 -8.300000e+01 -8.300000e+01 -8.300000e+01 -8.300000e+01 -8.300000e+01 -8.300000e+01 
2.788252e+01 2.793322e+01 2.808435e+01 2.833302e+01 2.867473e+01 2.910375e+01 2.961350e+01 2.109484e+01 -8.296091e+00 -4.039437e+01 -7.490904e+01 -8.300000e+01 -8.300000e+01 -8.300000e+01 -8.300000e+01 -8.300000e+01 -8.300000e+01 -8.300000e+01 -8.300000e+01 -8.300000e+01 -8.300000e+01 -8.300000e+01 -8.300000e+01 -8.300000e+01 
2.801833e+01 2.806860e+01 2.821842e+01 2.846500e+01 2.880395e+01 2.922965e+01 2.973568e+01 1.575315e+01 -1.344966e+01 -4.535702e+01 -7.968154e+01 -8.300000e+01 -8.300000e+01 -8.300000e+01 -8.300000e+01 -8.300000e+01 -8.300000e+01 -8.300000e+01 -8.300000e+01 -8.300000e+01 -8.300000e+01 -8.300000e+01 -8.300000e+01 -8.300000e+01 
2.817358e+01 2.822335e+01 2.837171e+01 2.861594e+01 2.895178e+01 2.937376e+01 2.987559e+01 9.633363e+00 -1.935681e+01 -5.104806e+01 -8.300000e+01 -8.300000e+01 -8.300000e+01 -8.300000e+01 -8.300000e+01 -8.300000e+01 -8.300000e+01 -8.300000e+01 -8.300000e+01 -8.300000e+01 -8.300000e+01 -8.300000e+01 -8.300000e+01 -8.300000e+01 
2.834769e+01 2.839691e+01 2.854367e+01 2.878532e+01 2.911774e+01 2.953560e+01 2.851718e+01 2.752930e+00 -2.600178e+01 -5.745334e+01 -8.300000e+01 -8.300000e+01 -8.300000e+01 -8.300000e+01 -8.300000e+01 -8.300000e+01 -8.300000e+01 -8.300000e+01 -8.300000e+01 -8.300000e+01 -8.300000e+01 -8.300000e+01 -8.300000e+01 -8.300000e+01 
2.854005e+01 2.858868e+01 2.873370e+01 2.897257e+01 2.930128e+01 2.971469e+01 2.064972e+01 -4.869135e+00 -3.336736e+01 -6.455735e+01 -8.300000e+01 -8.300000e+01 -8.300000e+01 -8.300000e+01 -8.300000e+01 -8.300000e+01 -8.300000e+01 -8.300000e+01 -8.300000e+01 -8.300000e+01 -8.300000e+01 -8.300000e+01 -8.300000e+01 -8.300000e+01 
2.875000e+01 2.879801e+01 2.894118e+01 2.917708e+01 2.950184e+01 2.991049e+01 1.204311e+01 -1.321250e+01 -4.143507e+01 -7.234344e+01 -8.300000e+01 -8.300000e+01 -8.300000e+01 -8.300000e+01 -8.300000e+01 -8.300000e+01 -8.300000e+01 -8.300000e+01 -8.300000e+01 -8.300000e+01 -8.300000e+01 -8.300000e+01 -8.300000e+01 -8.300000e+01 
2.897688e+01 2.902423e+01 2.916546e+01 2.939823e+01 2.971882e+01 2.446608e+01 2.720688e+00 -2.225576e+01 -5.018542e+01 -8.079393e+01 -8.300000e+01 -8.300000e+01 -8.300000e+01 -8.300000e+01 -8.300000e+01 -8.300000e+01 -8.300000e+01 -8.300000e+01 -8.300000e+01 -8.300000e+01 -8.300000e+01 -8.300000e+01 -8.300000e+01 -8.300000e+01 
2.922000e+01 2.926666e+01 2.940587e+01 2.963537e+01 2.995160e+01 1.418207e+01 -7.293383e+00 -3.197666e+01 -5.959805e+01 -8.300000e+01 -8.300000e+01 -8.300000e+01 -8.300000e+01 -8.300000e+01 -8.300000e+01 -8.300000e+01 -8.300000e+01 -8.300000e+01 -8.300000e+01 -8.300000e+01 -8.300000e+01 -8.300000e+01 -8.300000e+01 -8.300000e+01 
2.947866e+01 2.952461e+01 2.966173e+01 2.988785e+01 2.097942e+01 3.220578e+00 -1.797433e+01 -4.235229e+01 -6.965197e+01 -8.300000e+01 -8.300000e+01 -8.300000e+01 -8.300000e+01 -8.300000e+01 -8.300000e+01 -8.300000e+01 -8.300000e+01 -8.300000e+01 -8.300000e+01 -8.300000e+01 -8.300000e+01 -8.300000e+01 -8.300000e+01 -8.300000e+01 
2.975216e+01 2.979738e+01 2.993235e+01 2.299355e+01 9.113277e+00 -8.391525e+00 -2.929704e+01 -5.335937e+01 -8.032572e+01 -8.300000e+01 -8.300000e+01 -8.300000e+01 -8.300000e+01 -8.300000e+01 -8.300000e+01 -8.300000e+01 -8.300000e+01 -8.300000e+01 -8.300000e+01 -8.300000e+01 -8.300000e+01 -8.300000e+01 -8.300000e+01 -8.300000e+01 
2.820098e+01 2.619026e+01 2.018836e+01 1.028394e+01 -3.382363e+00 -2.062731e+01 -4.123621e+01 -6.497434e+01 -8.300000e+01 -8.300000e+01 -8.300000e+01 -8.300000e+01 -8.300000e+01 -8.300000e+01 -8.300000e+01 -8.300000e+01 -8.300000e+01 -8.300000e+01 -8.300000e+01 -8.300000e+01 -8.300000e+01 -8.300000e+01 -8.300000e+01 -8.300000e+01 
1.459091e+01 1.261403e+01 6.712200e+00 -3.030261e+00 -1.647933e+01 -3.345999e+01 -5.376661e+01 -7.717363e+01 -8.300000e+01 -8.300000e+01 -8.300000e+01 -8.300000e+01 -8.300000e+01 -8.300000e+01 -8.300000e+01 -8.300000e+01 -8.300000e+01 -8.300000e+01 -8.300000e+01 -8.300000e+01 -8.300000e+01 -8.300000e+01 -8.300000e+01 -8.300000e+01 
4.026115e-01 -1.540166e+00 -7.341158e+00 -1.692024e+01 -3.014985e+01 -4.686308e+01 -6.686321e+01 -8.300000e+01 -8.300000e+01 -8.300000e+01 -8.300000e+01 -8.300000e+01 -8.300000e+01 -8.300000e+01 -8.300000e+01 -8.300000e+01 -8.300000e+01 -8.300000e+01 -8.300000e+01 -8.300000e+01 -8.300000e+01 -8.300000e+01 -8.300000e+01 -8.300000e+01 
-1.433445e+01 -1.624303e+01 -2.194284e+01 -3.135784e+01 -4.436677e+01 -6.081057e+01 -8.050132e+01 -8.300000e+01 -8.300000e+01 -8.300000e+01 -8.300000e+01 -8.300000e+01 -8.300000e+01 -8.300000e+01 -8.300000e+01 -8.300000e+01 -8.300000e+01 -8.300000e+01 -8.300000e+01 -8.300000e+01 -8.300000e+01 -8.300000e+01 -8.300000e+01 -8.300000e+01 
-2.959174e+01 -3.146617e+01 -3.706487e+01 -4.631572e+01 -5.910358e+01 -7.527706e+01 -8.300000e+01 -8.300000e+01 -8.300000e+01 -8.300000e+01 -8.300000e+01 -8.300000e+01 -8.300000e+01 -8.300000e+01 -8.300000e+01 -8.300000e+01 -8.300000e+01 -8.300000e+01 -8.300000e+01 -8.300000e+01 -8.300000e+01 -8.300000e+01 -8.300000e+01 -8.300000e+01 
-4.534179e+01 -4.718221e+01 -5.268021e+01 -6.176744e+01 -7.433463e+01 -8.300000e+01 -8.300000e+01 -8.300000e+01 -8.300000e+01 -8.300000e+01 -8.300000e+01 -8.300000e+01 -8.300000e+01 -8.300000e+01 -8.300000e+01 -8.300000e+01 -8.300000e+01 -8.300000e+01 -8.300000e+01 -8.300000e+01 -8.300000e+01 -8.300000e+01 -8.300000e+01 -8.300000e+01 
-6.155821e+01 -6.336489e+01 -6.876289e+01 -7.768752e+01 -8.300000e+01 -8.300000e+01 -8.300000e+01 -8.300000e+01 -8.300000e+01 -8.300000e+01 -8.300000e+01 -8.300000e+01 -8.300000e+01 -8.300000e+01 -8.300000e+01 -8.300000e+01 -8.300000e+01 -8.300000e+01 -8.300000e+01 -8.300000e+01 -8.300000e+01 -8.300000e+01 -8.300000e+01 -8.300000e+01 
-7.821578e+01 -7.998905e+01 -8.300000e+01 -8.300000e+01 -8.300000e+01 -8.300000e+01 -8.300000e+01 -8.300000e+01 -8.300000e+01 -8.300000e+01 -8.300000e+01 -8.300000e+01 -8.300000e+01 -8.300000e+01 -8.300000e+01 -8.300000e+01 -8.300000e+01 -8.300000e+01 -8.300000e+01 -8.300000e+01 -8.300000e+01 -8.300000e+01 -8.300000e+01 -8.300000e+01 
SLICE 2 8
-8.919017e+00 -8.934834e+00 -8.971957e+00 -9.032483e+00 -9.119239e+00 -9.233082e+00 -9.366073e+00 -9.494359e+00 -7.562037e+00 -4.740771e+00 -1.573219e+00 5.646223e-01 8.510079e-01 1.112847e+00 1.345152e+00 1.545784e+00 1.715523e+00 1.856581e+00 1.971582e+00 2.063092e+00 2.133401e+00 2.184415e+00 2.217598e+00 2.233940e+00 
-8.911569e+00 -8.927777e+00 -8.965834e+00 -9.028301e+00 -9.119112e+00 -9.240099e+00 -9.377004e+00 -9.514165e+00 -7.564809e+00 -4.741024e+00 -1.563780e+00 5.733741e-01 8.681904e-01 1.131611e+00 1.362909e+00 1.561641e+00 1.729347e+00 1.868535e+00 1.981929e+00 2.072117e+00 2.141387e+00 2.191634e+00 2.224313e+00 2.240405e+00 
-8.897945e+00 -8.914926e+00 -8.954770e+00 -9.020801e+00 -9.119041e+00 -9.254271e+00 -9.392250e+00 -9.551344e+00 -7.470287e+00 -4.632734e+00 -1.447747e+00 6.070690e-01 9.073495e-01 1.170743e+00 1.398911e+00 1.593431e+00 1.756928e+00 1.892335e+00 2.002506e+00 2.090052e+00 2.157249e+00 2.205969e+00 2.237644e+00 2.253239e+00 
-8.876939e+00 -8.895088e+00 -8.937514e+00 -9.008158e+00 -9.114973e+00 -9.269662e+00 -9.406728e+00 -9.640981e+00 -7.286721e+00 -4.418913e+00 -1.228282e+00 6.717946e-01 9.723295e-01 1.231957e+00 1.453678e+00 1.641160e+00 1.798086e+00 1.927743e+00 2.033068e+00 2.116663e+00 2.180766e+00 2.227210e+00 2.257390e+00 2.272245e+00 
-8.848545e+00 -8.868319e+00 -8.914194e+00 -8.989975e+00 -9.101107e+00 -9.250556e+00 -9.402712e+00 -9.716191e+00 -7.007638e+00 -4.096840e+00 -9.029001e-01 7.717567e-01 1.065945e+00 1.316366e+00 1.527344e+00 1.704577e+00 1.852451e+00 1.974371e+00 2.073239e+00 2.151593e+00 2.211606e+00 2.255045e+00 2.283254e+00 2.297133e+00 
-8.813948e+00 -8.835925e+00 -8.886536e+00 -8.969282e+00 -9.084854e+00 -9.216102e+00 -9.356375e+00 -9.216735e+00 -6.609425e+00 -3.664769e+00 -4.636416e-01 9.118483e-01 1.190197e+00 1.424033e+00 1.619373e+00 1.783059e+00 1.919424e+00 2.031659e+00 2.122501e+00 2.194367e+00 2.249327e+00 2.289061e+00 2.314842e+00 2.327520e+00 
-8.775540e+00 -8.800391e+00 -8.857411e+00 -8.950347e+00 -9.076238e+00 -9.181816e+00 -9.312737e+00 -8.707411e+00 -6.135075e+00 -3.154866e+00 1.111015e-01 1.098422e+00 1.345609e+00 1.553541e+00 1.728469e+00 1.875598e+00 1.998172e+00 2.098876e+00 2.180196e+00 2.244386e+00 2.293380e+00 2.328747e+00 2.351669e+00 2.362934e+00 
-8.737007e+00 -8.765307e+00 -8.830120e+00 -8.934856e+00 -9.075419e+00 -9.152976e+00 -9.307120e+00 -8.145121e+00 -5.584803e+00 -2.557362e+00 9.049138e-01 1.335671e+00 1.528499e+00 1.701940e+00 1.852793e+00 1.980911e+00 2.087663e+00 2.175129e+00 2.245530e+00 2.300932e+00 2.343110e+00 2.373496e+00 2.393162e+00 2.402818e+00 
-8.703267e+00 -8.735121e+00 -8.807628e+00 -8.917236e+00 -9.025962e+00 -9.125473e+00 -9.423583e+00 -7.508857e+00 -4.891947e+00 -1.861265e+00 1.524564e+00 1.589805e+00 1.724961e+00 1.864359e+00 1.990176e+00 2.097559e+00 2.186712e+00 2.259379e+00 2.317576e+00 2.363175e+00 2.397765e+00 2.422615e+00 2.438666e+00 2.446538e+00 
-8.679339e+00 -8.713627e+00 -8.791134e+00 -8.897661e+00 -8.948998e+00 -9.094869e+00 -9.467986e+00 -6.769850e+00 -4.062202e+00 -1.072299e+00 1.564936e+00 1.781581e+00 1.918452e+00 2.036810e+00 2.138765e+00 2.224074e+00 2.294009e+00 2.350451e+00 2.395286e+00 2.430177e+00 2.456500e+00 2.475329e+00 2.487454e+00 2.493390e+00 
-8.665213e+00 -8.697568e+00 -8.764647e+00 -8.813003e+00 -8.866629e+00 -9.063341e+00 -8.316285e+00 -5.873388e+00 -3.101710e+00 -1.278478e-01 1.785097e+00 1.995148e+00 2.124903e+00 2.221201e+00 2.297606e+00 2.358997e+00 2.408109e+00 2.447031e+00 2.477492e+00 2.500903e+00 2.518385e+00 2.530791e+00 2.538734e+00 2.542609e+00 
-8.637928e+00 -8.658965e+00 -8.672496e+00 -8.688012e+00 -8.813284e+00 -9.275706e+00 -7.285572e+00 -4.887622e+00 -2.044568e+00 1.025352e+00 2.120793e+00 2.261414e+00 2.354775e+00 2.418779e+00 2.465448e+00 2.500633e+00 2.527384e+00 2.547664e+00 2.562915e+00 2.574228e+00 2.582421e+00 2.588093e+00 2.591659e+00 2.593380e+00 
-8.493059e+00 -8.491468e+00 -8.502135e+00 -8.581062e+00 -8.806437e+00 -8.557490e+00 -6.160476e+00 -3.707783e+00 -8.767107e-01 2.565758e+00 2.544407e+00 2.571304e+00 2.605196e+00 2.627121e+00 2.639970e+00 2.646880e+00 2.649992e+00 2.650755e+00 2.650176e+00 2.648949e+00 2.647547e+00 2.646280e+00 2.645343e+00 2.644848e+00 
-8.285403e+00 -8.303938e+00 -8.370189e+00 -8.574511e+00 -9.094639e+00 -7.102140e+00 -4.900780e+00 -2.366282e+00 3.990657e-01 2.985796e+00 2.946524e+00 2.892488e+00 2.863992e+00 2.840891e+00 2.817937e+00 2.795279e+00 2.773900e+00 2.754585e+00 2.737808e+00 2.723805e+00 2.712658e+00 2.704360e+00 2.698868e+00 2.696136e+00 
-8.160800e+00 -8.217993e+00 -8.369358e+00 -8.772839e+00 -7.673708e+00 -5.639203e+00 -3.494258e+00 -9.135542e-01 1.895391e+00 3.233050e+00 3.250870e+00 3.188030e+00 3.119013e+00 3.054674e+00 2.995896e+00 2.943176e+00 2.896940e+00 2.857344e+00 2.824285e+00 2.797492e+00 2.776621e+00 2.761325e+00 2.751308e+00 2.746356e+00 
-8.252415e+00 -8.376602e+00 -8.657301e+00 -7.721492e+00 -5.916546e+00 -4.071614e+00 -1.849955e+00 6.750066e-01 3.864135e+00 3.699914e+00 3.594151e+00 3.483722e+00 3.370758e+00 3.265238e+00 3.170637e+00 3.087854e+00 3.016857e+00 2.957162e+00 2.908044e+00 2.868688e+00 2.838297e+00 2.816168e+00 2.801739e+00 2.794623e+00 
-8.275606e+00 -7.926265e+00 -6.957527e+00 -5.644580e+00 -4.133350e+00 -2.314689e+00 -6.687160e-02 2.428644e+00 4.415574e+00 4.178261e+00 3.961964e+00 3.781680e+00 3.617293e+00 3.469194e+00 3.338886e+00 3.226523e+00 3.131348e+00 3.052145e+00 2.987518e+00 2.936079e+00 2.896562e+00 2.867897e+00 2.849256e+00 2.840078e+00 
-5.686740e+00 -5.426150e+00 -4.718720e+00 -3.643992e+00 -2.222380e+00 -3.177626e-01 1.836600e+00 4.603087e+00 4.770566e+00 4.562504e+00 4.306785e+00 4.067619e+00 3.852426e+00 3.662211e+00 3.497145e+00 3.356330e+00 3.238096e+00 3.140408e+00 3.061164e+00 2.998383e+00 2.950327e+00 2.915562e+00 2.892997e+00 2.881898e+00 
-3.386069e+00 -3.163183e+00 -2.545133e+00 -1.511728e+00 -2.270933e-03 1.805932e+00 3.965373e+00 5.803343e+00 5.283339e+00 4.945195e+00 4.628245e+00 4.333617e+00 4.070075e+00 3.839696e+00 3.641812e+00 3.474415e+00 3.334822e+00 3.220128e+00 3.127504e+00 3.054385e+00 2.998569e+00 2.958273e+00 2.932154e+00 2.919319e+00 
-1.032627e+00 -7.969468e-01 -1.263566e-01 9.622491e-01 2.376436e+00 4.148943e+00 6.612496e+00 6.141558e+00 5.743945e+00 5.316109e+00 4.925232e+00 4.573857e+00 4.264510e+00 3.997053e+00 3.769314e+00 3.578000e+00 3.419353e+00 3.289585e+00 3.185163e+00 3.102961e+00 3.040347e+00 2.995216e+00 2.965997e+00 2.951646e+00 
1.767895e+00 1.995303e+00 2.620950e+00 3.577246e+00 4.931619e+00 6.851376e+00 7.221060e+00 6.637487e+00 6.124399e+00 5.632693e+00 5.181310e+00 4.779571e+00 4.429621e+00 4.129748e+00 3.876238e+00 3.664491e+00 3.489692e+00 3.347226e+00 3.232908e+00 3.143115e+00 3.074835e+00 3.025681e+00 2.993884e+00 2.978276e+00 
4.738701e+00 4.912663e+00 5.448105e+00 6.408409e+00 7.897639e+00 8.520860e+00 7.655668e+00 7.068946e+00 6.458571e+00 5.893657e+00 5.387409e+00 4.943035e+00 4.559679e+00 4.233596e+00 3.959506e+00 3.731593e+00 3.544105e+00 3.391714e+00 3.269693e+00 3.174007e+00 3.101338e+00 3.049073e+00 3.015285e+00 2.998705e+00 
7.976256e+00 8.124542e+00 8.673814e+00 9.739384e+00 9.811302e+00 8.828504e+00 8.127180e+00 7.384718e+00 6.700640e+00 6.080776e+00 5.532835e+00 5.057013e+00 4.649647e+00 4.305040e+00 4.016566e+00 3.777439e+00 3.581200e+00 3.421990e+00 3.294692e+00 3.194980e+00 3.119316e+00 3.064930e+00 3.029786e+00 3.012545e+00 
1.188790e+01 1.197898e+01 1.189488e+01 1.097947e+01 1.001377e+01 9.211019e+00 8.357946e+00 7.562792e+00 6.831589e+00 6.179370e+00 5.608356e+00 5.115668e+00 4.695682e+00 4.341461e+00 4.045579e+00 3.800707e+00 3.599998e+00 3.437317e+00 3.307338e+00 3.205581e+00 3.128399e+00 3.072939e+00 3.037108e+00 3.019532e+00 
SLICE 3 8
0.000000e+00 0.000000e+00 0.000000e+00 0.000000e+00 0.000000e+00 0.000000e+00 0.000000e+00 0.000000e+00 0.000000e+00 0.000000e+00 0.000000e+00 0.000000e+00 0.000000e+00 0.000000e+00 0.000000e+00 0.000000e+00 0.000000e+00 0.000000e+00 0.000000e+00 0.000000e+00 0.000000e+00 0.000000e+00 0.000000e+00 0.000000e+00 
-7.483850e+00 -7.469205e+00 -7.438326e+00 -7.386945e+00 -7.304273e+00 -7.159898e+00 -6.878066e+00 -6.388799e+00 -5.351358e+00 -3.939662e+00 -2.384187e+00 -1.085298e+00 -2.890540e-01 2.480809e-01 6.392031e-01 9.384953e-01 1.173872e+00 1.361024e+00 1.509580e+00 1.625915e+00 1.714465e+00 1.778379e+00 1.819838e+00 1.840230e+00 
-6.292786e+00 -6.264254e+00 -6.204441e+00 -6.107631e+00 -5.962446e+00 -5.745968e+00 -5.419211e+00 -4.947477e+00 -4.268472e+00 -3.421293e+00 -2.494118e+00 -1.622984e+00 -9.108977e-01 -3.519068e-01 8.475474e-02 4.281875e-01 7.004132e-01 9.169439e-01 1.088532e+00 1.222683e+00 1.324692e+00 1.398289e+00 1.446027e+00 1.469509e+00 
-5.375000e+00 -5.342617e+00 -5.275554e+00 -5.169126e+00 -5.015232e+00 -4.800801e+00 -4.508369e+00 -4.123444e+00 -3.634090e+00 -3.055463e+00 -2.425127e+00 -1.798582e+00 -1.226551e+00 -7.317877e-01 -3.167444e-01 2.577254e-02 3.057914e-01 5.328974e-01 7.151040e-01 8.587127e-01 9.685107e-01 1.048024e+00 1.099728e+00 1.125198e+00 
-4.678462e+00 -4.646723e+00 -4.581636e+00 -4.479981e+00 -4.336720e+00 -4.144914e+00 -3.896757e+00 -3.586557e+00 -3.212775e+00 -2.783874e+00 -2.318600e+00 -1.843929e+00 -1.387671e+00 -9.698586e-01 -6.007567e-01 -2.829817e-01 -1.458945e-02 2.084116e-01 3.905014e-01 5.358530e-01 6.479991e-01 7.297323e-01 7.831053e-01 8.094604e-01 
-4.145400e+00 -4.116018e+00 -4.056216e+00 -3.963972e+00 -3.836353e+00 -3.669774e+00 -3.460763e+00 -3.207360e+00 -2.910477e+00 -2.575763e+00 -2.214061e+00 -1.840542e+00 -1.471898e+00 -1.122685e+00 -8.031575e-01 -5.189965e-01 -2.722225e-01 -6.246654e-02 1.119159e-01 2.530577e-01 3.630951e-01 4.438983e-01 4.969335e-01 5.231992e-01 
-3.730810e+00 -3.704275e+00 -3.650576e+00 -3.568524e+00 -3.456504e+00 -3.312748e+00 -3.135836e+00 -2.925436e+00 -2.683071e+00 -2.412894e+00 -2.121953e+00 -1.819800e+00 -1.517263e+00 -1.224722e+00 -9.506946e-01 -7.011680e-01 -4.796636e-01 -2.877294e-01 -1.255643e-01 7.418446e-03 1.121610e-01 1.896649e-01 2.408033e-01 2.662078e-01 
-3.402804e+00 -3.379102e+00 -3.331345e+00 -3.258888e+00 -3.160918e+00 -3.036669e+00 -2.885750e+00 -2.708562e+00 -2.506739e+00 -2.283523e+00 -2.043910e+00 -1.794449e+00 -1.542634e+00 -1.296022e+00 -1.061368e+00 -8.440565e-01 -6.479104e-01 -4.753094e-01 -3.274862e-01 -2.048686e-01 -1.073933e-01 -3.475495e-02 1.341178e-02 3.741067e-02 
-3.139273e+00 -3.118199e+00 -3.075878e+00 -3.012009e+00 -2.926264e+00 -2.818445e+00 -2.688691e+00 -2.537737e+00 -2.367169e+00 -2.179627e+00 -1.978881e+00 -1.769714e+00 -1.557600e+00 -1.348204e+00 -1.146860e+00 -9.581576e-01 -7.857144e-01 -6.321455e-01 -4.991750e-01 -3.878202e-01 -2.985947e-01 -2.316915e-01 -1.871313e-01 -1.648704e-01 
-2.924790e+00 -2.906080e+00 -2.868599e+00 -2.812263e+00 -2.737037e+00 -2.643043e+00 -2.530699e+00 -2.400881e+00 -2.255074e+00 -2.095491e+00 -1.925110e+00 -1.747600e+00 -1.567131e+00 -1.388079e+00 -1.214700e+00 -1.050838e+00 -8.997329e-01 -7.639393e-01 -6.453466e-01 -5.452659e-01 -4.645487e-01 -4.037099e-01 -3.630360e-01 -3.426703e-01 
-2.748411e+00 -2.731793e+00 -2.698568e+00 -2.648785e+00 -2.582582e+00 -2.500261e+00 -2.402382e+00 -2.289863e+00 -2.164077e+00 -2.026916e+00 -1.880812e+00 -1.728686e+00 -1.573827e+00 -1.419708e+00 -1.269773e+00 -1.127238e+00 -9.949361e-01 -8.752319e-01 -7.700001e-01 -6.806568e-01 -6.082216e-01 -5.533937e-01 -5.166246e-01 -4.981794e-01 
-2.602207e+00 -2.587426e+00 -2.557918e+00 -2.513813e+00 -2.455349e+00 -2.382925e+00 -2.297164e+00 -2.198978e+00 -2.089624e+00 -1.970746e+00 -1.844383e+00 -1.712926e+00 -1.579043e+00 -1.445555e+00 -1.315295e+00 -1.190965e+00 -1.075020e+00 -9.695922e-01 -8.764501e-01 -7.970030e-01 -7.323272e-01 -6.832080e-01 -6.501854e-01 -6.335943e-01 
-2.480320e+00 -2.467143e+00 -2.440869e+00 -2.401673e+00 -2.349848e+00 -2.285841e+00 -2.210293e+00 -2.124083e+00 -2.028361e+00 -1.924572e+00 -1.814455e+00 -1.700016e+00 -1.583468e+00 -1.467149e+00 -1.353424e+00 -1.244582e+00 -1.142747e+00 -1.049816e+00 -9.674131e-01 -8.968798e-01 -8.392804e-01 -7.954216e-01 -7.658782e-01 -7.510173e-01 
-2.378342e+00 -2.366559e+00 -2.343087e+00 -2.308126e+00 -2.261994e+00 -2.205157e+00 -2.138249e+00 -2.062101e+00 -1.977767e+00 -1.886528e+00 -1.789892e+00 -1.689570e+00 -1.587434e+00 -1.485458e+00 -1.385641e+00 -1.289941e+00 -1.200202e+00 -1.118101e+00 -1.045107e+00 -9.824659e-01 -9.311914e-01 -8.920717e-01 -8.656814e-01 -8.523943e-01 
-2.292904e+00 -2.282326e+00 -2.261273e+00 -2.229953e+00 -2.188695e+00 -2.137963e+00 -2.078370e+00 -2.010699e+00 -1.935913e+00 -1.855157e+00 -1.769758e+00 -1.681197e+00 -1.591084e+00 -1.501108e+00 -1.412985e+00 -1.328406e+00 -1.248978e+00 -1.176182e+00 -1.111340e+00 -1.055592e+00 -1.009880e+00 -9.749540e-01 -9.513664e-01 -9.394822e-01 
-2.221397e+00 -2.211856e+00 -2.192878e+00 -2.164674e+00 -2.127572e+00 -2.082024e+00 -2.028617e+00 -1.968083e+00 -1.901304e+00 -1.829316e+00 -1.753294e+00 -1.674541e+00 -1.594459e+00 -1.514517e+00 -1.436206e+00 -1.360998e+00 -1.290306e+00 -1.225441e+00 -1.167591e+00 -1.117787e+00 -1.076901e+00 -1.045629e+00 -1.024491e+00 -1.013837e+00 
-2.161785e+00 -2.153128e+00 -2.135917e+00 -2.110361e+00 -2.076780e+00 -2.035610e+00 -1.987408e+00 -1.932860e+00 -1.872778e+00 -1.808101e+00 -1.739885e+00 -1.669291e+00 -1.597557e+00 -1.525974e+00 -1.455855e+00 -1.388497e+00 -1.325150e+00 -1.266985e+00 -1.215065e+00 -1.170328e+00 -1.133570e+00 -1.105434e+00 -1.086407e+00 -1.076812e+00 
-2.112466e+00 -2.104554e+00 -2.088831e+00 -2.065502e+00 -2.034875e+00 -1.997369e+00 -1.953511e+00 -1.903944e+00 -1.849419e+00 -1.790799e+00 -1.729041e+00 -1.665188e+00 -1.600350e+00 -1.535680e+00 -1.472345e+00 -1.411503e+00 -1.354271e+00 -1.301698e+00 -1.254747e+00 -1.214268e+00 -1.180991e+00 -1.155506e+00 -1.138265e+00 -1.129569e+00 
-2.072181e+00 -2.064887e+00 -2.050398e+00 -2.028913e+00 -2.000728e+00 -1.966243e+00 -1.925961e+00 -1.880484e+00 -1.830515e+00 -1.776849e+00 -1.720367e+00 -1.662018e+00 -1.602810e+00 -1.543783e+00 -1.485994e+00 -1.430486e+00 -1.378268e+00 -1.330294e+00 -1.287437e+00 -1.250476e+00 -1.220079e+00 -1.196794e+00 -1.181037e+00 -1.173087e+00 
-2.039943e+00 -2.033150e+00 -2.019662e+00 -1.999668e+00 -1.973456e+00 -1.941410e+00 -1.904007e+00 -1.861820e+00 -1.815508e+00 -1.765814e+00 -1.713555e+00 -1.659610e+00 -1.604905e+00 -1.550394e+00 -1.497044e+00 -1.445810e+00 -1.397617e+00 -1.353338e+00 -1.313777e+00 -1.279653e+00 -1.251584e+00 -1.230078e+00 -1.215522e+00 -1.208179e+00 
-2.014990e+00 -2.008590e+00 -1.995883e+00 -1.977054e+00 -1.952382e+00 -1.922235e+00 -1.887074e+00 -1.847442e+00 -1.803968e+00 -1.757354e+00 -1.708367e+00 -1.657831e+00 -1.606610e+00 -1.555594e+00 -1.505681e+00 -1.457758e+00 -1.412685e+00 -1.371275e+00 -1.334276e+00 -1.302360e+00 -1.276105e+00 -1.255986e+00 -1.242368e+00 -1.235497e+00 
-1.996748e+00 -1.990637e+00 -1.978505e+00 -1.960534e+00 -1.936995e+00 -1.908244e+00 -1.874728e+00 -1.836971e+00 -1.795577e+00 -1.751216e+00 -1.704623e+00 -1.656579e+00 -1.607905e+00 -1.559444e+00 -1.512043e+00 -1.466542e+00 -1.423753e+00 -1.384444e+00 -1.349324e+00 -1.319027e+00 -1.294104e+00 -1.275004e+00 -1.262076e+00 -1.255552e+00 
-1.984807e+00 -1.978886e+00 -1.967133e+00 -1.949726e+00 -1.926931e+00 -1.899098e+00 -1.866662e+00 -1.830135e+00 -1.790104e+00 -1.747221e+00 -1.702195e+00 -1.655783e+00 -1.608777e+00 -1.561987e+00 -1.516231e+00 -1.472317e+00 -1.431024e+00 -1.393092e+00 -1.359203e+00 -1.329969e+00 -1.305919e+00 -1.287489e+00 -1.275014e+00 -1.268719e+00 
-1.978902e+00 -1.973075e+00 -1.961510e+00 -1.944383e+00 -1.921957e+00 -1.894579e+00 -1.862678e+00 -1.826760e+00 -1.787404e+00 -1.745251e+00 -1.701001e+00 -1.655397e+00 -1.609215e+00 -1.563252e+00 -1.518310e+00 -1.475179e+00 -1.434626e+00 -1.397376e+00 -1.364097e+00 -1.335389e+00 -1.311772e+00 -1.293674e+00 -1.281423e+00 -1.275241e+00 
SLICE 1 15
1.963636e+01 1.963825e+01 1.964389e+01 1.965315e+01 1.966587e+01 1.968182e+01 1.970075e+01 1.972238e+01 1.974646e+01 1.977273e+01 1.980093e+01 1.983086e+01 1.986230e+01 1.989508e+01 1.992905e+01 1.996406e+01 2.000000e+01 2.101082e+01 2.204163e+01 2.309026e+01 2.415476e+01 2.523347e+01 2.632491e+01 2.742780e+01 
1.964517e+01 1.964702e+01 1.965251e+01 1.966156e+01 1.967397e+01 1.968954e+01 1.970802e+01 1.972915e+01 1.975266e+01 1.977830e+01 1.980584e+01 1.983506e+01 1.986576e+01 1.989777e+01 1.993094e+01 1.996513e+01 2.000646e+01 2.101702e+01 2.204760e+01 2.309600e+01 2.416030e+01 2.523881e+01 2.633006e+01 2.743278e+01 
1.965432e+01 1.965612e+01 1.966149e+01 1.967030e+01 1.968241e+01 1.969760e+01 1.971563e+01 1.973624e+01 1.975919e+01 1.978421e+01 1.981109e+01 1.983962e+01 1.986959e+01 1.990085e+01 1.993323e+01 1.996662e+01 2.002581e+01 2.103563e+01 2.206550e+01 2.311323e+01 2.417690e+01 2.525482e+01 2.634552e+01 2.744771e+01 
1.966379e+01 1.966555e+01 1.967077e+01 1.967937e+01 1.969117e+01 1.970598e+01 1.972356e+01 1.974366e+01 1.976603e+01 1.979045e+01 1.981667e+01 1.984451e+01 1.987377e+01 1.990428e+01 1.993590e+01 1.996850e+01 2.005804e+01 2.106661e+01 2.209530e+01 2.314193e+01 2.420455e+01 2.528148e+01 2.637125e+01 2.747257e+01 
1.967356e+01 1.967526e+01 1.968035e+01 1.968872e+01 1.970022e+01 1.971464e+01 1.973177e+01 1.975136e+01 1.977317e+01 1.979698e+01 1.982256e+01 1.984971e+01 1.987826e+01 1.990804e+01 1.993891e+01 1.997074e+01 2.010309e+01 2.110992e+01 2.213697e+01 2.318205e+01 2.424321e+01 2.531877e+01 2.640725e+01 2.750735e+01 
1.968358e+01 1.968524e+01 1.969019e+01 1.969833e+01 1.970952e+01 1.972356e+01 1.974024e+01 1.975932e+01 1.978057e+01 1.980378e+01 1.982872e+01 1.985520e+01 1.988305e+01 1.991211e+01 1.994224e+01 1.997332e+01 2.016090e+01 2.116550e+01 2.219045e+01 2.323355e+01 2.429284e+01 2.536665e+01 2.645347e+01 2.755201e+01 
1.969384e+01 1.969545e+01 1.970026e+01 1.970818e+01 1.971906e+01 1.973271e+01 1.974894e+01 1.976752e+01 1.978822e+01 1.981082e+01 1.983513e+01 1.986095e+01 1.988812e+01 1.991647e+01 1.994587e+01 1.997620e+01 2.023137e+01 2.123327e+01 2.225568e+01 2.329637e+01 2.435340e+01 2.542506e+01 2.650987e+01 2.760651e+01 
1.970430e+01 1.970587e+01 1.971054e+01 1.971823e+01 1.972880e+01 1.974208e+01 1.975786e+01 1.977593e+01 1.979608e+01 1.981810e+01 1.984178e+01 1.986695e+01 1.989343e+01 1.992108e+01 1.994977e+01 1.997938e+01 2.031440e+01 2.131314e+01 2.233256e+01 2.337043e+01 2.442480e+01 2.549395e+01 2.657639e+01 2.767080e+01 
1.971494e+01 1.971646e+01 1.972100e+01 1.972846e+01 1.973873e+01 1.975162e+01 1.976696e+01 1.978454e+01 1.980414e+01 1.982557e+01 1.984863e+01 1.987316e+01 1.989897e+01 1.992594e+01 1.995393e+01 1.998283e+01 2.040986e+01 2.140499e+01 2.242100e+01 2.345564e+01 2.450697e+01 2.557325e+01 2.665298e+01 2.774483e+01 
1.972573e+01 1.972720e+01 1.973160e+01 1.973884e+01 1.974881e+01 1.976133e+01 1.977623e+01 1.979331e+01 1.981237e+01 1.983323e+01 1.985568e+01 1.987957e+01 1.990473e+01 1.993102e+01 1.995832e+01 1.998652e+01 2.051763e+01 2.150871e+01 2.252089e+01 2.355191e+01 2.459982e+01 2.566287e+01 2.673955e+01 2.782852e+01 
1.973664e+01 1.973807e+01 1.974233e+01 1.974935e+01 1.975902e+01 1.977117e+01 1.978563e+01 1.980223e+01 1.982076e+01 1.984104e+01 1.986290e+01 1.988616e+01 1.991067e+01 1.993631e+01 1.996293e+01 1.999044e+01 2.063753e+01 2.162415e+01 2.263210e+01 2.365913e+01 2.470325e+01 2.576273e+01 2.683603e+01 2.792181e+01 
1.974765e+01 1.974903e+01 1.975316e+01 1.975997e+01 1.976933e+01 1.978112e+01 1.979516e+01 1.981127e+01 1.982928e+01 1.984900e+01 1.987026e+01 1.989291e+01 1.991679e+01 1.994177e+01 1.996773e+01 1.999457e+01 2.076941e+01 2.175117e+01 2.275450e+01 2.377716e+01 2.481715e+01 2.587272e+01 2.694233e+01 2.802461e+01 
1.975873e+01 1.976007e+01 1.976407e+01 1.977066e+01 1.977973e+01 1.979116e+01 1.980478e+01 1.982042e+01 1.983791e+01 1.985708e+01 1.987776e+01 1.989980e+01 1.992306e+01 1.994740e+01 1.997272e+01 1.999890e+01 2.091308e+01 2.188959e+01 2.288795e+01 2.390588e+01 2.494140e+01 2.599274e+01 2.705835e+01 2.813684e+01 
1.976986e+01 1.977116e+01 1.977503e+01 1.978141e+01 1.979020e+01 1.980127e+01 1.981447e+01 1.982965e+01 1.984664e+01 1.986526e+01 1.988538e+01 1.990682e+01 1.992947e+01 1.995318e+01 1.997786e+01 2.012212e+01 2.106834e+01 2.203925e+01 2.303227e+01 2.404515e+01 2.507588e+01 2.612267e+01 2.718398e+01 2.825840e+01 
1.978102e+01 1.978227e+01 1.978602e+01 1.979219e+01 1.980070e+01 1.981143e+01 1.982423e+01 1.983895e+01 1.985544e+01 1.987354e+01 1.989309e+01 1.991395e+01 1.993600e+01 1.995910e+01 1.998315e+01 2.029501e+01 2.123499e+01 2.219995e+01 2.318732e+01 2.419482e+01 2.522044e+01 2.626239e+01 2.731911e+01 2.838918e+01 
1.979219e+01 1.979340e+01 1.979702e+01 1.980299e+01 1.981123e+01 1.982162e+01 1.983402e+01 1.984830e+01 1.986430e+01 1.988188e+01 1.990088e+01 1.992118e+01 1.994263e+01 1.996514e+01 1.998858e+01 2.047939e+01 2.141282e+01 2.237151e+01 2.335290e+01 2.435472e+01 2.537494e+01 2.641177e+01 2.746362e+01 2.852908e+01 
1.980334e+01 1.980451e+01 1.980801e+01 1.981379e+01 1.982176e+01 1.983182e+01 1.984384e+01 1.985768e+01 1.987321e+01 1.989028e+01 1.990874e+01 1.992848e+01 1.994936e+01 1.997128e+01 1.999412e+01 2.067503e+01 2.160159e+01 2.255371e+01 2.352884e+01 2.452469e+01 2.553923e+01 2.657067e+01 2.761740e+01 2.867799e+01 
1.981447e+01 1.981560e+01 1.981899e+01 1.982457e+01 1.983228e+01 1.984202e+01 1.985366e+01 1.986708e+01 1.988214e+01 1.989871e+01 1.991666e+01 1.993585e+01 1.995617e+01 1.997751e+01 1.999977e+01 2.088166e+01 2.180108e+01 2.274636e+01 2.371494e+01 2.470455e+01 2.571316e+01 2.673894e+01 2.778030e+01 2.883579e+01 
1.982555e+01 1.982665e+01 1.982992e+01 1.983532e+01 1.984278e+01 1.985220e+01 1.986348e+01 1.987649e+01 1.989110e+01 1.990718e+01 1.992461e+01 1.994327e+01 1.996304e+01 1.998382e+01 2.021601e+01 2.109903e+01 2.201106e+01 2.294923e+01 2.391102e+01 2.489414e+01 2.589656e+01 2.691645e+01 2.795219e+01 2.900235e+01 
1.983658e+01 1.983764e+01 1.984080e+01 1.984602e+01 1.985323e+01 1.986235e+01 1.987327e+01 1.988588e+01 1.990005e+01 1.991566e+01 1.993260e+01 1.995074e+01 1.996997e+01 1.999020e+01 2.045176e+01 2.132687e+01 2.223127e+01 2.316211e+01 2.411687e+01 2.509326e+01 2.608926e+01 2.710303e+01 2.813294e+01 2.917754e+01 
1.984753e+01 1.984855e+01 1.985161e+01 1.985666e+01 1.986364e+01 1.987246e+01 1.988304e+01 1.989525e+01 1.990900e+01 1.992415e+01 1.994060e+01 1.995823e+01 1.997694e+01 1.999663e+01 2.069790e+01 2.156492e+01 2.246147e+01 2.338476e+01 2.433227e+01 2.530173e+01 2.629109e+01 2.729853e+01 2.832240e+01 2.936124e+01 
1.985840e+01 1.985939e+01 1.986234e+01 1.986723e+01 1.987397e+01 1.988251e+01 1.989276e+01 1.990459e+01 1.991792e+01 1.993263e+01 1.994860e+01 1.996574e+01 1.998395e+01 2.012829e+01 2.095416e+01 2.181288e+01 2.270141e+01 2.361697e+01 2.455703e+01 2.551935e+01 2.650188e+01 2.750278e+01 2.852042e+01 2.955330e+01 
1.986918e+01 1.987014e+01 1.987299e+01 1.987771e+01 1.988424e+01 1.989250e+01 1.990242e+01 1.991389e+01 1.992682e+01 1.994109e+01 1.995661e+01 1.997327e+01 1.999097e+01 2.040300e+01 2.122022e+01 2.207051e+01 2.295085e+01 2.385849e+01 2.479094e+01 2.574593e+01 2.672144e+01 2.771563e+01 2.872684e+01 2.975360e+01 
1.987986e+01 1.988079e+01 1.988354e+01 1.988811e+01 1.989442e+01 1.990242e+01 1.991202e+01 1.992314e+01 1.993567e+01 1.994952e+01 1.996459e+01 1.998079e+01 1.999801e+01 2.068735e+01 2.149580e+01 2.233752e+01 2.320953e+01 2.410910e+01 2.503377e+01 2.598128e+01 2.694961e+01 2.793691e+01 2.894153e+01 2.996198e+01 
SLICE 2 15
-1.863797e-01 -1.876017e-01 -1.902416e-01 -1.943486e-01 -1.999916e-01 -2.072596e-01 -2.162621e-01 -2.271260e-01 -2.399910e-01 -2.550015e-01 -2.722969e-01 -2.919978e-01 -3.141887e-01 -3.388841e-01 -3.659681e-01 -3.951268e-01 -4.256895e-01 -5.439356e-01 -6.673508e-01 -7.942636e-01 -9.222009e-01 -1.047903e+00 -1.167409e+00 -1.276496e+00 
-1.889303e-01 -1.901193e-01 -1.926848e-01 -1.966750e-01 -2.021585e-01 -2.092245e-01 -2.179821e-01 -2.285587e-01 -2.410937e-01 -2.557321e-01 -2.726133e-01 -2.918586e-01 -3.135541e-01 -3.377190e-01 -3.642440e-01 -3.927906e-01 -4.229089e-01 -5.407854e-01 -6.640361e-01 -7.909014e-01 -9.188755e-01 -1.044671e+00 -1.164289e+00 -1.273454e+00 
-1.915033e-01 -1.926416e-01 -1.950989e-01 -1.989219e-01 -2.041776e-01 -2.109535e-01 -2.193573e-01 -2.295143e-01 -2.415623e-01 -2.556449e-01 -2.719005e-01 -2.904501e-01 -3.113808e-01 -3.347205e-01 -3.603816e-01 -3.880556e-01 -4.189264e-01 -5.362353e-01 -6.591469e-01 -7.858648e-01 -9.138522e-01 -1.039776e+00 -1.159560e+00 -1.268830e+00 
-1.941053e-01 -1.951764e-01 -1.974934e-01 -2.011005e-01 -2.060620e-01 -2.124624e-01 -2.204058e-01 -2.300136e-01 -2.414202e-01 -2.547659e-01 -2.701871e-01 -2.878031e-01 -3.077015e-01 -3.299195e-01 -3.544044e-01 -3.809285e-01 -4.135957e-01 -5.301817e-01 -6.526074e-01 -7.790865e-01 -9.070657e-01 -1.033156e+00 -1.153165e+00 -1.262567e+00 
-1.967477e-01 -1.977364e-01 -1.998826e-01 -2.032277e-01 -2.078319e-01 -2.137751e-01 -2.211555e-01 -2.300889e-01 -2.407037e-01 -2.531355e-01 -2.675173e-01 -2.839665e-01 -3.025697e-01 -3.233708e-01 -3.463511e-01 -3.713818e-01 -4.068508e-01 -5.225411e-01 -6.443309e-01 -7.704750e-01 -8.984214e-01 -1.024721e+00 -1.145030e+00 -1.254611e+00 
-1.994459e-01 -2.003384e-01 -2.022859e-01 -2.053262e-01 -2.095143e-01 -2.149233e-01 -2.216441e-01 -2.297836e-01 -2.394623e-01 -2.508088e-01 -2.639516e-01 -2.790069e-01 -2.960620e-01 -3.151662e-01 -3.363253e-01 -3.594711e-01 -3.986992e-01 -5.132534e-01 -6.342282e-01 -7.599197e-01 -8.877969e-01 -1.014359e+00 -1.135074e+00 -1.244908e+00 
-2.022192e-01 -2.030031e-01 -2.047269e-01 -2.074237e-01 -2.111422e-01 -2.159468e-01 -2.219184e-01 -2.291526e-01 -2.377589e-01 -2.478563e-01 -2.595672e-01 -2.730082e-01 -2.882743e-01 -3.054346e-01 -3.245532e-01 -3.458021e-01 -3.892479e-01 -5.022838e-01 -6.222146e-01 -7.472940e-01 -8.750401e-01 -1.001923e+00 -1.123194e+00 -1.233413e+00 
-2.050897e-01 -2.057544e-01 -2.072329e-01 -2.095528e-01 -2.127547e-01 -2.168927e-01 -2.220346e-01 -2.282623e-01 -2.356704e-01 -2.443644e-01 -2.544580e-01 -2.660683e-01 -2.793073e-01 -2.942859e-01 -3.111681e-01 -3.303338e-01 -3.784678e-01 -4.896116e-01 -6.082162e-01 -7.324575e-01 -8.599648e-01 -9.872260e-01 -1.109259e+00 -1.220070e+00 
-2.080817e-01 -2.086185e-01 -2.098341e-01 -2.117495e-01 -2.143957e-01 -2.178142e-01 -2.220577e-01 -2.271901e-01 -2.332874e-01 -2.404369e-01 -2.487375e-01 -2.583026e-01 -2.692614e-01 -2.817706e-01 -2.960775e-01 -3.126573e-01 -3.662189e-01 -4.752639e-01 -5.921731e-01 -7.152545e-01 -8.423443e-01 -9.700214e-01 -1.093073e+00 -1.204781e+00 
-2.112204e-01 -2.116230e-01 -2.125625e-01 -2.140524e-01 -2.161128e-01 -2.187705e-01 -2.220599e-01 -2.260240e-01 -2.307153e-01 -2.361962e-01 -2.425430e-01 -2.498535e-01 -2.582623e-01 -2.679551e-01 -2.792271e-01 -2.926417e-01 -3.523675e-01 -4.591940e-01 -5.740101e-01 -6.955113e-01 -8.219028e-01 -9.499745e-01 -1.074327e+00 -1.187325e+00 
-2.145304e-01 -2.147950e-01 -2.154501e-01 -2.165012e-01 -2.179558e-01 -2.198243e-01 -2.221203e-01 -2.248621e-01 -2.280735e-01 -2.317855e-01 -2.360409e-01 -2.409046e-01 -2.464894e-01 -2.529756e-01 -2.606459e-01 -2.701182e-01 -3.369462e-01 -4.414641e-01 -5.536938e-01 -6.730524e-01 -7.983100e-01 -9.266222e-01 -1.052490e+00 -1.167192e+00 
-2.180340e-01 -2.181591e-01 -2.185270e-01 -2.191342e-01 -2.199746e-01 -2.210404e-01 -2.223223e-01 -2.238104e-01 -2.254952e-01 -2.273688e-01 -2.294300e-01 -2.316913e-01 -2.342041e-01 -2.370821e-01 -2.404516e-01 -2.445091e-01 -3.209192e-01 -4.224427e-01 -5.312943e-01 -6.477285e-01 -7.711881e-01 -8.993496e-01 -1.026725e+00 -1.143399e+00 
-2.217484e-01 -2.217356e-01 -2.218192e-01 -2.219862e-01 -2.222165e-01 -2.224828e-01 -2.227512e-01 -2.229808e-01 -2.231242e-01 -2.231288e-01 -2.229398e-01 -2.225037e-01 -2.217755e-01 -2.207241e-01 -2.190546e-01 -2.132267e-01 -3.050492e-01 -4.025548e-01 -5.069694e-01 -6.194406e-01 -7.401434e-01 -8.674328e-01 -9.959390e-01 -1.114479e+00 
-2.256838e-01 -2.255375e-01 -2.253456e-01 -2.250856e-01 -2.247231e-01 -2.242113e-01 -2.234903e-01 -2.224865e-01 -2.211115e-01 -2.192625e-01 -2.168242e-01 -2.136742e-01 -2.096798e-01 -2.046914e-01 -1.985661e-01 -2.028363e-01 -2.904119e-01 -3.822158e-01 -4.809726e-01 -5.881782e-01 -7.048233e-01 -8.301715e-01 -9.591567e-01 -1.079158e+00 
-2.298399e-01 -2.295673e-01 -2.291147e-01 -2.284506e-01 -2.275266e-01 -2.262769e-01 -2.246161e-01 -2.224372e-01 -2.196093e-01 -2.159754e-01 -2.113520e-01 -2.055444e-01 -1.983807e-01 -1.898294e-01 -1.805192e-01 -1.977812e-01 -2.767951e-01 -3.619042e-01 -4.537201e-01 -5.540778e-01 -6.649718e-01 -7.869899e-01 -9.159861e-01 -1.038086e+00 
-2.342034e-01 -2.338147e-01 -2.331220e-01 -2.320858e-01 -2.306453e-01 -2.287170e-01 -2.261919e-01 -2.229315e-01 -2.187636e-01 -2.134743e-01 -2.068026e-01 -1.984497e-01 -1.881483e-01 -1.758407e-01 -1.624123e-01 -1.917649e-01 -2.645855e-01 -3.424156e-01 -4.258991e-01 -5.175055e-01 -6.204511e-01 -7.372244e-01 -8.657305e-01 -9.916249e-01 
-2.387455e-01 -2.382532e-01 -2.373463e-01 -2.359786e-01 -2.340788e-01 -2.315491e-01 -2.282604e-01 -2.240480e-01 -2.187029e-01 -2.119576e-01 -2.034691e-01 -1.927921e-01 -1.794108e-01 -1.628383e-01 -1.432431e-01 -1.872987e-01 -2.551543e-01 -3.249592e-01 -3.985665e-01 -4.791783e-01 -5.713231e-01 -6.799478e-01 -8.064485e-01 -9.376678e-01 
-2.434195e-01 -2.428380e-01 -2.417468e-01 -2.400946e-01 -2.378030e-01 -2.347638e-01 -2.308346e-01 -2.258326e-01 -2.195227e-01 -2.115964e-01 -2.016411e-01 -1.890686e-01 -1.729927e-01 -1.519020e-01 -1.197724e-01 -1.885560e-01 -2.504110e-01 -3.111246e-01 -3.732454e-01 -4.403475e-01 -5.180870e-01 -6.141363e-01 -7.346156e-01 -8.696616e-01 
-2.481596e-01 -2.475044e-01 -2.462611e-01 -2.443755e-01 -2.417655e-01 -2.383185e-01 -2.338876e-01 -2.282844e-01 -2.212655e-01 -2.125051e-01 -2.015506e-01 -1.877490e-01 -1.701661e-01 -1.479805e-01 -1.412458e-01 -1.982639e-01 -2.521038e-01 -3.028423e-01 -3.520360e-01 -4.030477e-01 -4.621274e-01 -5.394609e-01 -6.468219e-01 -7.795907e-01 
-2.528813e-01 -2.521680e-01 -2.508049e-01 -2.487372e-01 -2.458831e-01 -2.421324e-01 -2.373438e-01 -2.313401e-01 -2.238958e-01 -2.147046e-01 -2.033167e-01 -1.890040e-01 -1.706377e-01 -1.474504e-01 -1.640443e-01 -2.153008e-01 -2.618782e-01 -3.024180e-01 -3.377134e-01 -3.703726e-01 -4.062970e-01 -4.574352e-01 -5.436363e-01 -6.772416e-01 
-2.574843e-01 -2.567275e-01 -2.552745e-01 -2.530721e-01 -2.500425e-01 -2.460841e-01 -2.410721e-01 -2.348592e-01 -2.272720e-01 -2.180812e-01 -2.069434e-01 -1.930734e-01 -1.745566e-01 -1.463166e-01 -1.920808e-01 -2.416808e-01 -2.818977e-01 -3.125452e-01 -3.337488e-01 -3.467008e-01 -3.554727e-01 -3.713525e-01 -4.217012e-01 -5.537542e-01 
-2.618604e-01 -2.610724e-01 -2.595546e-01 -2.572568e-01 -2.541075e-01 -2.500177e-01 -2.448878e-01 -2.386172e-01 -2.311176e-01 -2.223096e-01 -2.121455e-01 -2.003793e-01 -1.853503e-01 -1.723252e-01 -2.333751e-01 -2.800577e-01 -3.144494e-01 -3.361105e-01 -3.441671e-01 -3.377894e-01 -3.174684e-01 -2.889950e-01 -2.743506e-01 -3.276216e-01 
-2.659059e-01 -2.650961e-01 -2.635323e-01 -2.611669e-01 -2.579348e-01 -2.537604e-01 -2.485713e-01 -2.423201e-01 -2.350172e-01 -2.267912e-01 -2.179839e-01 -2.094683e-01 -2.023165e-01 -2.306696e-01 -2.880042e-01 -3.319765e-01 -3.615524e-01 -3.758735e-01 -3.731465e-01 -3.504181e-01 -3.036298e-01 -2.288473e-01 -1.287267e-01 -3.653987e-02 
-2.695374e-01 -2.687128e-01 -2.671146e-01 -2.646971e-01 -2.613994e-01 -2.571550e-01 -2.519111e-01 -2.456577e-01 -2.384800e-01 -2.306943e-01 -2.230065e-01 -2.170956e-01 -2.180927e-01 -2.962208e-01 -3.565785e-01 -3.988165e-01 -4.248051e-01 -4.340585e-01 -4.243019e-01 -3.911676e-01 -3.271023e-01 -2.189592e-01 -4.551420e-02 1.917431e-01 
SLICE 3 15
0.000000e+00 0.000000e+00 0.000000e+00 0.000000e+00 0.000000e+00 0.000000e+00 0.000000e+00 0.000000e+00 0.000000e+00 0.000000e+00 0.000000e+00 0.000000e+00 0.000000e+00 0.000000e+00 0.000000e+00 0.000000e+00 0.000000e+00 0.000000e+00 0.000000e+00 0.000000e+00 0.000000e+00 0.000000e+00 0.000000e+00 0.000000e+00 
-2.010249e-01 -2.023869e-01 -2.051837e-01 -2.094747e-01 -2.153275e-01 -2.228246e-01 -2.320662e-01 -2.431694e-01 -2.562687e-01 -2.715169e-01 -2.890913e-01 -3.092132e-01 -3.321950e-01 -3.585497e-01 -3.892592e-01 -4.265034e-01 -4.756094e-01 -5.505450e-01 -6.376852e-01 -7.299273e-01 -8.222859e-01 -9.098744e-01 -9.861713e-01 -1.039264e+00 
-2.147652e-01 -2.161694e-01 -2.190125e-01 -2.233399e-01 -2.292076e-01 -2.366840e-01 -2.458513e-01 -2.568060e-01 -2.696615e-01 -2.845520e-01 -3.016452e-01 -3.211678e-01 -3.434555e-01 -3.690456e-01 -3.988354e-01 -4.343368e-01 -4.778804e-01 -5.318661e-01 -5.929266e-01 -6.568757e-01 -7.195851e-01 -7.767288e-01 -8.230338e-01 -8.510997e-01 
-2.272635e-01 -2.286491e-01 -2.314391e-01 -2.356640e-01 -2.413631e-01 -2.485845e-01 -2.573847e-01 -2.678294e-01 -2.799942e-01 -2.939688e-01 -3.098662e-01 -3.278395e-01 -3.481114e-01 -3.710144e-01 -3.970362e-01 -4.268342e-01 -4.610950e-01 -4.999692e-01 -5.419348e-01 -5.845743e-01 -6.251208e-01 -6.606240e-01 -6.878507e-01 -7.031613e-01 
-2.383178e-01 -2.396408e-01 -2.422962e-01 -2.463007e-01 -2.516755e-01 -2.584454e-01 -2.666377e-01 -2.762809e-01 -2.874049e-01 -3.000421e-01 -3.142316e-01 -3.300266e-01 -3.475048e-01 -3.667790e-01 -3.879948e-01 -4.112949e-01 -4.367014e-01 -4.638778e-01 -4.918625e-01 -5.192255e-01 -5.443172e-01 -5.654472e-01 -5.809598e-01 -5.892963e-01 
-2.478498e-01 -2.490782e-01 -2.515376e-01 -2.552323e-01 -2.601660e-01 -2.663408e-01 -2.737545e-01 -2.823994e-01 -2.922606e-01 -3.033152e-01 -3.155326e-01 -3.288764e-01 -3.433063e-01 -3.587777e-01 -3.752315e-01 -3.925668e-01 -4.105824e-01 -4.288928e-01 -4.468684e-01 -4.636967e-01 -4.785075e-01 -4.904888e-01 -4.989516e-01 -5.033532e-01 
-2.558816e-01 -2.569943e-01 -2.592169e-01 -2.625431e-01 -2.669616e-01 -2.724541e-01 -2.789930e-01 -2.865399e-01 -2.950425e-01 -3.044337e-01 -3.146301e-01 -3.255324e-01 -3.370251e-01 -3.489756e-01 -3.612300e-01 -3.736019e-01 -3.858538e-01 -3.976779e-01 -4.086948e-01 -4.184941e-01 -4.267010e-01 -4.330335e-01 -4.373215e-01 -4.394827e-01 
-2.625077e-01 -2.634933e-01 -2.654575e-01 -2.683859e-01 -2.722547e-01 -2.770299e-01 -2.826645e-01 -2.890969e-01 -2.962485e-01 -3.040225e-01 -3.123030e-01 -3.209554e-01 -3.298281e-01 -3.387538e-01 -3.475527e-01 -3.560335e-01 -3.639955e-01 -3.712340e-01 -3.775549e-01 -3.828028e-01 -3.868932e-01 -3.898297e-01 -3.916913e-01 -3.925850e-01 
-2.678673e-01 -2.687227e-01 -2.704234e-01 -2.729490e-01 -2.762671e-01 -2.803327e-01 -2.850858e-01 -2.904502e-01 -2.963319e-01 -3.026186e-01 -3.091797e-01 -3.158684e-01 -3.225247e-01 -3.289810e-01 -3.350684e-01 -3.406258e-01 -3.455098e-01 -3.496077e-01 -3.528528e-01 -3.552414e-01 -3.568439e-01 -3.577995e-01 -3.582883e-01 -3.584807e-01 
-2.721217e-01 -2.728501e-01 -2.742948e-01 -2.764318e-01 -2.792235e-01 -2.826183e-01 -2.865495e-01 -2.909339e-01 -2.956716e-01 -3.006462e-01 -3.057262e-01 -3.107681e-01 -3.156216e-01 -3.201363e-01 -3.241712e-01 -3.276053e-01 -3.303502e-01 -3.323628e-01 -3.336568e-01 -3.343108e-01 -3.344665e-01 -3.343141e-01 -3.340599e-01 -3.338811e-01 
-2.754366e-01 -2.760458e-01 -2.772513e-01 -2.790271e-01 -2.813336e-01 -2.841167e-01 -2.873078e-01 -2.908231e-01 -2.945638e-01 -2.984179e-01 -3.022619e-01 -3.059652e-01 -3.093960e-01 -3.124290e-01 -3.149551e-01 -3.168918e-01 -3.181949e-01 -3.188684e-01 -3.189717e-01 -3.186211e-01 -3.179821e-01 -3.172513e-01 -3.166259e-01 -3.162676e-01 
-2.779712e-01 -2.784720e-01 -2.794606e-01 -2.809108e-01 -2.827831e-01 -2.850243e-01 -2.875676e-01 -2.903329e-01 -2.932280e-01 -2.961498e-01 -2.989883e-01 -3.016303e-01 -3.039659e-01 -3.058961e-01 -3.073414e-01 -3.082515e-01 -3.086140e-01 -3.084616e-01 -3.078759e-01 -3.069841e-01 -3.059500e-01 -3.049554e-01 -3.041746e-01 -3.037459e-01 
-2.798707e-01 -2.802755e-01 -2.810725e-01 -2.822365e-01 -2.837298e-01 -2.855024e-01 -2.874919e-01 -2.896249e-01 -2.918182e-01 -2.939811e-01 -2.960187e-01 -2.978367e-01 -2.993468e-01 -3.004741e-01 -3.011642e-01 -3.013909e-01 -3.011633e-01 -3.005293e-01 -2.995771e-01 -2.984309e-01 -2.972400e-01 -2.961633e-01 -2.953483e-01 -2.949096e-01 
-2.812637e-01 -2.815852e-01 -2.822165e-01 -2.831343e-01 -2.843039e-01 -2.856794e-01 -2.872049e-01 -2.888150e-01 -2.904369e-01 -2.919931e-01 -2.934042e-01 -2.945938e-01 -2.954934e-01 -2.960483e-01 -2.962239e-01 -2.960114e-01 -2.954326e-01 -2.945417e-01 -2.934251e-01 -2.921960e-01 -2.909848e-01 -2.899261e-01 -2.891416e-01 -2.887242e-01 
-2.822600e-01 -2.825107e-01 -2.830016e-01 -2.837116e-01 -2.846097e-01 -2.856550e-01 -2.867985e-01 -2.879834e-01 -2.891477e-01 -2.902266e-01 -2.911553e-01 -2.918735e-01 -2.923293e-01 -2.924846e-01 -2.923197e-01 -2.918373e-01 -2.910659e-01 -2.900606e-01 -2.889010e-01 -2.876868e-01 -2.865290e-01 -2.855389e-01 -2.848157e-01 -2.844341e-01 
-2.829520e-01 -2.831437e-01 -2.835176e-01 -2.840553e-01 -2.847294e-01 -2.855046e-01 -2.863384e-01 -2.871829e-01 -2.879862e-01 -2.886949e-01 -2.892576e-01 -2.896273e-01 -2.897662e-01 -2.896489e-01 -2.892662e-01 -2.886283e-01 -2.877666e-01 -2.867334e-01 -2.856000e-01 -2.844519e-01 -2.833821e-01 -2.824819e-01 -2.818315e-01 -2.814903e-01 
-2.834158e-01 -2.835590e-01 -2.838371e-01 -2.842341e-01 -2.847264e-01 -2.852840e-01 -2.858707e-01 -2.864466e-01 -2.869688e-01 -2.873945e-01 -2.876831e-01 -2.877992e-01 -2.877156e-01 -2.874168e-01 -2.869011e-01 -2.861830e-01 -2.852940e-01 -2.842824e-01 -2.832105e-01 -2.821510e-01 -2.811810e-01 -2.803750e-01 -2.797975e-01 -2.794961e-01 
-2.837128e-01 -2.838168e-01 -2.840177e-01 -2.843018e-01 -2.846490e-01 -2.850339e-01 -2.854264e-01 -2.857933e-01 -2.860999e-01 -2.863120e-01 -2.863982e-01 -2.863323e-01 -2.860957e-01 -2.856796e-01 -2.850878e-01 -2.843367e-01 -2.834570e-01 -2.824921e-01 -2.814959e-01 -2.805300e-01 -2.796581e-01 -2.789410e-01 -2.784308e-01 -2.781657e-01 
-2.838918e-01 -2.839647e-01 -2.841046e-01 -2.842997e-01 -2.845331e-01 -2.847834e-01 -2.850257e-01 -2.852326e-01 -2.853762e-01 -2.854296e-01 -2.853687e-01 -2.851743e-01 -2.848343e-01 -2.843453e-01 -2.837140e-01 -2.829582e-01 -2.821065e-01 -2.811976e-01 -2.802785e-01 -2.794009e-01 -2.786180e-01 -2.779796e-01 -2.775281e-01 -2.772943e-01 
-2.839909e-01 -2.840397e-01 -2.841324e-01 -2.842590e-01 -2.844051e-01 -2.845527e-01 -2.846812e-01 -2.847681e-01 -2.847909e-01 -2.847285e-01 -2.845624e-01 -2.842790e-01 -2.838710e-01 -2.833386e-01 -2.826905e-01 -2.819447e-01 -2.811279e-01 -2.802749e-01 -2.794261e-01 -2.786261e-01 -2.779192e-01 -2.773470e-01 -2.769443e-01 -2.767364e-01 
-2.840391e-01 -2.840700e-01 -2.841273e-01 -2.842027e-01 -2.842839e-01 -2.843556e-01 -2.844005e-01 -2.843999e-01 -2.843357e-01 -2.841908e-01 -2.839515e-01 -2.836081e-01 -2.831566e-01 -2.825997e-01 -2.819476e-01 -2.812178e-01 -2.804354e-01 -2.796316e-01 -2.788423e-01 -2.781057e-01 -2.774602e-01 -2.769408e-01 -2.765767e-01 -2.763892e-01 
-2.840580e-01 -2.840761e-01 -2.841084e-01 -2.841476e-01 -2.841830e-01 -2.842013e-01 -2.841877e-01 -2.841265e-01 -2.840023e-01 -2.838016e-01 -2.835134e-01 -2.831311e-01 -2.826529e-01 -2.820833e-01 -2.814330e-01 -2.807194e-01 -2.799660e-01 -2.792014e-01 -2.784579e-01 -2.777696e-01 -2.771700e-01 -2.766898e-01 -2.763544e-01 -2.761820e-01 
-2.840626e-01 -2.840725e-01 -2.840889e-01 -2.841050e-01 -2.841112e-01 -2.840957e-01 -2.840451e-01 -2.839457e-01 -2.837842e-01 -2.835488e-01 -2.832309e-01 -2.828254e-01 -2.823322e-01 -2.817565e-01 -2.811096e-01 -2.804086e-01 -2.796758e-01 -2.789383e-01 -2.782259e-01 -2.775699e-01 -2.770009e-01 -2.765466e-01 -2.762301e-01 -2.760675e-01 
-2.840626e-01 -2.840686e-01 -2.840771e-01 -2.840820e-01 -2.840740e-01 -2.840420e-01 -2.839736e-01 -2.838558e-01 -2.836763e-01 -2.834245e-01 -2.830925e-01 -2.826763e-01 -2.821763e-01 -2.815983e-01 -2.809538e-01 -2.802595e-01 -2.795375e-01 -2.788136e-01 -2.781169e-01 -2.774770e-01 -2.769233e-01 -2.764819e-01 -2.761747e-01 -2.760171e-01 
SLICE 1 25
1.872727e+01 1.872916e+01 1.873480e+01 1.874406e+01 1.875678e+01 1.877273e+01 1.879165e+01 1.881329e+01 1.883737e+01 1.886364e+01 1.889184e+01 1.892176e+01 1.895321e+01 1.898599e+01 1.901996e+01 1.905497e+01 1.909091e+01 1.912767e+01 1.916515e+01 1.920328e+01 1.924199e+01 1.928122e+01 1.932091e+01 1.936101e+01 
1.875714e+01 1.875898e+01 1.876448e+01 1.877353e+01 1.878594e+01 1.880151e+01 1.881999e+01 1.884111e+01 1.886462e+01 1.889027e+01 1.891781e+01 1.894702e+01 1.897773e+01 1.900974e+01 1.904291e+01 1.907710e+01 1.911220e+01 1.914809e+01 1.918470e+01 1.922194e+01 1.925975e+01 1.929806e+01 1.933682e+01 1.937599e+01 
1.878640e+01 1.878820e+01 1.879356e+01 1.880238e+01 1.881449e+01 1.882968e+01 1.884771e+01 1.886832e+01 1.889126e+01 1.891629e+01 1.894317e+01 1.897169e+01 1.900167e+01 1.903292e+01 1.906531e+01 1.909870e+01 1.913297e+01 1.916803e+01 1.920378e+01 1.924016e+01 1.927708e+01 1.931451e+01 1.935237e+01 1.939064e+01 
1.881509e+01 1.881684e+01 1.882207e+01 1.883066e+01 1.884246e+01 1.885727e+01 1.887485e+01 1.889495e+01 1.891732e+01 1.894174e+01 1.896797e+01 1.899580e+01 1.902506e+01 1.905557e+01 1.908719e+01 1.911979e+01 1.915326e+01 1.918750e+01 1.922242e+01 1.925795e+01 1.929403e+01 1.933059e+01 1.936758e+01 1.940497e+01 
1.884323e+01 1.884494e+01 1.885003e+01 1.885840e+01 1.886989e+01 1.888431e+01 1.890144e+01 1.892103e+01 1.894285e+01 1.896665e+01 1.899223e+01 1.901939e+01 1.904794e+01 1.907772e+01 1.910858e+01 1.914042e+01 1.917310e+01 1.920654e+01 1.924065e+01 1.927536e+01 1.931060e+01 1.934633e+01 1.938248e+01 1.941902e+01 
1.887086e+01 1.887252e+01 1.887747e+01 1.888561e+01 1.889680e+01 1.891084e+01 1.892752e+01 1.894660e+01 1.896785e+01 1.899106e+01 1.901600e+01 1.904248e+01 1.907033e+01 1.909939e+01 1.912952e+01 1.916060e+01 1.919251e+01 1.922517e+01 1.925849e+01 1.929240e+01 1.932683e+01 1.936174e+01 1.939707e+01 1.943279e+01 
1.889799e+01 1.889960e+01 1.890442e+01 1.891233e+01 1.892321e+01 1.893687e+01 1.895309e+01 1.897167e+01 1.899237e+01 1.901498e+01 1.903928e+01 1.906511e+01 1.909227e+01 1.912062e+01 1.915002e+01 1.918036e+01 1.921152e+01 1.924341e+01 1.927596e+01 1.930909e+01 1.934274e+01 1.937685e+01 1.941139e+01 1.944630e+01 
1.892464e+01 1.892621e+01 1.893088e+01 1.893857e+01 1.894914e+01 1.896242e+01 1.897820e+01 1.899627e+01 1.901642e+01 1.903843e+01 1.906212e+01 1.908728e+01 1.911377e+01 1.914142e+01 1.917011e+01 1.919972e+01 1.923014e+01 1.926129e+01 1.929308e+01 1.932545e+01 1.935833e+01 1.939168e+01 1.942543e+01 1.945956e+01 
1.895082e+01 1.895234e+01 1.895688e+01 1.896434e+01 1.897461e+01 1.898750e+01 1.900284e+01 1.902042e+01 1.904002e+01 1.906145e+01 1.908451e+01 1.910904e+01 1.913486e+01 1.916182e+01 1.918981e+01 1.921871e+01 1.924841e+01 1.927882e+01 1.930988e+01 1.934150e+01 1.937363e+01 1.940623e+01 1.943923e+01 1.947260e+01 
1.897654e+01 1.897802e+01 1.898242e+01 1.898966e+01 1.899962e+01 1.901214e+01 1.902704e+01 1.904412e+01 1.906319e+01 1.908404e+01 1.910650e+01 1.913038e+01 1.915554e+01 1.918184e+01 1.920914e+01 1.923733e+01 1.926633e+01 1.929603e+01 1.932636e+01 1.935726e+01 1.938866e+01 1.942052e+01 1.945278e+01 1.948541e+01 
1.900182e+01 1.900325e+01 1.900751e+01 1.901453e+01 1.902419e+01 1.903634e+01 1.905081e+01 1.906740e+01 1.908594e+01 1.910622e+01 1.912807e+01 1.915133e+01 1.917585e+01 1.920148e+01 1.922811e+01 1.925562e+01 1.928391e+01 1.931291e+01 1.934254e+01 1.937273e+01 1.940342e+01 1.943456e+01 1.946611e+01 1.949802e+01 
1.902665e+01 1.902803e+01 1.903216e+01 1.903896e+01 1.904833e+01 1.906011e+01 1.907415e+01 1.909027e+01 1.910828e+01 1.912800e+01 1.914926e+01 1.917191e+01 1.919579e+01 1.922077e+01 1.924673e+01 1.927357e+01 1.930119e+01 1.932950e+01 1.935844e+01 1.938793e+01 1.941792e+01 1.944837e+01 1.947921e+01 1.951043e+01 
1.905104e+01 1.905238e+01 1.905638e+01 1.906297e+01 1.907204e+01 1.908347e+01 1.909708e+01 1.911273e+01 1.913022e+01 1.914939e+01 1.917007e+01 1.919211e+01 1.921537e+01 1.923971e+01 1.926502e+01 1.929120e+01 1.931815e+01 1.934580e+01 1.937406e+01 1.940287e+01 1.943219e+01 1.946195e+01 1.949211e+01 1.952264e+01 
1.907500e+01 1.907629e+01 1.908016e+01 1.908654e+01 1.909533e+01 1.910640e+01 1.911961e+01 1.913479e+01 1.915177e+01 1.917040e+01 1.919051e+01 1.921196e+01 1.923460e+01 1.925832e+01 1.928300e+01 1.930853e+01 1.933483e+01 1.936182e+01 1.938942e+01 1.941757e+01 1.944622e+01 1.947531e+01 1.950481e+01 1.953467e+01 
1.909853e+01 1.909978e+01 1.910352e+01 1.910970e+01 1.911821e+01 1.912893e+01 1.914173e+01 1.915646e+01 1.917295e+01 1.919104e+01 1.921059e+01 1.923146e+01 1.925350e+01 1.927661e+01 1.930066e+01 1.932556e+01 1.935122e+01 1.937757e+01 1.940452e+01 1.943202e+01 1.946002e+01 1.948847e+01 1.951732e+01 1.954653e+01 
1.912163e+01 1.912285e+01 1.912647e+01 1.913244e+01 1.914067e+01 1.915106e+01 1.916347e+01 1.917775e+01 1.919375e+01 1.921132e+01 1.923033e+01 1.925062e+01 1.927208e+01 1.929458e+01 1.931802e+01 1.934230e+01 1.936734e+01 1.939305e+01 1.941938e+01 1.944625e+01 1.947361e+01 1.950142e+01 1.952964e+01 1.955821e+01 
1.914432e+01 1.914549e+01 1.914899e+01 1.915477e+01 1.916274e+01 1.917279e+01 1.918481e+01 1.919866e+01 1.921418e+01 1.923125e+01 1.924972e+01 1.926945e+01 1.929034e+01 1.931225e+01 1.933509e+01 1.935877e+01 1.938319e+01 1.940829e+01 1.943400e+01 1.946025e+01 1.948699e+01 1.951418e+01 1.954178e+01 1.956974e+01 
1.916658e+01 1.916771e+01 1.917110e+01 1.917668e+01 1.918440e+01 1.919413e+01 1.920577e+01 1.921919e+01 1.923426e+01 1.925083e+01 1.926877e+01 1.928796e+01 1.930828e+01 1.932962e+01 1.935188e+01 1.937496e+01 1.939879e+01 1.942329e+01 1.944839e+01 1.947403e+01 1.950017e+01 1.952676e+01 1.955374e+01 1.958110e+01 
1.918843e+01 1.918953e+01 1.919280e+01 1.919820e+01 1.920566e+01 1.921508e+01 1.922636e+01 1.923937e+01 1.925398e+01 1.927006e+01 1.928750e+01 1.930615e+01 1.932592e+01 1.934670e+01 1.936839e+01 1.939089e+01 1.941413e+01 1.943804e+01 1.946255e+01 1.948761e+01 1.951315e+01 1.953914e+01 1.956554e+01 1.959230e+01 
1.920987e+01 1.921093e+01 1.921409e+01 1.921932e+01 1.922653e+01 1.923565e+01 1.924657e+01 1.925918e+01 1.927335e+01 1.928896e+01 1.930589e+01 1.932403e+01 1.934327e+01 1.936350e+01 1.938462e+01 1.940656e+01 1.942923e+01 1.945257e+01 1.947650e+01 1.950098e+01 1.952594e+01 1.955136e+01 1.957717e+01 1.960336e+01 
1.923091e+01 1.923193e+01 1.923499e+01 1.924004e+01 1.924701e+01 1.925584e+01 1.926641e+01 1.927863e+01 1.929237e+01 1.930753e+01 1.932398e+01 1.934161e+01 1.936032e+01 1.938001e+01 1.940059e+01 1.942198e+01 1.944409e+01 1.946686e+01 1.949023e+01 1.951414e+01 1.953855e+01 1.956340e+01 1.958865e+01 1.961427e+01 
1.925154e+01 1.925253e+01 1.925548e+01 1.926036e+01 1.926711e+01 1.927565e+01 1.928590e+01 1.929773e+01 1.931106e+01 1.932577e+01 1.934174e+01 1.935888e+01 1.937709e+01 1.939625e+01 1.941630e+01 1.943715e+01 1.945872e+01 1.948094e+01 1.950376e+01 1.952712e+01 1.955097e+01 1.957527e+01 1.959997e+01 1.962504e+01 
1.927178e+01 1.927274e+01 1.927559e+01 1.928031e+01 1.928684e+01 1.929510e+01 1.930502e+01 1.931649e+01 1.932941e+01 1.934369e+01 1.935920e+01 1.937586e+01 1.939357e+01 1.941223e+01 1.943176e+01 1.945207e+01 1.947311e+01 1.949480e+01 1.951708e+01 1.953990e+01 1.956321e+01 1.958697e+01 1.961113e+01 1.963567e+01 
1.929163e+01 1.929255e+01 1.929531e+01 1.929987e+01 1.930618e+01 1.931418e+01 1.932379e+01 1.933490e+01 1.934744e+01 1.936129e+01 1.937636e+01 1.939255e+01 1.940977e+01 1.942794e+01 1.944696e+01 1.946677e+01 1.948728e+01 1.950845e+01 1.953021e+01 1.955250e+01 1.957528e+01 1.959852e+01 1.962215e+01 1.964616e+01 
SLICE 2 25
1.055650e-01 1.052394e-01 1.044231e-01 1.031282e-01 1.013771e-01 9.920011e-02 9.663240e-02 9.371176e-02 9.047662e-02 8.696462e-02 8.321174e-02 7.925177e-02 7.511631e-02 7.083490e-02 6.643544e-02 6.194477e-02 5.738943e-02 5.279655e-02 4.819510e-02 4.361746e-02 3.910190e-02 3.469653e-02 3.046727e-02 2.651690e-02 
9.664530e-02 9.633625e-02 9.556119e-02 9.433225e-02 9.267102e-02 9.060623e-02 8.817135e-02 8.540227e-02 8.233552e-02 7.900690e-02 7.545065e-02 7.169896e-02 6.778194e-02 6.372781e-02 5.956322e-02 5.531390e-02 5.100531e-02 4.666352e-02 4.231638e-02 3.799495e-02 3.373567e-02 2.958355e-02 2.559749e-02 2.185830e-02 
8.794356e-02 8.765274e-02 8.691994e-02 8.575739e-02 8.418576e-02 8.223232e-02 7.992872e-02 7.730892e-02 7.440751e-02 7.125840e-02 6.789403e-02 6.434495e-02 6.063975e-02 5.680521e-02 5.286672e-02 4.884870e-02 4.477537e-02 4.067148e-02 3.656334e-02 3.248007e-02 2.845524e-02 2.452900e-02 2.075050e-02 1.717841e-02 
7.944493e-02 7.917321e-02 7.848333e-02 7.738736e-02 7.590503e-02 7.406203e-02 7.188820e-02 6.941550e-02 6.667652e-02 6.370324e-02 6.052627e-02 5.717447e-02 5.367484e-02 5.005272e-02 4.633205e-02 4.253591e-02 3.868708e-02 3.480875e-02 3.092537e-02 2.706365e-02 2.325362e-02 1.952982e-02 1.593156e-02 1.250002e-02 
7.113656e-02 7.088436e-02 7.023772e-02 6.920833e-02 6.781481e-02 6.608128e-02 6.403566e-02 6.170789e-02 5.912851e-02 5.632753e-02 5.333369e-02 5.017412e-02 4.687420e-02 4.345772e-02 3.994715e-02 3.636408e-02 3.272973e-02 2.906553e-02 2.539385e-02 2.173865e-02 1.812618e-02 1.458527e-02 1.114650e-02 7.838289e-03 
6.300746e-02 6.277492e-02 6.217158e-02 6.120852e-02 5.990315e-02 5.827795e-02 5.635889e-02 5.417384e-02 5.175126e-02 4.911914e-02 4.630434e-02 4.333220e-02 4.022643e-02 3.700923e-02 3.370153e-02 3.032334e-02 2.689420e-02 2.343367e-02 1.996183e-02 1.649979e-02 1.306996e-02 9.695868e-03 6.400768e-03 3.203947e-03 
5.504823e-02 5.483535e-02 5.427511e-02 5.337789e-02 5.215981e-02 5.064163e-02 4.884735e-02 4.680274e-02 4.453414e-02 4.206751e-02 3.942777e-02 3.663846e-02 3.372158e-02 3.069771e-02 2.758615e-02 2.440526e-02 2.117284e-02 1.790644e-02 1.462383e-02 1.134320e-02 8.083291e-03 4.862839e-03 1.699155e-03 -1.395011e-03 
4.725086e-02 4.705747e-02 4.653997e-02 4.570788e-02 4.457600e-02 4.316336e-02 4.149193e-02 3.958537e-02 3.746790e-02 3.516341e-02 3.269488e-02 3.008400e-02 2.735104e-02 2.451489e-02 2.159322e-02 1.860267e-02 1.555921e-02 1.247838e-02 9.375568e-03 6.266140e-03 3.165353e-03 8.776593e-05 -2.954122e-03 -5.952314e-03 
3.960839e-02 3.943427e-02 3.895895e-02 3.819109e-02 3.714414e-02 3.583535e-02 3.428470e-02 3.251371e-02 3.054447e-02 2.839880e-02 2.609772e-02 2.366104e-02 2.110730e-02 1.845365e-02 1.571608e-02 1.290949e-02 1.004800e-02 7.145084e-03 4.213785e-03 1.266738e-03 -1.684005e-03 -4.627547e-03 -7.555297e-03 -1.046279e-02 
3.211475e-02 3.195957e-02 3.152575e-02 3.082107e-02 2.985759e-02 2.865082e-02 2.721872e-02 2.558072e-02 2.375677e-02 2.176663e-02 1.962932e-02 1.736281e-02 1.498383e-02 1.250781e-02 9.949019e-03 7.320605e-03 4.634799e-03 1.903033e-03 -8.639575e-04 -3.656150e-03 -6.464443e-03 -9.281155e-03 -1.210092e-02 -1.492198e-02 
2.476447e-02 2.462788e-02 2.423477e-02 2.359206e-02 2.271045e-02 2.160371e-02 2.028785e-02 1.878018e-02 1.709856e-02 1.526068e-02 1.328359e-02 1.118337e-02 8.974955e-03 6.672050e-03 4.287170e-03 1.831703e-03 -6.839982e-04 -3.250532e-03 -5.859410e-03 -8.503104e-03 -1.117524e-02 -1.387100e-02 -1.658774e-02 -1.932588e-02 
1.755255e-02 1.743412e-02 1.708087e-02 1.649883e-02 1.569737e-02 1.468858e-02 1.348654e-02 1.210652e-02 1.056426e-02 8.875426e-03 7.055099e-03 5.117484e-03 3.075709e-03 9.417378e-04 -1.273650e-03 -3.560840e-03 -5.911339e-03 -8.317750e-03 -1.077377e-02 -1.327425e-02 -1.581537e-02 -1.839490e-02 -2.101260e-02 -2.367074e-02 
1.047425e-02 1.037356e-02 1.005924e-02 9.536496e-03 8.813405e-03 7.900430e-03 6.809760e-03 5.554654e-03 4.148823e-03 2.605897e-03 9.390120e-04 -8.394977e-04 -2.718296e-03 -4.687160e-03 -6.737041e-03 -8.860082e-03 -1.104963e-02 -1.330026e-02 -1.560778e-02 -1.796934e-02 -2.038354e-02 -2.285057e-02 -2.537240e-02 -2.795292e-02 
3.524986e-03 3.441595e-03 3.165271e-03 2.700408e-03 2.053868e-03 1.234534e-03 2.527781e-04 -8.800969e-04 -2.152385e-03 -3.552442e-03 -5.069059e-03 -6.691752e-03 -8.410965e-03 -1.021820e-02 -1.210613e-02 -1.406863e-02 -1.610085e-02 -1.819929e-02 -2.036183e-02 -2.258785e-02 -2.487827e-02 -2.723562e-02 -2.966397e-02 -3.216883e-02 
-3.299750e-03 -3.366289e-03 -3.605575e-03 -4.013967e-03 -4.585774e-03 -5.313619e-03 -6.188881e-03 -7.202156e-03 -8.343691e-03 -9.603791e-03 -1.097314e-02 -1.244309e-02 -1.400583e-02 -1.565458e-02 -1.738368e-02 -1.918872e-02 -2.106664e-02 -2.301578e-02 -2.503606e-02 -2.712902e-02 -2.929788e-02 -3.154748e-02 -3.388407e-02 -3.631478e-02 
-1.000449e-02 -1.005462e-02 -1.025781e-02 -1.061113e-02 -1.110998e-02 -1.174844e-02 -1.251955e-02 -1.341576e-02 -1.442921e-02 -1.555211e-02 -1.677700e-02 -1.809704e-02 -1.950613e-02 -2.099917e-02 -2.257216e-02 -2.422235e-02 -2.594838e-02 -2.775044e-02 -2.963039e-02 -3.159191e-02 -3.364053e-02 -3.578347e-02 -3.802926e-02 -4.038692e-02 
-1.659384e-02 -1.662798e-02 -1.679600e-02 -1.709559e-02 -1.752321e-02 -1.807428e-02 -1.874349e-02 -1.952503e-02 -2.041290e-02 -2.140118e-02 -2.248422e-02 -2.365692e-02 -2.491491e-02 -2.625469e-02 -2.767387e-02 -2.917131e-02 -3.074732e-02 -3.240383e-02 -3.414463e-02 -3.597550e-02 -3.790428e-02 -3.994073e-02 -4.209593e-02 -4.438112e-02 
-2.307246e-02 -2.309105e-02 -2.322477e-02 -2.347194e-02 -2.382995e-02 -2.429554e-02 -2.486493e-02 -2.553403e-02 -2.629866e-02 -2.715468e-02 -2.809824e-02 -2.912595e-02 -3.023506e-02 -3.142368e-02 -3.269096e-02 -3.403731e-02 -3.546460e-02 -3.697648e-02 -3.857856e-02 -4.027869e-02 -4.208710e-02 -4.401623e-02 -4.608014e-02 -4.829289e-02 
-2.944514e-02 -2.944858e-02 -2.954888e-02 -2.974485e-02 -3.003478e-02 -3.041663e-02 -3.088812e-02 -3.144684e-02 -3.209034e-02 -3.281625e-02 -3.362246e-02 -3.450722e-02 -3.546941e-02 -3.650864e-02 -3.762554e-02 -3.882199e-02 -4.010138e-02 -4.146891e-02 -4.293196e-02 -4.450042e-02 -4.618689e-02 -4.800678e-02 -4.997760e-02 -5.211718e-02 
-3.571673e-02 -3.570544e-02 -3.577316e-02 -3.591908e-02 -3.614233e-02 -3.644203e-02 -3.681737e-02 -3.726754e-02 -3.779180e-02 -3.838951e-02 -3.906023e-02 -3.980385e-02 -4.062075e-02 -4.151204e-02 -4.247973e-02 -4.352707e-02 -4.465885e-02 -4.588174e-02 -4.720476e-02 -4.863972e-02 -5.020163e-02 -5.190903e-02 -5.378358e-02 -5.584814e-02 
-4.189214e-02 -4.186658e-02 -4.190256e-02 -4.199953e-02 -4.215736e-02 -4.237633e-02 -4.265703e-02 -4.300025e-02 -4.340691e-02 -4.387808e-02 -4.441493e-02 -4.501892e-02 -4.569192e-02 -4.643640e-02 -4.725570e-02 -4.815433e-02 -4.913835e-02 -5.021576e-02 -5.139707e-02 -5.269584e-02 -5.412941e-02 -5.571955e-02 -5.749277e-02 -5.947885e-02 
-4.797626e-02 -4.793701e-02 -4.794212e-02 -4.799117e-02 -4.808472e-02 -4.822418e-02 -4.841153e-02 -4.864916e-02 -4.893963e-02 -4.928564e-02 -4.968998e-02 -5.015561e-02 -5.068579e-02 -5.128431e-02 -5.195573e-02 -5.270570e-02 -5.354140e-02 -5.447201e-02 -5.550929e-02 -5.666835e-02 -5.796860e-02 -5.943497e-02 -6.109930e-02 -6.300071e-02 
-5.397391e-02 -5.392176e-02 -5.389699e-02 -5.389909e-02 -5.392934e-02 -5.399030e-02 -5.408537e-02 -5.421851e-02 -5.439393e-02 -5.461592e-02 -5.488885e-02 -5.521711e-02 -5.560532e-02 -5.605847e-02 -5.658223e-02 -5.718329e-02 -5.786978e-02 -5.865183e-02 -5.954224e-02 -6.055731e-02 -6.171811e-02 -6.305225e-02 -6.459679e-02 -6.640255e-02 
-5.988967e-02 -5.982593e-02 -5.977236e-02 -5.972843e-02 -5.969622e-02 -5.967949e-02 -5.968311e-02 -5.971261e-02 -5.977384e-02 -5.987271e-02 -6.001507e-02 -6.020674e-02 -6.045358e-02 -6.076172e-02 -6.113782e-02 -6.158944e-02 -6.212553e-02 -6.275694e-02 -6.349719e-02 -6.436339e-02 -6.537763e-02 -6.656919e-02 -6.797885e-02 -6.966896e-02 
SLICE 3 25
0.000000e+00 0.000000e+00 0.000000e+00 0.000000e+00 0.000000e+00 0.000000e+00 0.000000e+00 0.000000e+00 0.000000e+00 0.000000e+00 0.000000e+00 0.000000e+00 0.000000e+00 0.000000e+00 0.000000e+00 0.000000e+00 0.000000e+00 0.000000e+00 0.000000e+00 0.000000e+00 0.000000e+00 0.000000e+00 0.000000e+00 0.000000e+00 
1.019115e-01 1.015437e-01 1.007625e-01 9.956308e-02 9.795872e-02 9.597290e-02 9.363511e-02 9.097817e-02 8.803632e-02 8.484390e-02 8.143454e-02 7.784074e-02 7.409384e-02 7.022431e-02 6.626222e-02 6.223812e-02 5.818418e-02 5.413598e-02 5.013517e-02 4.623423e-02 4.250544e-02 3.906065e-02 3.610082e-02 3.405833e-02 
9.859076e-02 9.823078e-02 9.749903e-02 9.639523e-02 9.493047e-02 9.312426e-02 9.100180e-02 8.859182e-02 8.592497e-02 8.303267e-02 7.994642e-02 7.669742e-02 7.331665e-02 6.983511e-02 6.628448e-02 6.269801e-02 5.911203e-02 5.556798e-02 5.211574e-02 4.881899e-02 4.576448e-02 4.307838e-02 4.095458e-02 3.969396e-02 
9.560524e-02 9.526868e-02 9.459411e-02 9.358543e-02 9.225359e-02 9.061585e-02 8.869433e-02 8.651450e-02 8.410400e-02 8.149169e-02 7.870708e-02 7.578007e-02 7.274099e-02 6.962094e-02 6.645235e-02 6.327000e-02 6.011238e-02 5.702368e-02 5.405677e-02 5.127746e-02 4.877071e-02 4.664884e-02 4.505960e-02 4.418299e-02 
9.293846e-02 9.262980e-02 9.201437e-02 9.109806e-02 8.989180e-02 8.841131e-02 8.667641e-02 8.470995e-02 8.253702e-02 8.018421e-02 7.767916e-02 7.505039e-02 7.232730e-02 6.954053e-02 6.672248e-02 6.390814e-02 6.113629e-02 5.845109e-02 5.590422e-02 5.355753e-02 5.148606e-02 4.978040e-02 4.854539e-02 4.788860e-02 
9.056706e-02 9.028674e-02 8.972903e-02 8.890047e-02 8.781163e-02 8.647697e-02 8.491441e-02 8.314465e-02 8.119059e-02 7.907675e-02 7.682899e-02 7.447432e-02 7.204096e-02 6.955860e-02 6.705881e-02 6.457573e-02 6.214693e-02 5.981450e-02 5.762634e-02 5.563744e-02 5.391070e-02 5.251631e-02 5.152782e-02 5.101216e-02 
8.846552e-02 8.821238e-02 8.770924e-02 8.696262e-02 8.598246e-02 8.478206e-02 8.337772e-02 8.178828e-02 8.003466e-02 7.813952e-02 7.612695e-02 7.402240e-02 7.185264e-02 6.964598e-02 6.743258e-02 6.524492e-02 6.311832e-02 6.109162e-02 5.920775e-02 5.751405e-02 5.606194e-02 5.490528e-02 5.409635e-02 5.367894e-02 
8.660838e-02 8.638058e-02 8.592805e-02 8.525694e-02 8.437649e-02 8.329887e-02 8.203892e-02 8.061380e-02 7.904270e-02 7.734651e-02 7.554759e-02 7.366974e-02 7.173810e-02 6.977933e-02 6.782175e-02 6.589563e-02 6.403350e-02 6.227039e-02 6.064398e-02 5.919437e-02 5.796325e-02 5.699210e-02 5.631896e-02 5.597392e-02 
8.497131e-02 8.476677e-02 8.436056e-02 8.375837e-02 8.296868e-02 8.200260e-02 8.087364e-02 7.959746e-02 7.819162e-02 7.667535e-02 7.506935e-02 7.339571e-02 7.167784e-02 6.994054e-02 6.821005e-02 6.651419e-02 6.488244e-02 6.334594e-02 6.193739e-02 6.069051e-02 5.963912e-02 5.881553e-02 5.824816e-02 5.795859e-02 
8.353168e-02 8.334825e-02 8.298404e-02 8.244425e-02 8.173662e-02 8.087125e-02 7.986045e-02 7.871851e-02 7.746150e-02 7.610705e-02 7.467426e-02 7.318351e-02 7.165644e-02 7.011591e-02 6.858598e-02 6.709193e-02 6.566021e-02 6.431828e-02 6.309431e-02 6.201666e-02 6.111291e-02 6.040860e-02 5.992549e-02 5.967965e-02 
8.226878e-02 8.210437e-02 8.177795e-02 8.129427e-02 8.066036e-02 7.988541e-02 7.898063e-02 7.795903e-02 7.683530e-02 7.562561e-02 7.434748e-02 7.301965e-02 7.166198e-02 7.029538e-02 6.894178e-02 6.762396e-02 6.636550e-02 6.519049e-02 6.412318e-02 6.318746e-02 6.240603e-02 6.179937e-02 6.138456e-02 6.117390e-02 
8.116391e-02 8.101651e-02 8.072388e-02 8.029034e-02 7.972228e-02 7.902805e-02 7.821785e-02 7.730354e-02 7.629854e-02 7.521764e-02 7.407687e-02 7.289339e-02 7.168535e-02 7.047180e-02 6.927257e-02 6.810813e-02 6.699942e-02 6.596752e-02 6.503335e-02 6.421714e-02 6.353772e-02 6.301181e-02 6.265304e-02 6.247112e-02 
8.020036e-02 8.006806e-02 7.980545e-02 7.941645e-02 7.890685e-02 7.828427e-02 7.755797e-02 7.673879e-02 7.583896e-02 7.487200e-02 7.385255e-02 7.279628e-02 7.171973e-02 7.064020e-02 6.957557e-02 6.854418e-02 6.756459e-02 6.665529e-02 6.583437e-02 6.511904e-02 6.452514e-02 6.406644e-02 6.375408e-02 6.359587e-02 
7.936328e-02 7.924432e-02 7.900821e-02 7.865851e-02 7.820050e-02 7.764112e-02 7.698881e-02 7.625344e-02 7.544621e-02 7.457944e-02 7.366652e-02 7.272172e-02 7.176010e-02 7.079732e-02 6.984952e-02 6.893311e-02 6.806456e-02 6.726011e-02 6.653547e-02 6.590543e-02 6.538339e-02 6.498091e-02 6.470721e-02 6.456870e-02 
7.863959e-02 7.853233e-02 7.831944e-02 7.800419e-02 7.759140e-02 7.708737e-02 7.649985e-02 7.583784e-02 7.511157e-02 7.433232e-02 7.351231e-02 7.266456e-02 7.180277e-02 7.094114e-02 7.009422e-02 6.927671e-02 6.850328e-02 6.778824e-02 6.714534e-02 6.658736e-02 6.612578e-02 6.577040e-02 6.552899e-02 6.540691e-02 
7.801788e-02 7.792079e-02 7.772810e-02 7.744279e-02 7.706929e-02 7.661337e-02 7.608211e-02 7.548378e-02 7.482774e-02 7.412433e-02 7.338473e-02 7.262084e-02 7.184513e-02 7.107050e-02 7.031011e-02 6.957719e-02 6.888482e-02 6.824571e-02 6.767194e-02 6.717469e-02 6.676388e-02 6.644796e-02 6.623352e-02 6.612513e-02 
7.748825e-02 7.739990e-02 7.722460e-02 7.696507e-02 7.662537e-02 7.621083e-02 7.572795e-02 7.518435e-02 7.458863e-02 7.395030e-02 7.327961e-02 7.258748e-02 7.188532e-02 7.118487e-02 7.049809e-02 6.983693e-02 6.921313e-02 6.863806e-02 6.812244e-02 6.767610e-02 6.730775e-02 6.702473e-02 6.683275e-02 6.673577e-02 
7.704219e-02 7.696129e-02 7.680075e-02 7.656311e-02 7.625213e-02 7.587273e-02 7.543092e-02 7.493375e-02 7.438918e-02 7.380598e-02 7.319362e-02 7.256215e-02 7.192206e-02 7.128413e-02 7.065925e-02 7.005830e-02 6.949191e-02 6.897033e-02 6.850315e-02 6.809913e-02 6.776600e-02 6.751022e-02 6.733681e-02 6.724924e-02 
7.667253e-02 7.659783e-02 7.644962e-02 7.623026e-02 7.594324e-02 7.559316e-02 7.518561e-02 7.472716e-02 7.422522e-02 7.368793e-02 7.312411e-02 7.254306e-02 7.195451e-02 7.136839e-02 7.079474e-02 7.024353e-02 6.972450e-02 6.924693e-02 6.881954e-02 6.845023e-02 6.814592e-02 6.791240e-02 6.775416e-02 6.767427e-02 
7.637325e-02 7.630361e-02 7.616544e-02 7.596096e-02 7.569346e-02 7.536725e-02 7.498760e-02 7.456065e-02 7.409336e-02 7.359340e-02 7.306899e-02 7.252887e-02 7.198208e-02 7.143792e-02 7.090570e-02 7.039466e-02 6.991380e-02 6.947167e-02 6.907626e-02 6.873480e-02 6.845360e-02 6.823791e-02 6.809180e-02 6.801805e-02 
7.613950e-02 7.607382e-02 7.594354e-02 7.575074e-02 7.549856e-02 7.519107e-02 7.483329e-02 7.443105e-02 7.399093e-02 7.352020e-02 7.302666e-02 7.251855e-02 7.200443e-02 7.149303e-02 7.099314e-02 7.051341e-02 7.006226e-02 6.964769e-02 6.927712e-02 6.895727e-02 6.869398e-02 6.849210e-02 6.835538e-02 6.828638e-02 
7.596745e-02 7.590471e-02 7.578024e-02 7.559608e-02 7.535521e-02 7.506156e-02 7.471992e-02 7.433592e-02 7.391586e-02 7.346670e-02 7.299591e-02 7.251140e-02 7.202133e-02 7.153405e-02 7.105793e-02 7.060121e-02 7.017188e-02 6.977752e-02 6.942516e-02 6.912113e-02 6.887094e-02 6.867916e-02 6.854931e-02 6.848378e-02 
7.585429e-02 7.579348e-02 7.567286e-02 7.549438e-02 7.526097e-02 7.497644e-02 7.464546e-02 7.427347e-02 7.386662e-02 7.343167e-02 7.297587e-02 7.250689e-02 7.203265e-02 7.156123e-02 7.110074e-02 7.065913e-02 7.024412e-02 6.986303e-02 6.952260e-02 6.922895e-02 6.898735e-02 6.880218e-02 6.867682e-02 6.861356e-02 
7.579817e-02 7.573833e-02 7.561961e-02 7.544396e-02 7.521425e-02 7.493425e-02 7.460855e-02 7.424253e-02 7.384225e-02 7.341435e-02 7.296599e-02 7.250472e-02 7.203833e-02 7.157478e-02 7.112202e-02 7.068791e-02 7.028000e-02 6.990547e-02 6.957096e-02 6.928243e-02 6.904508e-02 6.886318e-02 6.874005e-02 6.867791e-02 
SLICE 1 40
1.736364e+01 1.736553e+01 1.737116e+01 1.738042e+01 1.739314e+01 1.740909e+01 1.742802e+01 1.744966e+01 1.747374e+01 1.750000e+01 1.752820e+01 1.755813e+01 1.758957e+01 1.762235e+01 1.765632e+01 1.769134e+01 1.772727e+01 1.776403e+01 1.780151e+01 1.783965e+01 1.787835e+01 1.791758e+01 1.795727e+01 1.799737e+01 
1.742509e+01 1.742694e+01 1.743244e+01 1.744148e+01 1.745389e+01 1.746946e+01 1.748794e+01 1.750907e+01 1.753258e+01 1.755822e+01 1.758576e+01 1.761498e+01 1.764568e+01 1.767769e+01 1.771086e+01 1.774506e+01 1.778015e+01 1.781605e+01 1.785266e+01 1.788990e+01 1.792770e+01 1.796601e+01 1.800477e+01 1.804394e+01 
1.748451e+01 1.748631e+01 1.749167e+01 1.750049e+01 1.751260e+01 1.752779e+01 1.754582e+01 1.756643e+01 1.758938e+01 1.761440e+01 1.764128e+01 1.766980e+01 1.769978e+01 1.773103e+01 1.776342e+01 1.779681e+01 1.783108e+01 1.786614e+01 1.790190e+01 1.793827e+01 1.797520e+01 1.801262e+01 1.805049e+01 1.808875e+01 
1.754202e+01 1.754378e+01 1.754900e+01 1.755760e+01 1.756940e+01 1.758421e+01 1.760178e+01 1.762189e+01 1.764426e+01 1.766868e+01 1.769490e+01 1.772274e+01 1.775199e+01 1.778251e+01 1.781413e+01 1.784673e+01 1.788020e+01 1.791444e+01 1.794936e+01 1.798489e+01 1.802097e+01 1.805753e+01 1.809452e+01 1.813191e+01 
1.759774e+01 1.759945e+01 1.760454e+01 1.761291e+01 1.762440e+01 1.763883e+01 1.765595e+01 1.767554e+01 1.769736e+01 1.772116e+01 1.774675e+01 1.777390e+01 1.780245e+01 1.783223e+01 1.786310e+01 1.789493e+01 1.792761e+01 1.796105e+01 1.799516e+01 1.802987e+01 1.806512e+01 1.810084e+01 1.813699e+01 1.817353e+01 
1.765178e+01 1.765344e+01 1.765839e+01 1.766653e+01 1.767772e+01 1.769176e+01 1.770843e+01 1.772752e+01 1.774877e+01 1.777197e+01 1.779692e+01 1.782340e+01 1.785125e+01 1.788031e+01 1.791044e+01 1.794151e+01 1.797343e+01 1.800609e+01 1.803941e+01 1.807332e+01 1.810775e+01 1.814266e+01 1.817799e+01 1.821370e+01 
1.770422e+01 1.770583e+01 1.771064e+01 1.771856e+01 1.772944e+01 1.774310e+01 1.775932e+01 1.777790e+01 1.779860e+01 1.782120e+01 1.784551e+01 1.787133e+01 1.789850e+01 1.792685e+01 1.795625e+01 1.798659e+01 1.801775e+01 1.804964e+01 1.808219e+01 1.811532e+01 1.814897e+01 1.818308e+01 1.821762e+01 1.825253e+01 
1.775515e+01 1.775672e+01 1.776139e+01 1.776908e+01 1.777965e+01 1.779292e+01 1.780871e+01 1.782678e+01 1.784693e+01 1.786894e+01 1.789263e+01 1.791779e+01 1.794428e+01 1.797193e+01 1.800062e+01 1.803023e+01 1.806065e+01 1.809180e+01 1.812359e+01 1.815596e+01 1.818884e+01 1.822218e+01 1.825594e+01 1.829007e+01 
1.780464e+01 1.780616e+01 1.781070e+01 1.781816e+01 1.782843e+01 1.784132e+01 1.785666e+01 1.787424e+01 1.789384e+01 1.791527e+01 1.793834e+01 1.796286e+01 1.798868e+01 1.801564e+01 1.804363e+01 1.807253e+01 1.810223e+01 1.813264e+01 1.816370e+01 1.819532e+01 1.822746e+01 1.826005e+01 1.829305e+01 1.832642e+01 
1.785276e+01 1.785424e+01 1.785864e+01 1.786588e+01 1.787584e+01 1.788836e+01 1.790326e+01 1.792034e+01 1.793941e+01 1.796026e+01 1.798272e+01 1.800660e+01 1.803176e+01 1.805806e+01 1.808536e+01 1.811356e+01 1.814255e+01 1.817225e+01 1.820258e+01 1.823348e+01 1.826488e+01 1.829674e+01 1.832900e+01 1.836164e+01 
1.789958e+01 1.790101e+01 1.790527e+01 1.791229e+01 1.792195e+01 1.793411e+01 1.794857e+01 1.796517e+01 1.798370e+01 1.800398e+01 1.802584e+01 1.804910e+01 1.807361e+01 1.809924e+01 1.812587e+01 1.815338e+01 1.818168e+01 1.821068e+01 1.824030e+01 1.827049e+01 1.830118e+01 1.833232e+01 1.836387e+01 1.839578e+01 
1.794514e+01 1.794653e+01 1.795065e+01 1.795746e+01 1.796682e+01 1.797861e+01 1.799265e+01 1.800876e+01 1.802677e+01 1.804649e+01 1.806776e+01 1.809040e+01 1.811428e+01 1.813926e+01 1.816523e+01 1.819206e+01 1.821968e+01 1.824800e+01 1.827693e+01 1.830643e+01 1.833642e+01 1.836686e+01 1.839771e+01 1.842892e+01 
1.798950e+01 1.799084e+01 1.799484e+01 1.800143e+01 1.801050e+01 1.802193e+01 1.803555e+01 1.805119e+01 1.806868e+01 1.808785e+01 1.810853e+01 1.813057e+01 1.815383e+01 1.817817e+01 1.820349e+01 1.822966e+01 1.825662e+01 1.828426e+01 1.831252e+01 1.834134e+01 1.837065e+01 1.840041e+01 1.843057e+01 1.846110e+01 
1.803270e+01 1.803400e+01 1.803787e+01 1.804425e+01 1.805304e+01 1.806411e+01 1.807731e+01 1.809249e+01 1.810948e+01 1.812810e+01 1.814822e+01 1.816966e+01 1.819231e+01 1.821602e+01 1.824070e+01 1.826623e+01 1.829253e+01 1.831952e+01 1.834712e+01 1.837527e+01 1.840392e+01 1.843302e+01 1.846252e+01 1.849238e+01 
1.807479e+01 1.807604e+01 1.807979e+01 1.808596e+01 1.809447e+01 1.810519e+01 1.811800e+01 1.813272e+01 1.814921e+01 1.816730e+01 1.818686e+01 1.820772e+01 1.822977e+01 1.825287e+01 1.827692e+01 1.830182e+01 1.832748e+01 1.835383e+01 1.838078e+01 1.840829e+01 1.843628e+01 1.846473e+01 1.849358e+01 1.852279e+01 
1.811580e+01 1.811701e+01 1.812063e+01 1.812661e+01 1.813484e+01 1.814523e+01 1.815764e+01 1.817192e+01 1.818792e+01 1.820549e+01 1.822450e+01 1.824479e+01 1.826625e+01 1.828875e+01 1.831219e+01 1.833647e+01 1.836151e+01 1.838722e+01 1.841355e+01 1.844042e+01 1.846778e+01 1.849559e+01 1.852381e+01 1.855238e+01 
1.815578e+01 1.815695e+01 1.816045e+01 1.816623e+01 1.817420e+01 1.818425e+01 1.819627e+01 1.821012e+01 1.822564e+01 1.824271e+01 1.826118e+01 1.828092e+01 1.830180e+01 1.832371e+01 1.834655e+01 1.837023e+01 1.839466e+01 1.841975e+01 1.844546e+01 1.847171e+01 1.849846e+01 1.852565e+01 1.855324e+01 1.858120e+01 
1.819475e+01 1.819588e+01 1.819927e+01 1.820485e+01 1.821256e+01 1.822230e+01 1.823394e+01 1.824736e+01 1.826243e+01 1.827900e+01 1.829694e+01 1.831613e+01 1.833645e+01 1.835779e+01 1.838005e+01 1.840313e+01 1.842696e+01 1.845145e+01 1.847656e+01 1.850220e+01 1.852834e+01 1.855492e+01 1.858191e+01 1.860927e+01 
1.823275e+01 1.823385e+01 1.823712e+01 1.824252e+01 1.824998e+01 1.825940e+01 1.827068e+01 1.828369e+01 1.829830e+01 1.831438e+01 1.833182e+01 1.835048e+01 1.837025e+01 1.839102e+01 1.841271e+01 1.843521e+01 1.845845e+01 1.848236e+01 1.850687e+01 1.853193e+01 1.855747e+01 1.858347e+01 1.860986e+01 1.863662e+01 
1.826982e+01 1.827088e+01 1.827404e+01 1.827926e+01 1.828648e+01 1.829560e+01 1.830652e+01 1.831912e+01 1.833329e+01 1.834891e+01 1.836584e+01 1.838398e+01 1.840321e+01 1.842344e+01 1.844457e+01 1.846650e+01 1.848918e+01 1.851251e+01 1.853644e+01 1.856092e+01 1.858589e+01 1.861130e+01 1.863712e+01 1.866331e+01 
1.830598e+01 1.830700e+01 1.831005e+01 1.831510e+01 1.832208e+01 1.833091e+01 1.834148e+01 1.835370e+01 1.836744e+01 1.838259e+01 1.839904e+01 1.841668e+01 1.843539e+01 1.845508e+01 1.847566e+01 1.849704e+01 1.851916e+01 1.854193e+01 1.856530e+01 1.858921e+01 1.861361e+01 1.863846e+01 1.866372e+01 1.868934e+01 
1.834125e+01 1.834224e+01 1.834519e+01 1.835007e+01 1.835682e+01 1.836536e+01 1.837561e+01 1.838744e+01 1.840077e+01 1.841548e+01 1.843145e+01 1.844859e+01 1.846679e+01 1.848596e+01 1.850601e+01 1.852686e+01 1.854842e+01 1.857065e+01 1.859347e+01 1.861683e+01 1.864068e+01 1.866498e+01 1.868968e+01 1.871475e+01 
1.837568e+01 1.837663e+01 1.837949e+01 1.838420e+01 1.839073e+01 1.839900e+01 1.840891e+01 1.842039e+01 1.843331e+01 1.844758e+01 1.846310e+01 1.847976e+01 1.849746e+01 1.851612e+01 1.853565e+01 1.855597e+01 1.857701e+01 1.859870e+01 1.862098e+01 1.864380e+01 1.866711e+01 1.869087e+01 1.871503e+01 1.873957e+01 
1.840927e+01 1.841020e+01 1.841296e+01 1.841752e+01 1.842383e+01 1.843183e+01 1.844143e+01 1.845255e+01 1.846508e+01 1.847894e+01 1.849401e+01 1.851020e+01 1.852742e+01 1.854558e+01 1.856461e+01 1.858441e+01 1.860493e+01 1.862610e+01 1.864785e+01 1.867015e+01 1.869293e+01 1.871616e+01 1.873980e+01 1.876381e+01 
SLICE 2 40
1.877141e-01 1.873884e-01 1.865722e-01 1.852772e-01 1.835261e-01 1.813491e-01 1.787814e-01 1.758608e-01 1.726256e-01 1.691137e-01 1.653608e-01 1.614008e-01 1.572653e-01 1.529839e-01 1.485845e-01 1.440938e-01 1.395385e-01 1.349456e-01 1.303441e-01 1.257665e-01 1.212509e-01 1.168456e-01 1.126163e-01 1.086659e-01 
1.693173e-01 1.690083e-01 1.682332e-01 1.670043e-01 1.653430e-01 1.632783e-01 1.608434e-01 1.580743e-01 1.550075e-01 1.516789e-01 1.481227e-01 1.443710e-01 1.404540e-01 1.363998e-01 1.322352e-01 1.279859e-01 1.236773e-01 1.193355e-01 1.149884e-01 1.106670e-01 1.064077e-01 1.022556e-01 9.826951e-02 9.453032e-02 
1.515677e-01 1.512769e-01 1.505441e-01 1.493815e-01 1.478099e-01 1.458565e-01 1.435529e-01 1.409331e-01 1.380317e-01 1.348826e-01 1.315182e-01 1.279691e-01 1.242639e-01 1.204294e-01 1.164909e-01 1.124729e-01 1.083995e-01 1.042956e-01 1.001875e-01 9.610423e-02 9.207940e-02 8.815316e-02 8.437466e-02 8.080257e-02 
1.344219e-01 1.341502e-01 1.334603e-01 1.323643e-01 1.308820e-01 1.290390e-01 1.268651e-01 1.243924e-01 1.216535e-01 1.186802e-01 1.155032e-01 1.121514e-01 1.086518e-01 1.050297e-01 1.013090e-01 9.751285e-02 9.366402e-02 8.978569e-02 8.590232e-02 8.204059e-02 7.823057e-02 7.450676e-02 7.090850e-02 6.747696e-02 
1.178409e-01 1.175887e-01 1.169421e-01 1.159127e-01 1.145191e-01 1.127856e-01 1.107400e-01 1.084122e-01 1.058328e-01 1.030319e-01 1.000380e-01 9.687845e-02 9.357853e-02 9.016205e-02 8.665148e-02 8.306841e-02 7.943406e-02 7.576986e-02 7.209818e-02 6.844298e-02 6.483051e-02 6.128960e-02 5.785083e-02 5.454262e-02 
1.017900e-01 1.015574e-01 1.009541e-01 9.999102e-02 9.868565e-02 9.706045e-02 9.514139e-02 9.295634e-02 9.053376e-02 8.790165e-02 8.508685e-02 8.211470e-02 7.900893e-02 7.579173e-02 7.248403e-02 6.910585e-02 6.567671e-02 6.221617e-02 5.874433e-02 5.528229e-02 5.185247e-02 4.847837e-02 4.518327e-02 4.198645e-02 
8.623784e-02 8.602496e-02 8.546472e-02 8.456750e-02 8.334942e-02 8.183124e-02 8.003696e-02 7.799235e-02 7.572375e-02 7.325712e-02 7.061738e-02 6.782807e-02 6.491119e-02 6.188732e-02 5.877576e-02 5.559487e-02 5.236245e-02 4.909605e-02 4.581344e-02 4.253281e-02 3.927290e-02 3.605245e-02 3.288877e-02 2.979460e-02 
7.115644e-02 7.096305e-02 7.044555e-02 6.961346e-02 6.848158e-02 6.706894e-02 6.539751e-02 6.349095e-02 6.137348e-02 5.906899e-02 5.660046e-02 5.398958e-02 5.125662e-02 4.842047e-02 4.549880e-02 4.250825e-02 3.946479e-02 3.638396e-02 3.328115e-02 3.017172e-02 2.707093e-02 2.399335e-02 2.095146e-02 1.795327e-02 
5.652033e-02 5.634621e-02 5.587089e-02 5.510303e-02 5.405608e-02 5.274730e-02 5.119664e-02 4.942565e-02 4.745641e-02 4.531074e-02 4.300966e-02 4.057299e-02 3.801924e-02 3.536559e-02 3.262802e-02 2.982143e-02 2.695994e-02 2.405703e-02 2.112573e-02 1.817868e-02 1.522794e-02 1.228440e-02 9.356645e-03 6.449152e-03 
4.230642e-02 4.215125e-02 4.171743e-02 4.101274e-02 4.004926e-02 3.884249e-02 3.741039e-02 3.577239e-02 3.394844e-02 3.195830e-02 2.982100e-02 2.755449e-02 2.517550e-02 2.269949e-02 2.014069e-02 1.751228e-02 1.482647e-02 1.209471e-02 9.327715e-03 6.535522e-03 3.727229e-03 9.105176e-04 -1.909246e-03 -4.730311e-03 
2.849352e-02 2.835692e-02 2.796382e-02 2.732111e-02 2.643950e-02 2.533276e-02 2.401689e-02 2.250923e-02 2.082761e-02 1.898973e-02 1.701264e-02 1.491242e-02 1.270400e-02 1.040110e-02 8.016218e-03 5.560751e-03 3.045050e-03 4.785165e-04 -2.130361e-03 -4.774055e-03 -7.446192e-03 -1.014195e-02 -1.285869e-02 -1.559683e-02 
1.506208e-02 1.494366e-02 1.459041e-02 1.400836e-02 1.320690e-02 1.219812e-02 1.099608e-02 9.616049e-03 8.073792e-03 6.384959e-03 4.564632e-03 2.627017e-03 5.852415e-04 -1.548729e-03 -3.764117e-03 -6.051307e-03 -8.401807e-03 -1.080822e-02 -1.326423e-02 -1.576472e-02 -1.830584e-02 -2.088536e-02 -2.350307e-02 -2.616120e-02 
1.993907e-03 1.893220e-03 1.578905e-03 1.056156e-03 3.330655e-04 -5.799093e-04 -1.670579e-03 -2.925685e-03 -4.331517e-03 -5.874442e-03 -7.541327e-03 -9.319837e-03 -1.119863e-02 -1.316750e-02 -1.521738e-02 -1.734042e-02 -1.952997e-02 -2.178060e-02 -2.408812e-02 -2.644968e-02 -2.886388e-02 -3.133091e-02 -3.385274e-02 -3.643326e-02 
-1.072807e-02 -1.081146e-02 -1.108778e-02 -1.155265e-02 -1.219919e-02 -1.301852e-02 -1.400028e-02 -1.513315e-02 -1.640544e-02 -1.780550e-02 -1.932211e-02 -2.094481e-02 -2.266402e-02 -2.447126e-02 -2.635919e-02 -2.832168e-02 -3.035391e-02 -3.245235e-02 -3.461489e-02 -3.684091e-02 -3.913133e-02 -4.148867e-02 -4.391703e-02 -4.642189e-02 
-2.311997e-02 -2.318651e-02 -2.342579e-02 -2.383418e-02 -2.440599e-02 -2.513383e-02 -2.600910e-02 -2.702237e-02 -2.816391e-02 -2.942401e-02 -3.079336e-02 -3.226331e-02 -3.382605e-02 -3.547479e-02 -3.720389e-02 -3.900894e-02 -4.088685e-02 -4.283600e-02 -4.485628e-02 -4.694923e-02 -4.911809e-02 -5.136770e-02 -5.370428e-02 -5.613499e-02 
-3.519710e-02 -3.524723e-02 -3.545042e-02 -3.580373e-02 -3.630259e-02 -3.694104e-02 -3.771216e-02 -3.860836e-02 -3.962181e-02 -4.074471e-02 -4.196961e-02 -4.328964e-02 -4.469874e-02 -4.619178e-02 -4.776477e-02 -4.941496e-02 -5.114099e-02 -5.294304e-02 -5.482300e-02 -5.678452e-02 -5.883314e-02 -6.097608e-02 -6.322187e-02 -6.557952e-02 
-4.697411e-02 -4.700826e-02 -4.717627e-02 -4.747586e-02 -4.790348e-02 -4.845456e-02 -4.912376e-02 -4.990530e-02 -5.079317e-02 -5.178145e-02 -5.286449e-02 -5.403720e-02 -5.529518e-02 -5.663496e-02 -5.805415e-02 -5.955159e-02 -6.112759e-02 -6.278410e-02 -6.452490e-02 -6.635577e-02 -6.828456e-02 -7.032100e-02 -7.247620e-02 -7.476140e-02 
-5.846505e-02 -5.848363e-02 -5.861736e-02 -5.886452e-02 -5.922254e-02 -5.968812e-02 -6.025751e-02 -6.092662e-02 -6.169124e-02 -6.254726e-02 -6.349082e-02 -6.451853e-02 -6.562764e-02 -6.681626e-02 -6.808354e-02 -6.942989e-02 -7.085719e-02 -7.236906e-02 -7.397114e-02 -7.567127e-02 -7.747968e-02 -7.940881e-02 -8.147272e-02 -8.368548e-02 
-6.968342e-02 -6.968685e-02 -6.978715e-02 -6.998312e-02 -7.027305e-02 -7.065490e-02 -7.112640e-02 -7.168512e-02 -7.232862e-02 -7.305453e-02 -7.386073e-02 -7.474550e-02 -7.570768e-02 -7.674691e-02 -7.786382e-02 -7.906027e-02 -8.033965e-02 -8.170718e-02 -8.317024e-02 -8.473869e-02 -8.642517e-02 -8.824505e-02 -9.021588e-02 -9.235545e-02 
-8.064226e-02 -8.063097e-02 -8.069869e-02 -8.084461e-02 -8.106786e-02 -8.136756e-02 -8.174290e-02 -8.219306e-02 -8.271732e-02 -8.331504e-02 -8.398576e-02 -8.472938e-02 -8.554628e-02 -8.643757e-02 -8.740526e-02 -8.845260e-02 -8.958438e-02 -9.080727e-02 -9.213029e-02 -9.356525e-02 -9.512716e-02 -9.683456e-02 -9.870911e-02 -1.007737e-01 
-9.135412e-02 -9.132856e-02 -9.136454e-02 -9.146152e-02 -9.161935e-02 -9.183832e-02 -9.211901e-02 -9.246223e-02 -9.286890e-02 -9.334006e-02 -9.387691e-02 -9.448091e-02 -9.515391e-02 -9.589839e-02 -9.671768e-02 -9.761632e-02 -9.860033e-02 -9.967775e-02 -1.008591e-01 -1.021578e-01 -1.035914e-01 -1.051815e-01 -1.069548e-01 -1.089408e-01 
-1.018311e-01 -1.017918e-01 -1.017969e-01 -1.018460e-01 -1.019395e-01 -1.020790e-01 -1.022663e-01 -1.025040e-01 -1.027944e-01 -1.031404e-01 -1.035448e-01 -1.040104e-01 -1.045406e-01 -1.051391e-01 -1.058105e-01 -1.065605e-01 -1.073962e-01 -1.083268e-01 -1.093641e-01 -1.105232e-01 -1.118234e-01 -1.132898e-01 -1.149541e-01 -1.168555e-01 
-1.120846e-01 -1.120325e-01 -1.120077e-01 -1.120098e-01 -1.120401e-01 -1.121010e-01 -1.121961e-01 -1.123292e-01 -1.125046e-01 -1.127266e-01 -1.129996e-01 -1.133278e-01 -1.137160e-01 -1.141692e-01 -1.146929e-01 -1.152940e-01 -1.159805e-01 -1.167625e-01 -1.176529e-01 -1.186680e-01 -1.198288e-01 -1.211630e-01 -1.227075e-01 -1.245133e-01 
-1.221257e-01 -1.220619e-01 -1.220084e-01 -1.219644e-01 -1.219322e-01 -1.219155e-01 -1.219191e-01 -1.219486e-01 -1.220098e-01 -1.221087e-01 -1.222511e-01 -1.224427e-01 -1.226896e-01 -1.229977e-01 -1.233738e-01 -1.238254e-01 -1.243615e-01 -1.249929e-01 -1.257332e-01 -1.265994e-01 -1.276136e-01 -1.288052e-01 -1.302148e-01 -1.319050e-01 
SLICE 3 40
0.000000e+00 0.000000e+00 0.000000e+00 0.000000e+00 0.000000e+00 0.000000e+00 0.000000e+00 0.000000e+00 0.000000e+00 0.000000e+00 0.000000e+00 0.000000e+00 0.000000e+00 0.000000e+00 0.000000e+00 0.000000e+00 0.000000e+00 0.000000e+00 0.000000e+00 0.000000e+00 0.000000e+00 0.000000e+00 0.000000e+00 0.000000e+00 
1.840605e-01 1.836927e-01 1.829115e-01 1.817121e-01 1.801077e-01 1.781219e-01 1.757841e-01 1.731272e-01 1.701853e-01 1.669929e-01 1.635836e-01 1.599898e-01 1.562429e-01 1.523733e-01 1.484113e-01 1.443872e-01 1.403332e-01 1.362850e-01 1.322842e-01 1.283833e-01 1.246545e-01 1.212097e-01 1.182499e-01 1.162074e-01 
1.807398e-01 1.803798e-01 1.796481e-01 1.785443e-01 1.770795e-01 1.752733e-01 1.731508e-01 1.707409e-01 1.680740e-01 1.651817e-01 1.620954e-01 1.588465e-01 1.554657e-01 1.519841e-01 1.484335e-01 1.448470e-01 1.412611e-01 1.377170e-01 1.342648e-01 1.309680e-01 1.279135e-01 1.252274e-01 1.231036e-01 1.218430e-01 
1.777543e-01 1.774177e-01 1.767431e-01 1.757345e-01 1.744026e-01 1.727649e-01 1.708434e-01 1.686635e-01 1.662530e-01 1.636407e-01 1.608561e-01 1.579291e-01 1.548900e-01 1.517700e-01 1.486014e-01 1.454190e-01 1.422614e-01 1.391727e-01 1.362058e-01 1.334265e-01 1.309197e-01 1.287979e-01 1.272086e-01 1.263320e-01 
1.750875e-01 1.747788e-01 1.741634e-01 1.732471e-01 1.720408e-01 1.705603e-01 1.688254e-01 1.668590e-01 1.646861e-01 1.623332e-01 1.598282e-01 1.571994e-01 1.544763e-01 1.516896e-01 1.488715e-01 1.460572e-01 1.432853e-01 1.406001e-01 1.380533e-01 1.357066e-01 1.336351e-01 1.319294e-01 1.306944e-01 1.300376e-01 
1.727161e-01 1.724358e-01 1.718781e-01 1.710495e-01 1.699607e-01 1.686260e-01 1.670634e-01 1.652937e-01 1.633396e-01 1.612258e-01 1.589780e-01 1.566233e-01 1.541900e-01 1.517076e-01 1.492078e-01 1.467248e-01 1.442960e-01 1.419635e-01 1.397754e-01 1.377865e-01 1.360597e-01 1.346653e-01 1.336769e-01 1.331612e-01 
1.706146e-01 1.703614e-01 1.698583e-01 1.691116e-01 1.681315e-01 1.669311e-01 1.655268e-01 1.639373e-01 1.621837e-01 1.602885e-01 1.582760e-01 1.561714e-01 1.540017e-01 1.517950e-01 1.495816e-01 1.473940e-01 1.452674e-01 1.432407e-01 1.413568e-01 1.396631e-01 1.382110e-01 1.370543e-01 1.362454e-01 1.358280e-01 
1.687574e-01 1.685296e-01 1.680771e-01 1.674060e-01 1.665255e-01 1.654479e-01 1.641879e-01 1.627628e-01 1.611917e-01 1.594955e-01 1.576966e-01 1.558188e-01 1.538871e-01 1.519284e-01 1.499708e-01 1.480447e-01 1.461825e-01 1.444194e-01 1.427930e-01 1.413434e-01 1.401123e-01 1.391411e-01 1.384680e-01 1.381230e-01 
1.671203e-01 1.669158e-01 1.665096e-01 1.659074e-01 1.651177e-01 1.641516e-01 1.630227e-01 1.617465e-01 1.603407e-01 1.588244e-01 1.572184e-01 1.555447e-01 1.538269e-01 1.520896e-01 1.503591e-01 1.486632e-01 1.470315e-01 1.454950e-01 1.440864e-01 1.428395e-01 1.417882e-01 1.409646e-01 1.403972e-01 1.401076e-01 
1.656807e-01 1.654973e-01 1.651331e-01 1.645933e-01 1.638856e-01 1.630203e-01 1.620095e-01 1.608675e-01 1.596105e-01 1.582561e-01 1.568233e-01 1.553325e-01 1.538055e-01 1.522649e-01 1.507350e-01 1.492410e-01 1.478092e-01 1.464673e-01 1.452433e-01 1.441657e-01 1.432619e-01 1.425576e-01 1.420745e-01 1.418287e-01 
1.644178e-01 1.642534e-01 1.639270e-01 1.634433e-01 1.628094e-01 1.620344e-01 1.611297e-01 1.601081e-01 1.589843e-01 1.577746e-01 1.564965e-01 1.551687e-01 1.538110e-01 1.524444e-01 1.510908e-01 1.497730e-01 1.485145e-01 1.473395e-01 1.462722e-01 1.453365e-01 1.445551e-01 1.439484e-01 1.435336e-01 1.433229e-01 
1.633129e-01 1.631655e-01 1.628729e-01 1.624394e-01 1.618713e-01 1.611771e-01 1.603669e-01 1.594526e-01 1.584476e-01 1.573667e-01 1.562259e-01 1.550424e-01 1.538344e-01 1.526208e-01 1.514216e-01 1.502572e-01 1.491484e-01 1.481165e-01 1.471824e-01 1.463662e-01 1.456868e-01 1.451608e-01 1.448021e-01 1.446201e-01 
1.623494e-01 1.622171e-01 1.619545e-01 1.615655e-01 1.610559e-01 1.604333e-01 1.597070e-01 1.588878e-01 1.579880e-01 1.570210e-01 1.560016e-01 1.549453e-01 1.538688e-01 1.527892e-01 1.517246e-01 1.506932e-01 1.497136e-01 1.488043e-01 1.479834e-01 1.472681e-01 1.466742e-01 1.462155e-01 1.459031e-01 1.457449e-01 
1.615123e-01 1.613934e-01 1.611572e-01 1.608075e-01 1.603495e-01 1.597901e-01 1.591378e-01 1.584025e-01 1.575952e-01 1.567285e-01 1.558155e-01 1.548707e-01 1.539091e-01 1.529464e-01 1.519986e-01 1.510821e-01 1.502136e-01 1.494091e-01 1.486845e-01 1.480545e-01 1.475324e-01 1.471299e-01 1.468562e-01 1.467177e-01 
1.607886e-01 1.606814e-01 1.604685e-01 1.601532e-01 1.597404e-01 1.592364e-01 1.586489e-01 1.579869e-01 1.572606e-01 1.564813e-01 1.556613e-01 1.548136e-01 1.539518e-01 1.530902e-01 1.522432e-01 1.514257e-01 1.506523e-01 1.499373e-01 1.492944e-01 1.487364e-01 1.482748e-01 1.479194e-01 1.476780e-01 1.475559e-01 
1.601669e-01 1.600698e-01 1.598771e-01 1.595918e-01 1.592183e-01 1.587624e-01 1.582311e-01 1.576328e-01 1.569768e-01 1.562734e-01 1.555338e-01 1.547699e-01 1.539942e-01 1.532195e-01 1.524591e-01 1.517262e-01 1.510338e-01 1.503947e-01 1.498210e-01 1.493237e-01 1.489129e-01 1.485970e-01 1.483825e-01 1.482742e-01 
1.596373e-01 1.595489e-01 1.593736e-01 1.591141e-01 1.587744e-01 1.583599e-01 1.578770e-01 1.573334e-01 1.567377e-01 1.560993e-01 1.554286e-01 1.547365e-01 1.540343e-01 1.533339e-01 1.526471e-01 1.519860e-01 1.513622e-01 1.507871e-01 1.502715e-01 1.498251e-01 1.494568e-01 1.491738e-01 1.489818e-01 1.488848e-01 
1.591912e-01 1.591103e-01 1.589498e-01 1.587121e-01 1.584012e-01 1.580218e-01 1.575800e-01 1.570828e-01 1.565382e-01 1.559550e-01 1.553426e-01 1.547112e-01 1.540711e-01 1.534332e-01 1.528083e-01 1.522073e-01 1.516409e-01 1.511194e-01 1.506522e-01 1.502482e-01 1.499150e-01 1.496592e-01 1.494858e-01 1.493983e-01 
1.588216e-01 1.587469e-01 1.585986e-01 1.583793e-01 1.580923e-01 1.577422e-01 1.573346e-01 1.568762e-01 1.563742e-01 1.558370e-01 1.552731e-01 1.546921e-01 1.541035e-01 1.535174e-01 1.529438e-01 1.523926e-01 1.518735e-01 1.513960e-01 1.509686e-01 1.505993e-01 1.502949e-01 1.500614e-01 1.499032e-01 1.498233e-01 
1.585223e-01 1.584526e-01 1.583145e-01 1.581100e-01 1.578425e-01 1.575163e-01 1.571366e-01 1.567097e-01 1.562424e-01 1.557424e-01 1.552180e-01 1.546779e-01 1.541311e-01 1.535869e-01 1.530547e-01 1.525437e-01 1.520628e-01 1.516207e-01 1.512253e-01 1.508838e-01 1.506026e-01 1.503869e-01 1.502408e-01 1.501671e-01 
1.582885e-01 1.582229e-01 1.580926e-01 1.578998e-01 1.576476e-01 1.573401e-01 1.569823e-01 1.565801e-01 1.561400e-01 1.556692e-01 1.551757e-01 1.546676e-01 1.541535e-01 1.536421e-01 1.531422e-01 1.526624e-01 1.522113e-01 1.517967e-01 1.514262e-01 1.511063e-01 1.508430e-01 1.506411e-01 1.505044e-01 1.504354e-01 
1.581165e-01 1.580537e-01 1.579293e-01 1.577451e-01 1.575042e-01 1.572106e-01 1.568690e-01 1.564849e-01 1.560649e-01 1.556157e-01 1.551449e-01 1.546604e-01 1.541704e-01 1.536831e-01 1.532070e-01 1.527502e-01 1.523209e-01 1.519265e-01 1.515742e-01 1.512702e-01 1.510200e-01 1.508282e-01 1.506983e-01 1.506328e-01 
1.580033e-01 1.579425e-01 1.578219e-01 1.576434e-01 1.574100e-01 1.571255e-01 1.567945e-01 1.564225e-01 1.560157e-01 1.555807e-01 1.551249e-01 1.546559e-01 1.541817e-01 1.537103e-01 1.532498e-01 1.528082e-01 1.523932e-01 1.520121e-01 1.516716e-01 1.513780e-01 1.511364e-01 1.509512e-01 1.508259e-01 1.507626e-01 
1.579472e-01 1.578874e-01 1.577686e-01 1.575930e-01 1.573633e-01 1.570833e-01 1.567576e-01 1.563916e-01 1.559913e-01 1.555634e-01 1.551150e-01 1.546537e-01 1.541874e-01 1.537238e-01 1.532711e-01 1.528369e-01 1.524290e-01 1.520545e-01 1.517200e-01 1.514315e-01 1.511941e-01 1.510122e-01 1.508891e-01 1.508269e-01 
SLICE 1 60
1.554545e+01 1.554735e+01 1.555298e+01 1.556224e+01 1.557496e+01 1.559091e+01 1.560984e+01 1.563147e+01 1.565555e+01 1.568182e+01 1.571002e+01 1.573995e+01 1.577139e+01 1.580417e+01 1.583814e+01 1.587315e+01 1.590909e+01 1.594585e+01 1.598333e+01 1.602146e+01 1.606017e+01 1.609940e+01 1.613909e+01 1.617919e+01 
1.564903e+01 1.565088e+01 1.565638e+01 1.566542e+01 1.567783e+01 1.569340e+01 1.571188e+01 1.573301e+01 1.575652e+01 1.578216e+01 1.580970e+01 1.583892e+01 1.586962e+01 1.590163e+01 1.593480e+01 1.596899e+01 1.600409e+01 1.603999e+01 1.607659e+01 1.611383e+01 1.615164e+01 1.618995e+01 1.622871e+01 1.626788e+01 
1.574866e+01 1.575046e+01 1.575582e+01 1.576464e+01 1.577675e+01 1.579194e+01 1.580997e+01 1.583058e+01 1.585353e+01 1.587855e+01 1.590543e+01 1.593396e+01 1.596393e+01 1.599519e+01 1.602757e+01 1.606096e+01 1.609524e+01 1.613029e+01 1.616605e+01 1.620242e+01 1.623935e+01 1.627677e+01 1.631464e+01 1.635290e+01 
1.584461e+01 1.584636e+01 1.585159e+01 1.586018e+01 1.587198e+01 1.588679e+01 1.590437e+01 1.592447e+01 1.594685e+01 1.597126e+01 1.599749e+01 1.602532e+01 1.605458e+01 1.608509e+01 1.611671e+01 1.614931e+01 1.618278e+01 1.621702e+01 1.625194e+01 1.628747e+01 1.632355e+01 1.636011e+01 1.639711e+01 1.643449e+01 
1.593709e+01 1.593880e+01 1.594389e+01 1.595226e+01 1.596375e+01 1.597818e+01 1.599530e+01 1.601489e+01 1.603671e+01 1.606051e+01 1.608610e+01 1.611325e+01 1.614180e+01 1.617158e+01 1.620245e+01 1.623428e+01 1.626696e+01 1.630040e+01 1.633451e+01 1.636922e+01 1.640447e+01 1.644019e+01 1.647634e+01 1.651288e+01 
1.602634e+01 1.602800e+01 1.603295e+01 1.604109e+01 1.605228e+01 1.606632e+01 1.608299e+01 1.610207e+01 1.612333e+01 1.614653e+01 1.617147e+01 1.619796e+01 1.622581e+01 1.625487e+01 1.628500e+01 1.631607e+01 1.634799e+01 1.638065e+01 1.641397e+01 1.644788e+01 1.648231e+01 1.651722e+01 1.655255e+01 1.658826e+01 
1.611252e+01 1.611414e+01 1.611895e+01 1.612686e+01 1.613774e+01 1.615140e+01 1.616763e+01 1.618620e+01 1.620690e+01 1.622951e+01 1.625382e+01 1.627964e+01 1.630680e+01 1.633515e+01 1.636456e+01 1.639489e+01 1.642605e+01 1.645794e+01 1.649049e+01 1.652362e+01 1.655727e+01 1.659139e+01 1.662592e+01 1.666083e+01 
1.619583e+01 1.619739e+01 1.620207e+01 1.620976e+01 1.622033e+01 1.623360e+01 1.624938e+01 1.626746e+01 1.628761e+01 1.630962e+01 1.633330e+01 1.635847e+01 1.638496e+01 1.641261e+01 1.644130e+01 1.647091e+01 1.650133e+01 1.653248e+01 1.656427e+01 1.659664e+01 1.662952e+01 1.666286e+01 1.669662e+01 1.673075e+01 
1.627640e+01 1.627792e+01 1.628246e+01 1.628992e+01 1.630019e+01 1.631308e+01 1.632842e+01 1.634600e+01 1.636560e+01 1.638703e+01 1.641010e+01 1.643462e+01 1.646044e+01 1.648741e+01 1.651539e+01 1.654429e+01 1.657399e+01 1.660441e+01 1.663546e+01 1.666708e+01 1.669922e+01 1.673181e+01 1.676481e+01 1.679818e+01 
1.635439e+01 1.635587e+01 1.636027e+01 1.636751e+01 1.637747e+01 1.638999e+01 1.640489e+01 1.642197e+01 1.644104e+01 1.646189e+01 1.648435e+01 1.650823e+01 1.653339e+01 1.655969e+01 1.658699e+01 1.661518e+01 1.664418e+01 1.667388e+01 1.670421e+01 1.673511e+01 1.676651e+01 1.679837e+01 1.683063e+01 1.686327e+01 
1.642993e+01 1.643136e+01 1.643562e+01 1.644264e+01 1.645231e+01 1.646446e+01 1.647892e+01 1.649552e+01 1.651405e+01 1.653433e+01 1.655619e+01 1.657945e+01 1.660396e+01 1.662960e+01 1.665622e+01 1.668373e+01 1.671203e+01 1.674103e+01 1.677066e+01 1.680084e+01 1.683153e+01 1.686267e+01 1.689422e+01 1.692614e+01 
1.650313e+01 1.650452e+01 1.650865e+01 1.651545e+01 1.652482e+01 1.653660e+01 1.655064e+01 1.656676e+01 1.658476e+01 1.660449e+01 1.662575e+01 1.664839e+01 1.667228e+01 1.669726e+01 1.672322e+01 1.675006e+01 1.677768e+01 1.680599e+01 1.683493e+01 1.686442e+01 1.689441e+01 1.692486e+01 1.695570e+01 1.698692e+01 
1.657411e+01 1.657546e+01 1.657945e+01 1.658604e+01 1.659512e+01 1.660654e+01 1.662016e+01 1.663580e+01 1.665330e+01 1.667246e+01 1.669315e+01 1.671519e+01 1.673844e+01 1.676279e+01 1.678810e+01 1.681428e+01 1.684123e+01 1.686887e+01 1.689714e+01 1.692595e+01 1.695526e+01 1.698503e+01 1.701519e+01 1.704572e+01 
1.664297e+01 1.664427e+01 1.664814e+01 1.665452e+01 1.666331e+01 1.667438e+01 1.668759e+01 1.670276e+01 1.671975e+01 1.673838e+01 1.675849e+01 1.677993e+01 1.680258e+01 1.682630e+01 1.685097e+01 1.687651e+01 1.690281e+01 1.692979e+01 1.695739e+01 1.698555e+01 1.701419e+01 1.704329e+01 1.707279e+01 1.710265e+01 
1.670980e+01 1.671106e+01 1.671480e+01 1.672097e+01 1.672948e+01 1.674021e+01 1.675301e+01 1.676773e+01 1.678422e+01 1.680232e+01 1.682187e+01 1.684274e+01 1.686478e+01 1.688788e+01 1.691194e+01 1.693684e+01 1.696250e+01 1.698884e+01 1.701580e+01 1.704330e+01 1.707130e+01 1.709974e+01 1.712859e+01 1.715781e+01 
1.677469e+01 1.677591e+01 1.677953e+01 1.678550e+01 1.679374e+01 1.680412e+01 1.681653e+01 1.683081e+01 1.684681e+01 1.686439e+01 1.688339e+01 1.690368e+01 1.692514e+01 1.694764e+01 1.697108e+01 1.699537e+01 1.702040e+01 1.704612e+01 1.707244e+01 1.709931e+01 1.712667e+01 1.715448e+01 1.718270e+01 1.721128e+01 
1.683773e+01 1.683890e+01 1.684240e+01 1.684817e+01 1.685615e+01 1.686620e+01 1.687822e+01 1.689207e+01 1.690759e+01 1.692466e+01 1.694313e+01 1.696286e+01 1.698375e+01 1.700566e+01 1.702850e+01 1.705218e+01 1.707660e+01 1.710170e+01 1.712741e+01 1.715366e+01 1.718040e+01 1.720759e+01 1.723519e+01 1.726314e+01 
1.689898e+01 1.690011e+01 1.690349e+01 1.690908e+01 1.691679e+01 1.692653e+01 1.693817e+01 1.695159e+01 1.696665e+01 1.698322e+01 1.700117e+01 1.702036e+01 1.704068e+01 1.706202e+01 1.708427e+01 1.710736e+01 1.713118e+01 1.715568e+01 1.718078e+01 1.720643e+01 1.723257e+01 1.725915e+01 1.728614e+01 1.731349e+01 
1.695852e+01 1.695961e+01 1.696288e+01 1.696828e+01 1.697574e+01 1.698517e+01 1.699644e+01 1.700945e+01 1.702406e+01 1.704015e+01 1.705758e+01 1.707624e+01 1.709601e+01 1.711678e+01 1.713847e+01 1.716097e+01 1.718422e+01 1.720812e+01 1.723264e+01 1.725769e+01 1.728324e+01 1.730923e+01 1.733562e+01 1.736239e+01 
1.701641e+01 1.701747e+01 1.702063e+01 1.702585e+01 1.703307e+01 1.704219e+01 1.705311e+01 1.706572e+01 1.707989e+01 1.709550e+01 1.711243e+01 1.713057e+01 1.714981e+01 1.717004e+01 1.719116e+01 1.721310e+01 1.723577e+01 1.725910e+01 1.728304e+01 1.730751e+01 1.733248e+01 1.735790e+01 1.738371e+01 1.740990e+01 
1.707273e+01 1.707376e+01 1.707681e+01 1.708186e+01 1.708884e+01 1.709766e+01 1.710824e+01 1.712045e+01 1.713420e+01 1.714935e+01 1.716580e+01 1.718343e+01 1.720214e+01 1.722183e+01 1.724241e+01 1.726380e+01 1.728591e+01 1.730869e+01 1.733206e+01 1.735597e+01 1.738037e+01 1.740522e+01 1.743047e+01 1.745609e+01 
1.712753e+01 1.712852e+01 1.713147e+01 1.713635e+01 1.714310e+01 1.715164e+01 1.716188e+01 1.717372e+01 1.718705e+01 1.720176e+01 1.721773e+01 1.723487e+01 1.725307e+01 1.727224e+01 1.729229e+01 1.731314e+01 1.733470e+01 1.735693e+01 1.737975e+01 1.740311e+01 1.742696e+01 1.745125e+01 1.747596e+01 1.750103e+01 
1.718087e+01 1.718183e+01 1.718468e+01 1.718940e+01 1.719593e+01 1.720419e+01 1.721411e+01 1.722558e+01 1.723850e+01 1.725278e+01 1.726829e+01 1.728495e+01 1.730266e+01 1.732132e+01 1.734085e+01 1.736117e+01 1.738220e+01 1.740389e+01 1.742617e+01 1.744899e+01 1.747230e+01 1.749606e+01 1.752023e+01 1.754476e+01 
1.723280e+01 1.723373e+01 1.723649e+01 1.724105e+01 1.724736e+01 1.725536e+01 1.726496e+01 1.727608e+01 1.728861e+01 1.730246e+01 1.731754e+01 1.733373e+01 1.735095e+01 1.736911e+01 1.738814e+01 1.740794e+01 1.742846e+01 1.744963e+01 1.747138e+01 1.749368e+01 1.751646e+01 1.753969e+01 1.756333e+01 1.758734e+01 
SLICE 2 60
2.972461e-01 2.969205e-01 2.961042e-01 2.948093e-01 2.930582e-01 2.908812e-01 2.883135e-01 2.853928e-01 2.821577e-01 2.786457e-01 2.748928e-01 2.709328e-01 2.667974e-01 2.625160e-01 2.581165e-01 2.536258e-01 2.490705e-01 2.444776e-01 2.398762e-01 2.352985e-01 2.307830e-01 2.263776e-01 2.221483e-01 2.181980e-01 
2.662134e-01 2.659043e-01 2.651292e-01 2.639003e-01 2.622391e-01 2.601743e-01 2.577394e-01 2.549703e-01 2.519036e-01 2.485750e-01 2.450187e-01 2.412670e-01 2.373500e-01 2.332959e-01 2.291313e-01 2.248820e-01 2.205734e-01 2.162316e-01 2.118844e-01 2.075630e-01 2.033037e-01 1.991516e-01 1.951655e-01 1.914263e-01 
2.363999e-01 2.361091e-01 2.353763e-01 2.342138e-01 2.326421e-01 2.306887e-01 2.283851e-01 2.257653e-01 2.228639e-01 2.197148e-01 2.163504e-01 2.128013e-01 2.090961e-01 2.052616e-01 2.013231e-01 1.973051e-01 1.932317e-01 1.891279e-01 1.850197e-01 1.809364e-01 1.769116e-01 1.729854e-01 1.692069e-01 1.656348e-01 
2.077245e-01 2.074527e-01 2.067629e-01 2.056669e-01 2.041846e-01 2.023416e-01 2.001677e-01 1.976950e-01 1.949560e-01 1.919828e-01 1.888058e-01 1.854540e-01 1.819544e-01 1.783322e-01 1.746116e-01 1.708154e-01 1.669666e-01 1.630883e-01 1.592049e-01 1.553432e-01 1.515332e-01 1.478094e-01 1.442111e-01 1.407795e-01 
1.801133e-01 1.798611e-01 1.792145e-01 1.781851e-01 1.767916e-01 1.750581e-01 1.730124e-01 1.706847e-01 1.681053e-01 1.653043e-01 1.623105e-01 1.591509e-01 1.558510e-01 1.524345e-01 1.489239e-01 1.453409e-01 1.417065e-01 1.380423e-01 1.343706e-01 1.307154e-01 1.271029e-01 1.235620e-01 1.201233e-01 1.168151e-01 
1.535000e-01 1.532674e-01 1.526641e-01 1.517010e-01 1.503957e-01 1.487705e-01 1.468514e-01 1.446663e-01 1.422438e-01 1.396117e-01 1.367969e-01 1.338247e-01 1.307189e-01 1.275017e-01 1.241940e-01 1.208159e-01 1.173867e-01 1.139262e-01 1.104543e-01 1.069923e-01 1.035625e-01 1.001884e-01 9.689328e-02 9.369646e-02 
1.278240e-01 1.276111e-01 1.270509e-01 1.261536e-01 1.249356e-01 1.234174e-01 1.216231e-01 1.195785e-01 1.173099e-01 1.148433e-01 1.122035e-01 1.094142e-01 1.064973e-01 1.034735e-01 1.003619e-01 9.718102e-02 9.394859e-02 9.068220e-02 8.739958e-02 8.411896e-02 8.085905e-02 7.763860e-02 7.447491e-02 7.138075e-02 
1.030305e-01 1.028372e-01 1.023197e-01 1.014876e-01 1.003557e-01 9.894305e-02 9.727162e-02 9.536506e-02 9.324758e-02 9.094310e-02 8.847457e-02 8.586369e-02 8.313073e-02 8.029458e-02 7.737290e-02 7.438236e-02 7.133890e-02 6.825807e-02 6.515525e-02 6.204583e-02 5.894504e-02 5.586745e-02 5.282556e-02 4.982737e-02 
7.906959e-02 7.889547e-02 7.842015e-02 7.765229e-02 7.660534e-02 7.529655e-02 7.374590e-02 7.197491e-02 7.000567e-02 6.786000e-02 6.555892e-02 6.312224e-02 6.056850e-02 5.791485e-02 5.517727e-02 5.237069e-02 4.950920e-02 4.660628e-02 4.367498e-02 4.072794e-02 3.777719e-02 3.483365e-02 3.190590e-02 2.899841e-02 
5.589532e-02 5.574014e-02 5.530632e-02 5.460164e-02 5.363816e-02 5.243139e-02 5.099929e-02 4.936129e-02 4.753734e-02 4.554720e-02 4.340989e-02 4.114338e-02 3.876440e-02 3.628838e-02 3.372959e-02 3.110117e-02 2.841537e-02 2.568360e-02 2.291661e-02 2.012442e-02 1.731613e-02 1.449941e-02 1.167965e-02 8.858586e-03 
3.346559e-02 3.332899e-02 3.293589e-02 3.229318e-02 3.141156e-02 3.030482e-02 2.898896e-02 2.748129e-02 2.579967e-02 2.396179e-02 2.198470e-02 1.988449e-02 1.767607e-02 1.537316e-02 1.298828e-02 1.053282e-02 8.017115e-03 5.450581e-03 2.841704e-03 1.980095e-04 -2.474127e-03 -5.169882e-03 -7.886622e-03 -1.062477e-02 
1.174146e-02 1.162303e-02 1.126978e-02 1.068774e-02 9.886278e-03 8.877495e-03 7.675454e-03 6.295426e-03 4.753169e-03 3.064335e-03 1.244009e-03 -6.936062e-04 -2.735382e-03 -4.869353e-03 -7.084741e-03 -9.371930e-03 -1.172243e-02 -1.412884e-02 -1.658486e-02 -1.908534e-02 -2.162646e-02 -2.420599e-02 -2.682369e-02 -2.948183e-02 
-9.313212e-03 -9.413899e-03 -9.728214e-03 -1.025096e-02 -1.097405e-02 -1.188703e-02 -1.297770e-02 -1.423280e-02 -1.563864e-02 -1.718156e-02 -1.884845e-02 -2.062696e-02 -2.250575e-02 -2.447462e-02 -2.652450e-02 -2.864754e-02 -3.083709e-02 -3.308772e-02 -3.539524e-02 -3.775680e-02 -4.017100e-02 -4.263803e-02 -4.515986e-02 -4.774038e-02 
-2.973214e-02 -2.981554e-02 -3.009186e-02 -3.055672e-02 -3.120326e-02 -3.202260e-02 -3.300435e-02 -3.413723e-02 -3.540952e-02 -3.680957e-02 -3.832619e-02 -3.994888e-02 -4.166810e-02 -4.347533e-02 -4.536326e-02 -4.732576e-02 -4.935798e-02 -5.145642e-02 -5.361896e-02 -5.584498e-02 -5.813540e-02 -6.049275e-02 -6.292110e-02 -6.542596e-02 
-4.954692e-02 -4.961346e-02 -4.985275e-02 -5.026114e-02 -5.083294e-02 -5.156079e-02 -5.243605e-02 -5.344933e-02 -5.459086e-02 -5.585096e-02 -5.722031e-02 -5.869026e-02 -6.025300e-02 -6.190175e-02 -6.363085e-02 -6.543590e-02 -6.731381e-02 -6.926295e-02 -7.128323e-02 -7.337619e-02 -7.554505e-02 -7.779465e-02 -8.013124e-02 -8.256195e-02 
-6.878724e-02 -6.883737e-02 -6.904056e-02 -6.939388e-02 -6.989273e-02 -7.053119e-02 -7.130230e-02 -7.219851e-02 -7.321196e-02 -7.433486e-02 -7.555975e-02 -7.687979e-02 -7.828888e-02 -7.978192e-02 -8.135491e-02 -8.300510e-02 -8.473113e-02 -8.653319e-02 -8.841314e-02 -9.037466e-02 -9.242328e-02 -9.456622e-02 -9.681201e-02 -9.916967e-02 
-8.748114e-02 -8.751529e-02 -8.768330e-02 -8.798290e-02 -8.841052e-02 -8.896159e-02 -8.963079e-02 -9.041233e-02 -9.130021e-02 -9.228848e-02 -9.337152e-02 -9.454423e-02 -9.580221e-02 -9.714199e-02 -9.856118e-02 -1.000586e-01 -1.016346e-01 -1.032911e-01 -1.050319e-01 -1.068628e-01 -1.087916e-01 -1.108280e-01 -1.129832e-01 -1.152684e-01 
-1.056552e-01 -1.056737e-01 -1.058075e-01 -1.060546e-01 -1.064126e-01 -1.068782e-01 -1.074476e-01 -1.081167e-01 -1.088814e-01 -1.097374e-01 -1.106809e-01 -1.117086e-01 -1.128177e-01 -1.140064e-01 -1.152737e-01 -1.166200e-01 -1.180473e-01 -1.195592e-01 -1.211612e-01 -1.228614e-01 -1.246698e-01 -1.265989e-01 -1.286628e-01 -1.308756e-01 
-1.233345e-01 -1.233379e-01 -1.234382e-01 -1.236342e-01 -1.239241e-01 -1.243059e-01 -1.247774e-01 -1.253362e-01 -1.259797e-01 -1.267056e-01 -1.275118e-01 -1.283965e-01 -1.293587e-01 -1.303980e-01 -1.315149e-01 -1.327113e-01 -1.339907e-01 -1.353582e-01 -1.368213e-01 -1.383897e-01 -1.400762e-01 -1.418961e-01 -1.438669e-01 -1.460065e-01 
-1.405430e-01 -1.405317e-01 -1.405994e-01 -1.407453e-01 -1.409686e-01 -1.412683e-01 -1.416436e-01 -1.420938e-01 -1.426180e-01 -1.432157e-01 -1.438865e-01 -1.446301e-01 -1.454470e-01 -1.463383e-01 -1.473060e-01 -1.483533e-01 -1.494851e-01 -1.507080e-01 -1.520310e-01 -1.534660e-01 -1.550279e-01 -1.567353e-01 -1.586098e-01 -1.606744e-01 
-1.573034e-01 -1.572779e-01 -1.573139e-01 -1.574108e-01 -1.575687e-01 -1.577876e-01 -1.580683e-01 -1.584115e-01 -1.588182e-01 -1.592894e-01 -1.598262e-01 -1.604302e-01 -1.611032e-01 -1.618477e-01 -1.626670e-01 -1.635656e-01 -1.645496e-01 -1.656271e-01 -1.668084e-01 -1.681071e-01 -1.695407e-01 -1.711308e-01 -1.729041e-01 -1.748902e-01 
-1.736375e-01 -1.735982e-01 -1.736033e-01 -1.736524e-01 -1.737459e-01 -1.738854e-01 -1.740727e-01 -1.743104e-01 -1.746008e-01 -1.749469e-01 -1.753512e-01 -1.758168e-01 -1.763470e-01 -1.769455e-01 -1.776169e-01 -1.783669e-01 -1.792026e-01 -1.801332e-01 -1.811705e-01 -1.823296e-01 -1.836298e-01 -1.850962e-01 -1.867605e-01 -1.886619e-01 
-1.895656e-01 -1.895134e-01 -1.894886e-01 -1.894907e-01 -1.895210e-01 -1.895820e-01 -1.896770e-01 -1.898102e-01 -1.899856e-01 -1.902076e-01 -1.904805e-01 -1.908088e-01 -1.911970e-01 -1.916501e-01 -1.921739e-01 -1.927749e-01 -1.934614e-01 -1.942435e-01 -1.951339e-01 -1.961490e-01 -1.973098e-01 -1.986439e-01 -2.001884e-01 -2.019942e-01 
-2.051070e-01 -2.050432e-01 -2.049897e-01 -2.049458e-01 -2.049135e-01 -2.048968e-01 -2.049004e-01 -2.049299e-01 -2.049912e-01 -2.050900e-01 -2.052324e-01 -2.054241e-01 -2.056709e-01 -2.059790e-01 -2.063551e-01 -2.068068e-01 -2.073428e-01 -2.079743e-01 -2.087145e-01 -2.095807e-01 -2.105950e-01 -2.117865e-01 -2.131962e-01 -2.148863e-01 
SLICE 3 60
0.000000e+00 0.000000e+00 0.000000e+00 0.000000e+00 0.000000e+00 0.000000e+00 0.000000e+00 0.000000e+00 0.000000e+00 0.000000e+00 0.000000e+00 0.000000e+00 0.000000e+00 0.000000e+00 0.000000e+00 0.000000e+00 0.000000e+00 0.000000e+00 0.000000e+00 0.000000e+00 0.000000e+00 0.000000e+00 0.000000e+00 0.000000e+00 
2.935926e-01 2.932247e-01 2.924436e-01 2.912442e-01 2.896398e-01 2.876540e-01 2.853162e-01 2.826592e-01 2.797174e-01 2.765250e-01 2.731156e-01 2.695218e-01 2.657749e-01 2.619054e-01 2.579433e-01 2.539192e-01 2.498653e-01 2.458171e-01 2.418162e-01 2.379153e-01 2.341865e-01 2.307417e-01 2.277819e-01 2.257394e-01 
2.902718e-01 2.899118e-01 2.891801e-01 2.880763e-01 2.866115e-01 2.848053e-01 2.826829e-01 2.802729e-01 2.776060e-01 2.747137e-01 2.716275e-01 2.683785e-01 2.649977e-01 2.615162e-01 2.579655e-01 2.543791e-01 2.507931e-01 2.472491e-01 2.437968e-01 2.405001e-01 2.374456e-01 2.347595e-01 2.326357e-01 2.313750e-01 
2.872863e-01 2.869498e-01 2.862752e-01 2.852665e-01 2.839347e-01 2.822969e-01 2.803754e-01 2.781956e-01 2.757851e-01 2.731728e-01 2.703882e-01 2.674611e-01 2.644221e-01 2.613020e-01 2.581334e-01 2.549511e-01 2.517935e-01 2.487048e-01 2.457378e-01 2.429585e-01 2.404518e-01 2.383299e-01 2.367407e-01 2.358641e-01 
2.846195e-01 2.843109e-01 2.836954e-01 2.827791e-01 2.815729e-01 2.800924e-01 2.783575e-01 2.763910e-01 2.742181e-01 2.718653e-01 2.693602e-01 2.667315e-01 2.640084e-01 2.612216e-01 2.584036e-01 2.555892e-01 2.528174e-01 2.501322e-01 2.475853e-01 2.452386e-01 2.431671e-01 2.414615e-01 2.402265e-01 2.395697e-01 
2.822481e-01 2.819678e-01 2.814101e-01 2.805815e-01 2.794927e-01 2.781580e-01 2.765955e-01 2.748257e-01 2.728717e-01 2.707578e-01 2.685101e-01 2.661554e-01 2.637220e-01 2.612397e-01 2.587399e-01 2.562568e-01 2.538280e-01 2.514956e-01 2.493074e-01 2.473185e-01 2.455918e-01 2.441974e-01 2.432089e-01 2.426932e-01 
2.801466e-01 2.798935e-01 2.793903e-01 2.786437e-01 2.776635e-01 2.764631e-01 2.750588e-01 2.734693e-01 2.717157e-01 2.698206e-01 2.678080e-01 2.657035e-01 2.635337e-01 2.613270e-01 2.591137e-01 2.569260e-01 2.547994e-01 2.527727e-01 2.508888e-01 2.491951e-01 2.477430e-01 2.465864e-01 2.457774e-01 2.453600e-01 
2.782895e-01 2.780617e-01 2.776091e-01 2.769380e-01 2.760576e-01 2.749799e-01 2.737200e-01 2.722949e-01 2.707238e-01 2.690276e-01 2.672287e-01 2.653508e-01 2.634192e-01 2.614604e-01 2.595028e-01 2.575767e-01 2.557146e-01 2.539515e-01 2.523251e-01 2.508754e-01 2.496443e-01 2.486732e-01 2.480000e-01 2.476550e-01 
2.766524e-01 2.764478e-01 2.760416e-01 2.754394e-01 2.746498e-01 2.736837e-01 2.725547e-01 2.712785e-01 2.698727e-01 2.683564e-01 2.667504e-01 2.650768e-01 2.633589e-01 2.616216e-01 2.598911e-01 2.581953e-01 2.565635e-01 2.550270e-01 2.536185e-01 2.523716e-01 2.513202e-01 2.504966e-01 2.499292e-01 2.496397e-01 
2.752127e-01 2.750293e-01 2.746651e-01 2.741253e-01 2.734177e-01 2.725523e-01 2.715415e-01 2.703996e-01 2.691426e-01 2.677881e-01 2.663553e-01 2.648646e-01 2.633375e-01 2.617970e-01 2.602670e-01 2.587730e-01 2.573413e-01 2.559993e-01 2.547754e-01 2.536977e-01 2.527940e-01 2.520897e-01 2.516066e-01 2.513607e-01 
2.739499e-01 2.737854e-01 2.734590e-01 2.729753e-01 2.723414e-01 2.715665e-01 2.706617e-01 2.696401e-01 2.685164e-01 2.673067e-01 2.660286e-01 2.647007e-01 2.633430e-01 2.619765e-01 2.606228e-01 2.593050e-01 2.580466e-01 2.568716e-01 2.558043e-01 2.548685e-01 2.540871e-01 2.534804e-01 2.530656e-01 2.528550e-01 
2.728450e-01 2.726976e-01 2.724049e-01 2.719714e-01 2.714033e-01 2.707091e-01 2.698989e-01 2.689846e-01 2.679796e-01 2.668987e-01 2.657579e-01 2.645745e-01 2.633664e-01 2.621529e-01 2.609536e-01 2.597892e-01 2.586805e-01 2.576486e-01 2.567144e-01 2.558982e-01 2.552188e-01 2.546929e-01 2.543341e-01 2.541522e-01 
2.718814e-01 2.717491e-01 2.714865e-01 2.710975e-01 2.705879e-01 2.699653e-01 2.692390e-01 2.684199e-01 2.675200e-01 2.665531e-01 2.655336e-01 2.644774e-01 2.634008e-01 2.623213e-01 2.612566e-01 2.602253e-01 2.592457e-01 2.583364e-01 2.575154e-01 2.568001e-01 2.562062e-01 2.557475e-01 2.554352e-01 2.552769e-01 
2.710443e-01 2.709254e-01 2.706893e-01 2.703396e-01 2.698816e-01 2.693222e-01 2.686699e-01 2.679345e-01 2.671273e-01 2.662605e-01 2.653476e-01 2.644028e-01 2.634412e-01 2.624784e-01 2.615306e-01 2.606142e-01 2.597456e-01 2.589412e-01 2.582165e-01 2.575865e-01 2.570645e-01 2.566620e-01 2.563883e-01 2.562498e-01 
2.703207e-01 2.702134e-01 2.700005e-01 2.696853e-01 2.692725e-01 2.687684e-01 2.681809e-01 2.675189e-01 2.667926e-01 2.660134e-01 2.651934e-01 2.643456e-01 2.634838e-01 2.626222e-01 2.617753e-01 2.609578e-01 2.601843e-01 2.594693e-01 2.588264e-01 2.582684e-01 2.578068e-01 2.574515e-01 2.572101e-01 2.570880e-01 
2.696990e-01 2.696019e-01 2.694092e-01 2.691239e-01 2.687504e-01 2.682944e-01 2.677632e-01 2.671648e-01 2.665088e-01 2.658054e-01 2.650658e-01 2.643019e-01 2.635262e-01 2.627516e-01 2.619912e-01 2.612583e-01 2.605659e-01 2.599268e-01 2.593530e-01 2.588558e-01 2.584450e-01 2.581290e-01 2.579146e-01 2.578062e-01 
2.691693e-01 2.690810e-01 2.689057e-01 2.686461e-01 2.683064e-01 2.678919e-01 2.674090e-01 2.668654e-01 2.662697e-01 2.656314e-01 2.649607e-01 2.642686e-01 2.635664e-01 2.628659e-01 2.621792e-01 2.615180e-01 2.608942e-01 2.603191e-01 2.598035e-01 2.593572e-01 2.589888e-01 2.587058e-01 2.585138e-01 2.584168e-01 
2.687233e-01 2.686424e-01 2.684818e-01 2.682442e-01 2.679332e-01 2.675538e-01 2.671120e-01 2.666148e-01 2.660702e-01 2.654870e-01 2.648747e-01 2.642432e-01 2.636031e-01 2.629652e-01 2.623403e-01 2.617394e-01 2.611730e-01 2.606514e-01 2.601842e-01 2.597802e-01 2.594471e-01 2.591913e-01 2.590179e-01 2.589303e-01 
2.683536e-01 2.682789e-01 2.681307e-01 2.679113e-01 2.676243e-01 2.672742e-01 2.668667e-01 2.664082e-01 2.659063e-01 2.653690e-01 2.648052e-01 2.642241e-01 2.636356e-01 2.630495e-01 2.624758e-01 2.619246e-01 2.614056e-01 2.609280e-01 2.605006e-01 2.601313e-01 2.598270e-01 2.595935e-01 2.594352e-01 2.593553e-01 
2.680543e-01 2.679847e-01 2.678465e-01 2.676420e-01 2.673745e-01 2.670483e-01 2.666687e-01 2.662417e-01 2.657744e-01 2.652745e-01 2.647501e-01 2.642099e-01 2.636632e-01 2.631190e-01 2.625868e-01 2.620757e-01 2.615949e-01 2.611527e-01 2.607573e-01 2.604159e-01 2.601347e-01 2.599190e-01 2.597729e-01 2.596991e-01 
2.678206e-01 2.677549e-01 2.676246e-01 2.674318e-01 2.671796e-01 2.668721e-01 2.665144e-01 2.661121e-01 2.656720e-01 2.652013e-01 2.647077e-01 2.641996e-01 2.636855e-01 2.631741e-01 2.626742e-01 2.621945e-01 2.617433e-01 2.613288e-01 2.609582e-01 2.606383e-01 2.603751e-01 2.601732e-01 2.600365e-01 2.599675e-01 
2.676485e-01 2.675858e-01 2.674613e-01 2.672771e-01 2.670363e-01 2.667426e-01 2.664010e-01 2.660170e-01 2.655969e-01 2.651478e-01 2.646770e-01 2.641925e-01 2.637024e-01 2.632151e-01 2.627390e-01 2.622823e-01 2.618529e-01 2.614586e-01 2.611062e-01 2.608022e-01 2.605520e-01 2.603602e-01 2.602304e-01 2.601649e-01 
2.675354e-01 2.674746e-01 2.673539e-01 2.671755e-01 2.669420e-01 2.666575e-01 2.663265e-01 2.659545e-01 2.655477e-01 2.651127e-01 2.646569e-01 2.641880e-01 2.637137e-01 2.632423e-01 2.627818e-01 2.623402e-01 2.619252e-01 2.615441e-01 2.612037e-01 2.609100e-01 2.606684e-01 2.604833e-01 2.603579e-01 2.602946e-01 
2.674792e-01 2.674194e-01 2.673007e-01 2.671250e-01 2.668953e-01 2.666153e-01 2.662896e-01 2.659236e-01 2.655233e-01 2.650954e-01 2.646471e-01 2.641858e-01 2.637194e-01 2.632558e-01 2.628031e-01 2.623690e-01 2.619611e-01 2.615865e-01 2.612520e-01 2.609635e-01 2.607262e-01 2.605443e-01 2.604211e-01 2.603590e-01 
SLICE 1 90
1.281818e+01 1.282007e+01 1.282571e+01 1.283497e+01 1.284769e+01 1.286364e+01 1.288256e+01 1.290420e+01 1.292828e+01 1.295455e+01 1.298275e+01 1.301267e+01 1.304412e+01 1.307690e+01 1.311087e+01 1.314588e+01 1.318182e+01 1.321858e+01 1.325606e+01 1.329419e+01 1.333290e+01 1.337213e+01 1.341181e+01 1.345192e+01 
1.298494e+01 1.298678e+01 1.299228e+01 1.300132e+01 1.301374e+01 1.302931e+01 1.304779e+01 1.306891e+01 1.309242e+01 1.311807e+01 1.314561e+01 1.317482e+01 1.320553e+01 1.323754e+01 1.327071e+01 1.330490e+01 1.334000e+01 1.337589e+01 1.341250e+01 1.344974e+01 1.348755e+01 1.352586e+01 1.356462e+01 1.360379e+01 
1.314489e+01 1.314669e+01 1.315205e+01 1.316087e+01 1.317298e+01 1.318817e+01 1.320620e+01 1.322681e+01 1.324975e+01 1.327478e+01 1.330166e+01 1.333018e+01 1.336016e+01 1.339141e+01 1.342380e+01 1.345719e+01 1.349146e+01 1.352652e+01 1.356227e+01 1.359865e+01 1.363558e+01 1.367300e+01 1.371086e+01 1.374913e+01 
1.329848e+01 1.330023e+01 1.330546e+01 1.331406e+01 1.332586e+01 1.334067e+01 1.335824e+01 1.337834e+01 1.340072e+01 1.342513e+01 1.345136e+01 1.347920e+01 1.350845e+01 1.353896e+01 1.357059e+01 1.360319e+01 1.363666e+01 1.367090e+01 1.370582e+01 1.374135e+01 1.377742e+01 1.381398e+01 1.385098e+01 1.388837e+01 
1.344612e+01 1.344783e+01 1.345291e+01 1.346128e+01 1.347278e+01 1.348720e+01 1.350433e+01 1.352392e+01 1.354573e+01 1.356954e+01 1.359512e+01 1.362228e+01 1.365082e+01 1.368060e+01 1.371147e+01 1.374330e+01 1.377599e+01 1.380943e+01 1.384354e+01 1.387825e+01 1.391349e+01 1.394922e+01 1.398537e+01 1.402190e+01 
1.358817e+01 1.358983e+01 1.359478e+01 1.360293e+01 1.361411e+01 1.362815e+01 1.364483e+01 1.366391e+01 1.368517e+01 1.370837e+01 1.373331e+01 1.375980e+01 1.378765e+01 1.381671e+01 1.384683e+01 1.387791e+01 1.390982e+01 1.394248e+01 1.397580e+01 1.400971e+01 1.404415e+01 1.407906e+01 1.411439e+01 1.415010e+01 
1.372498e+01 1.372659e+01 1.373140e+01 1.373932e+01 1.375020e+01 1.376386e+01 1.378008e+01 1.379866e+01 1.381936e+01 1.384197e+01 1.386627e+01 1.389210e+01 1.391926e+01 1.394761e+01 1.397701e+01 1.400735e+01 1.403851e+01 1.407040e+01 1.410295e+01 1.413608e+01 1.416973e+01 1.420384e+01 1.423838e+01 1.427329e+01 
1.385684e+01 1.385841e+01 1.386308e+01 1.387077e+01 1.388134e+01 1.389462e+01 1.391040e+01 1.392847e+01 1.394862e+01 1.397064e+01 1.399432e+01 1.401949e+01 1.404597e+01 1.407363e+01 1.410232e+01 1.413192e+01 1.416235e+01 1.419349e+01 1.422529e+01 1.425765e+01 1.429054e+01 1.432388e+01 1.435764e+01 1.439177e+01 
1.398404e+01 1.398556e+01 1.399010e+01 1.399756e+01 1.400783e+01 1.402073e+01 1.403606e+01 1.405364e+01 1.407324e+01 1.409467e+01 1.411774e+01 1.414226e+01 1.416808e+01 1.419505e+01 1.422304e+01 1.425193e+01 1.428163e+01 1.431205e+01 1.434310e+01 1.437472e+01 1.440686e+01 1.443945e+01 1.447245e+01 1.450582e+01 
1.410684e+01 1.410831e+01 1.411271e+01 1.411995e+01 1.412991e+01 1.414243e+01 1.415733e+01 1.417442e+01 1.419348e+01 1.421433e+01 1.423679e+01 1.426068e+01 1.428584e+01 1.431213e+01 1.433943e+01 1.436763e+01 1.439662e+01 1.442632e+01 1.445665e+01 1.448755e+01 1.451895e+01 1.455081e+01 1.458307e+01 1.461571e+01 
1.422546e+01 1.422689e+01 1.423115e+01 1.423817e+01 1.424783e+01 1.425998e+01 1.427445e+01 1.429105e+01 1.430958e+01 1.432986e+01 1.435171e+01 1.437498e+01 1.439949e+01 1.442512e+01 1.445175e+01 1.447926e+01 1.450756e+01 1.453656e+01 1.456618e+01 1.459637e+01 1.462706e+01 1.465820e+01 1.468975e+01 1.472166e+01 
1.434013e+01 1.434151e+01 1.434564e+01 1.435244e+01 1.436181e+01 1.437359e+01 1.438763e+01 1.440375e+01 1.442176e+01 1.444148e+01 1.446274e+01 1.448539e+01 1.450927e+01 1.453425e+01 1.456021e+01 1.458705e+01 1.461467e+01 1.464298e+01 1.467192e+01 1.470141e+01 1.473140e+01 1.476185e+01 1.479269e+01 1.482391e+01 
1.445104e+01 1.445238e+01 1.445638e+01 1.446297e+01 1.447204e+01 1.448347e+01 1.449708e+01 1.451273e+01 1.453022e+01 1.454939e+01 1.457007e+01 1.459211e+01 1.461537e+01 1.463971e+01 1.466502e+01 1.469120e+01 1.471815e+01 1.474580e+01 1.477406e+01 1.480287e+01 1.483219e+01 1.486195e+01 1.489211e+01 1.492264e+01 
1.455838e+01 1.455968e+01 1.456355e+01 1.456993e+01 1.457872e+01 1.458979e+01 1.460299e+01 1.461817e+01 1.463516e+01 1.465378e+01 1.467390e+01 1.469534e+01 1.471799e+01 1.474170e+01 1.476638e+01 1.479191e+01 1.481821e+01 1.484520e+01 1.487280e+01 1.490095e+01 1.492960e+01 1.495870e+01 1.498820e+01 1.501806e+01 
1.466233e+01 1.466358e+01 1.466732e+01 1.467350e+01 1.468201e+01 1.469273e+01 1.470553e+01 1.472026e+01 1.473675e+01 1.475484e+01 1.477439e+01 1.479526e+01 1.481730e+01 1.484041e+01 1.486446e+01 1.488936e+01 1.491502e+01 1.494136e+01 1.496832e+01 1.499582e+01 1.502382e+01 1.505227e+01 1.508112e+01 1.511033e+01 
1.476303e+01 1.476424e+01 1.476786e+01 1.477384e+01 1.478207e+01 1.479246e+01 1.480487e+01 1.481915e+01 1.483515e+01 1.485272e+01 1.487173e+01 1.489202e+01 1.491348e+01 1.493598e+01 1.495942e+01 1.498370e+01 1.500874e+01 1.503445e+01 1.506078e+01 1.508765e+01 1.511501e+01 1.514282e+01 1.517104e+01 1.519961e+01 
1.486065e+01 1.486182e+01 1.486532e+01 1.487110e+01 1.487907e+01 1.488913e+01 1.490114e+01 1.491499e+01 1.493052e+01 1.494758e+01 1.496605e+01 1.498579e+01 1.500667e+01 1.502858e+01 1.505143e+01 1.507510e+01 1.509953e+01 1.512463e+01 1.515033e+01 1.517658e+01 1.520333e+01 1.523052e+01 1.525811e+01 1.528607e+01 
1.495531e+01 1.495645e+01 1.495983e+01 1.496542e+01 1.497313e+01 1.498286e+01 1.499451e+01 1.500793e+01 1.502299e+01 1.503956e+01 1.505750e+01 1.507670e+01 1.509702e+01 1.511835e+01 1.514061e+01 1.516369e+01 1.518752e+01 1.521202e+01 1.523712e+01 1.526277e+01 1.528890e+01 1.531549e+01 1.534248e+01 1.536983e+01 
1.504716e+01 1.504825e+01 1.505152e+01 1.505693e+01 1.506438e+01 1.507381e+01 1.508508e+01 1.509809e+01 1.511270e+01 1.512879e+01 1.514622e+01 1.516488e+01 1.518465e+01 1.520543e+01 1.522711e+01 1.524962e+01 1.527286e+01 1.529677e+01 1.532128e+01 1.534633e+01 1.537188e+01 1.539787e+01 1.542427e+01 1.545103e+01 
1.513630e+01 1.513736e+01 1.514052e+01 1.514575e+01 1.515296e+01 1.516208e+01 1.517300e+01 1.518561e+01 1.519978e+01 1.521539e+01 1.523233e+01 1.525046e+01 1.526970e+01 1.528993e+01 1.531105e+01 1.533299e+01 1.535566e+01 1.537900e+01 1.540293e+01 1.542741e+01 1.545237e+01 1.547779e+01 1.550361e+01 1.552979e+01 
1.522287e+01 1.522389e+01 1.522694e+01 1.523199e+01 1.523897e+01 1.524780e+01 1.525837e+01 1.527059e+01 1.528433e+01 1.529948e+01 1.531593e+01 1.533357e+01 1.535228e+01 1.537197e+01 1.539255e+01 1.541393e+01 1.543605e+01 1.545882e+01 1.548219e+01 1.550610e+01 1.553050e+01 1.555535e+01 1.558061e+01 1.560623e+01 
1.530695e+01 1.530794e+01 1.531089e+01 1.531577e+01 1.532252e+01 1.533106e+01 1.534130e+01 1.535314e+01 1.536647e+01 1.538118e+01 1.539715e+01 1.541429e+01 1.543249e+01 1.545166e+01 1.547171e+01 1.549256e+01 1.551412e+01 1.553635e+01 1.555917e+01 1.558253e+01 1.560638e+01 1.563067e+01 1.565538e+01 1.568045e+01 
1.538866e+01 1.538962e+01 1.539247e+01 1.539719e+01 1.540372e+01 1.541198e+01 1.542190e+01 1.543337e+01 1.544630e+01 1.546057e+01 1.547609e+01 1.549275e+01 1.551045e+01 1.552911e+01 1.554864e+01 1.556896e+01 1.558999e+01 1.561168e+01 1.563397e+01 1.565679e+01 1.568010e+01 1.570385e+01 1.572802e+01 1.575255e+01 
1.546810e+01 1.546902e+01 1.547178e+01 1.547634e+01 1.548266e+01 1.549065e+01 1.550026e+01 1.551137e+01 1.552391e+01 1.553776e+01 1.555283e+01 1.556902e+01 1.558624e+01 1.560441e+01 1.562343e+01 1.564324e+01 1.566375e+01 1.568492e+01 1.570668e+01 1.572897e+01 1.575176e+01 1.577499e+01 1.579862e+01 1.582263e+01 
SLICE 2 90
4.615442e-01 4.612185e-01 4.604023e-01 4.591073e-01 4.573562e-01 4.551792e-01 4.526115e-01 4.496909e-01 4.464558e-01 4.429438e-01 4.391909e-01 4.352309e-01 4.310954e-01 4.268140e-01 4.224146e-01 4.179239e-01 4.133686e-01 4.087757e-01 4.041742e-01 3.995966e-01 3.950810e-01 3.906757e-01 3.864464e-01 3.824960e-01 
4.115574e-01 4.112483e-01 4.104733e-01 4.092443e-01 4.075831e-01 4.055183e-01 4.030834e-01 4.003144e-01 3.972476e-01 3.939190e-01 3.903627e-01 3.866111e-01 3.826940e-01 3.786399e-01 3.744753e-01 3.702260e-01 3.659174e-01 3.615756e-01 3.572285e-01 3.529070e-01 3.486478e-01 3.444956e-01 3.405096e-01 3.367704e-01 
3.636483e-01 3.633574e-01 3.626246e-01 3.614621e-01 3.598905e-01 3.579370e-01 3.556334e-01 3.530136e-01 3.501122e-01 3.469631e-01 3.435987e-01 3.400496e-01 3.363444e-01 3.325099e-01 3.285714e-01 3.245534e-01 3.204801e-01 3.163762e-01 3.122680e-01 3.081848e-01 3.041599e-01 3.002337e-01 2.964552e-01 2.928831e-01 
3.176783e-01 3.174066e-01 3.167167e-01 3.156208e-01 3.141384e-01 3.122954e-01 3.101216e-01 3.076489e-01 3.049099e-01 3.019366e-01 2.987597e-01 2.954079e-01 2.919083e-01 2.882861e-01 2.845655e-01 2.807693e-01 2.769205e-01 2.730422e-01 2.691588e-01 2.652971e-01 2.614870e-01 2.577632e-01 2.541650e-01 2.507334e-01 
2.735220e-01 2.732698e-01 2.726232e-01 2.715938e-01 2.702002e-01 2.684667e-01 2.664211e-01 2.640933e-01 2.615139e-01 2.587130e-01 2.557191e-01 2.525596e-01 2.492596e-01 2.458432e-01 2.423326e-01 2.387495e-01 2.351152e-01 2.314510e-01 2.277793e-01 2.241241e-01 2.205116e-01 2.169707e-01 2.135319e-01 2.102237e-01 
2.310650e-01 2.308324e-01 2.302291e-01 2.292660e-01 2.279607e-01 2.263355e-01 2.244164e-01 2.222314e-01 2.198088e-01 2.171767e-01 2.143619e-01 2.113897e-01 2.082839e-01 2.050667e-01 2.017590e-01 1.983809e-01 1.949517e-01 1.914912e-01 1.880193e-01 1.845573e-01 1.811275e-01 1.777534e-01 1.744583e-01 1.712615e-01 
1.902032e-01 1.899903e-01 1.894301e-01 1.885329e-01 1.873148e-01 1.857966e-01 1.840023e-01 1.819577e-01 1.796891e-01 1.772225e-01 1.745828e-01 1.717934e-01 1.688766e-01 1.658527e-01 1.627411e-01 1.595602e-01 1.563278e-01 1.530614e-01 1.497788e-01 1.464982e-01 1.432383e-01 1.400178e-01 1.368541e-01 1.337600e-01 
1.508417e-01 1.506483e-01 1.501308e-01 1.492987e-01 1.481668e-01 1.467542e-01 1.450828e-01 1.431762e-01 1.410587e-01 1.387543e-01 1.362857e-01 1.336748e-01 1.309419e-01 1.281057e-01 1.251841e-01 1.221935e-01 1.191501e-01 1.160692e-01 1.129664e-01 1.098570e-01 1.067562e-01 1.036786e-01 1.006367e-01 9.763853e-02 
1.128935e-01 1.127194e-01 1.122440e-01 1.114762e-01 1.104292e-01 1.091204e-01 1.075698e-01 1.057988e-01 1.038296e-01 1.016839e-01 9.938280e-02 9.694613e-02 9.439238e-02 9.173874e-02 8.900116e-02 8.619458e-02 8.333308e-02 8.043017e-02 7.749887e-02 7.455182e-02 7.160108e-02 6.865754e-02 6.572979e-02 6.282229e-02 
7.627866e-02 7.612349e-02 7.568967e-02 7.498499e-02 7.402150e-02 7.281473e-02 7.138264e-02 6.974463e-02 6.792068e-02 6.593054e-02 6.379324e-02 6.152673e-02 5.914774e-02 5.667173e-02 5.411293e-02 5.148452e-02 4.879871e-02 4.606695e-02 4.329996e-02 4.050776e-02 3.769947e-02 3.488276e-02 3.206300e-02 2.924193e-02 
4.092368e-02 4.078709e-02 4.039398e-02 3.975127e-02 3.886966e-02 3.776292e-02 3.644706e-02 3.493939e-02 3.325777e-02 3.141989e-02 2.944280e-02 2.734258e-02 2.513416e-02 2.283126e-02 2.044638e-02 1.799091e-02 1.547521e-02 1.290868e-02 1.029980e-02 7.656107e-03 4.983970e-03 2.288215e-03 -4.285248e-04 -3.166671e-03 
6.760525e-03 6.642098e-03 6.288847e-03 5.706804e-03 4.905344e-03 3.896560e-03 2.694519e-03 1.314491e-03 -2.277655e-04 -1.916600e-03 -3.736926e-03 -5.674541e-03 -7.716317e-03 -9.850288e-03 -1.206568e-02 -1.435287e-02 -1.670336e-02 -1.910977e-02 -2.156579e-02 -2.406627e-02 -2.660739e-02 -2.918692e-02 -3.180463e-02 -3.446276e-02 
-2.627389e-02 -2.637458e-02 -2.668889e-02 -2.721164e-02 -2.793473e-02 -2.884771e-02 -2.993838e-02 -3.119348e-02 -3.259932e-02 -3.414224e-02 -3.580913e-02 -3.758764e-02 -3.946643e-02 -4.143530e-02 -4.348518e-02 -4.560822e-02 -4.779777e-02 -5.004840e-02 -5.235591e-02 -5.471748e-02 -5.713168e-02 -5.959871e-02 -6.212054e-02 -6.470106e-02 
-5.823826e-02 -5.832165e-02 -5.859797e-02 -5.906284e-02 -5.970938e-02 -6.052871e-02 -6.151047e-02 -6.264334e-02 -6.391563e-02 -6.531569e-02 -6.683230e-02 -6.845500e-02 -7.017421e-02 -7.198145e-02 -7.386937e-02 -7.583187e-02 -7.786410e-02 -7.996253e-02 -8.212508e-02 -8.435109e-02 -8.664152e-02 -8.899886e-02 -9.142722e-02 -9.393207e-02 
-8.918735e-02 -8.925389e-02 -8.949318e-02 -8.990157e-02 -9.047338e-02 -9.120122e-02 -9.207649e-02 -9.308976e-02 -9.423130e-02 -9.549139e-02 -9.686075e-02 -9.833069e-02 -9.989343e-02 -1.015422e-01 -1.032713e-01 -1.050763e-01 -1.069542e-01 -1.089034e-01 -1.109237e-01 -1.130166e-01 -1.151855e-01 -1.174351e-01 -1.197717e-01 -1.222024e-01 
-1.191725e-01 -1.192226e-01 -1.194258e-01 -1.197791e-01 -1.202779e-01 -1.209164e-01 -1.216875e-01 -1.225837e-01 -1.235972e-01 -1.247201e-01 -1.259450e-01 -1.272650e-01 -1.286741e-01 -1.301671e-01 -1.317401e-01 -1.333903e-01 -1.351163e-01 -1.369184e-01 -1.387984e-01 -1.407599e-01 -1.428085e-01 -1.449514e-01 -1.471972e-01 -1.495549e-01 
-1.482417e-01 -1.482758e-01 -1.484438e-01 -1.487434e-01 -1.491711e-01 -1.497221e-01 -1.503913e-01 -1.511729e-01 -1.520608e-01 -1.530490e-01 -1.541321e-01 -1.553048e-01 -1.565628e-01 -1.579025e-01 -1.593217e-01 -1.608192e-01 -1.623952e-01 -1.640517e-01 -1.657925e-01 -1.676234e-01 -1.695521e-01 -1.715886e-01 -1.737438e-01 -1.760290e-01 
-1.764403e-01 -1.764589e-01 -1.765926e-01 -1.768398e-01 -1.771978e-01 -1.776634e-01 -1.782328e-01 -1.789019e-01 -1.796665e-01 -1.805225e-01 -1.814661e-01 -1.824938e-01 -1.836029e-01 -1.847915e-01 -1.860588e-01 -1.874052e-01 -1.888325e-01 -1.903443e-01 -1.919464e-01 -1.936465e-01 -1.954550e-01 -1.973841e-01 -1.994480e-01 -2.016608e-01 
-2.038110e-01 -2.038144e-01 -2.039147e-01 -2.041107e-01 -2.044006e-01 -2.047825e-01 -2.052540e-01 -2.058127e-01 -2.064562e-01 -2.071821e-01 -2.079883e-01 -2.088731e-01 -2.098353e-01 -2.108745e-01 -2.119914e-01 -2.131879e-01 -2.144672e-01 -2.158348e-01 -2.172978e-01 -2.188663e-01 -2.205528e-01 -2.223726e-01 -2.243435e-01 -2.264830e-01 
-2.303940e-01 -2.303827e-01 -2.304504e-01 -2.305964e-01 -2.308196e-01 -2.311193e-01 -2.314947e-01 -2.319448e-01 -2.324691e-01 -2.330668e-01 -2.337375e-01 -2.344811e-01 -2.352980e-01 -2.361893e-01 -2.371570e-01 -2.382044e-01 -2.393361e-01 -2.405590e-01 -2.418821e-01 -2.433170e-01 -2.448789e-01 -2.465863e-01 -2.484609e-01 -2.505254e-01 
-2.562274e-01 -2.562018e-01 -2.562378e-01 -2.563348e-01 -2.564926e-01 -2.567116e-01 -2.569923e-01 -2.573355e-01 -2.577422e-01 -2.582133e-01 -2.587502e-01 -2.593542e-01 -2.600272e-01 -2.607717e-01 -2.615910e-01 -2.624896e-01 -2.634736e-01 -2.645510e-01 -2.657323e-01 -2.670311e-01 -2.684647e-01 -2.700548e-01 -2.718280e-01 -2.738141e-01 
-2.813471e-01 -2.813078e-01 -2.813130e-01 -2.813620e-01 -2.814556e-01 -2.815950e-01 -2.817824e-01 -2.820200e-01 -2.823105e-01 -2.826565e-01 -2.830608e-01 -2.835264e-01 -2.840566e-01 -2.846551e-01 -2.853266e-01 -2.860765e-01 -2.869122e-01 -2.878428e-01 -2.888801e-01 -2.900392e-01 -2.913394e-01 -2.928058e-01 -2.944701e-01 -2.963715e-01 
-3.057870e-01 -3.057348e-01 -3.057101e-01 -3.057122e-01 -3.057424e-01 -3.058034e-01 -3.058984e-01 -3.060316e-01 -3.062070e-01 -3.064290e-01 -3.067019e-01 -3.070302e-01 -3.074184e-01 -3.078715e-01 -3.083953e-01 -3.089964e-01 -3.096828e-01 -3.104649e-01 -3.113553e-01 -3.123704e-01 -3.135312e-01 -3.148653e-01 -3.164099e-01 -3.182156e-01 
-3.295790e-01 -3.295152e-01 -3.294617e-01 -3.294177e-01 -3.293855e-01 -3.293688e-01 -3.293724e-01 -3.294019e-01 -3.294632e-01 -3.295620e-01 -3.297044e-01 -3.298961e-01 -3.301429e-01 -3.304510e-01 -3.308271e-01 -3.312788e-01 -3.318148e-01 -3.324463e-01 -3.331865e-01 -3.340527e-01 -3.350669e-01 -3.362585e-01 -3.376682e-01 -3.393583e-01 
SLICE 3 90
0.000000e+00 0.000000e+00 0.000000e+00 0.000000e+00 0.000000e+00 0.000000e+00 0.000000e+00 0.000000e+00 0.000000e+00 0.000000e+00 0.000000e+00 0.000000e+00 0.000000e+00 0.000000e+00 0.000000e+00 0.000000e+00 0.000000e+00 0.000000e+00 0.000000e+00 0.000000e+00 0.000000e+00 0.000000e+00 0.000000e+00 0.000000e+00 
4.578906e-01 4.575228e-01 4.567416e-01 4.555422e-01 4.539379e-01 4.519520e-01 4.496142e-01 4.469573e-01 4.440155e-01 4.408230e-01 4.374137e-01 4.338199e-01 4.300730e-01 4.262034e-01 4.222414e-01 4.182173e-01 4.141633e-01 4.101151e-01 4.061143e-01 4.022134e-01 3.984846e-01 3.950398e-01 3.920800e-01 3.900375e-01 
4.545699e-01 4.542099e-01 4.534782e-01 4.523744e-01 4.509096e-01 4.491034e-01 4.469809e-01 4.445710e-01 4.419041e-01 4.390118e-01 4.359256e-01 4.326766e-01 4.292958e-01 4.258142e-01 4.222636e-01 4.186771e-01 4.150912e-01 4.115471e-01 4.080949e-01 4.047981e-01 4.017436e-01 3.990575e-01 3.969337e-01 3.956731e-01 
4.515844e-01 4.512478e-01 4.505732e-01 4.495646e-01 4.482327e-01 4.465950e-01 4.446735e-01 4.424936e-01 4.400831e-01 4.374708e-01 4.346862e-01 4.317592e-01 4.287201e-01 4.256001e-01 4.224315e-01 4.192491e-01 4.160915e-01 4.130028e-01 4.100359e-01 4.072566e-01 4.047498e-01 4.026280e-01 4.010387e-01 4.001621e-01 
4.489176e-01 4.486089e-01 4.479935e-01 4.470772e-01 4.458709e-01 4.443904e-01 4.426555e-01 4.406891e-01 4.385162e-01 4.361633e-01 4.336583e-01 4.310295e-01 4.283064e-01 4.255197e-01 4.227016e-01 4.198873e-01 4.171154e-01 4.144302e-01 4.118834e-01 4.095367e-01 4.074652e-01 4.057595e-01 4.045245e-01 4.038677e-01 
4.465462e-01 4.462659e-01 4.457082e-01 4.448796e-01 4.437908e-01 4.424561e-01 4.408935e-01 4.391238e-01 4.371697e-01 4.350559e-01 4.328081e-01 4.304534e-01 4.280201e-01 4.255377e-01 4.230379e-01 4.205549e-01 4.181261e-01 4.157936e-01 4.136055e-01 4.116166e-01 4.098898e-01 4.084954e-01 4.075070e-01 4.069913e-01 
4.444447e-01 4.441915e-01 4.436884e-01 4.429417e-01 4.419616e-01 4.407612e-01 4.393569e-01 4.377674e-01 4.360138e-01 4.341186e-01 4.321061e-01 4.300015e-01 4.278318e-01 4.256251e-01 4.234117e-01 4.212241e-01 4.190975e-01 4.170708e-01 4.151869e-01 4.134932e-01 4.120411e-01 4.108844e-01 4.100755e-01 4.096581e-01 
4.425875e-01 4.423597e-01 4.419072e-01 4.412361e-01 4.403556e-01 4.392780e-01 4.380180e-01 4.365929e-01 4.350218e-01 4.333256e-01 4.315267e-01 4.296489e-01 4.277172e-01 4.257585e-01 4.238009e-01 4.218748e-01 4.200126e-01 4.182495e-01 4.166231e-01 4.151735e-01 4.139424e-01 4.129712e-01 4.122981e-01 4.119531e-01 
4.409504e-01 4.407459e-01 4.403397e-01 4.397375e-01 4.389478e-01 4.379817e-01 4.368528e-01 4.355766e-01 4.341707e-01 4.326545e-01 4.310485e-01 4.293748e-01 4.276570e-01 4.259197e-01 4.241892e-01 4.224933e-01 4.208616e-01 4.193251e-01 4.179165e-01 4.166696e-01 4.156183e-01 4.147947e-01 4.142273e-01 4.139377e-01 
4.395108e-01 4.393274e-01 4.389632e-01 4.384234e-01 4.377158e-01 4.368504e-01 4.358396e-01 4.346976e-01 4.334406e-01 4.320862e-01 4.306534e-01 4.291626e-01 4.276356e-01 4.260950e-01 4.245651e-01 4.230711e-01 4.216393e-01 4.202974e-01 4.190734e-01 4.179958e-01 4.170920e-01 4.163877e-01 4.159046e-01 4.156588e-01 
4.382479e-01 4.380835e-01 4.377571e-01 4.372734e-01 4.366395e-01 4.358645e-01 4.349598e-01 4.339382e-01 4.328144e-01 4.316047e-01 4.303266e-01 4.289988e-01 4.276411e-01 4.262745e-01 4.249209e-01 4.236031e-01 4.223446e-01 4.211696e-01 4.201023e-01 4.191666e-01 4.183852e-01 4.177785e-01 4.173637e-01 4.171530e-01 
4.371430e-01 4.369956e-01 4.367030e-01 4.362695e-01 4.357014e-01 4.350072e-01 4.341970e-01 4.332827e-01 4.322777e-01 4.311968e-01 4.300560e-01 4.288725e-01 4.276645e-01 4.264509e-01 4.252517e-01 4.240873e-01 4.229785e-01 4.219466e-01 4.210125e-01 4.201963e-01 4.195169e-01 4.189909e-01 4.186322e-01 4.184503e-01 
4.361795e-01 4.360472e-01 4.357846e-01 4.353956e-01 4.348860e-01 4.342634e-01 4.335371e-01 4.327179e-01 4.318181e-01 4.308511e-01 4.298317e-01 4.287754e-01 4.276989e-01 4.266193e-01 4.255547e-01 4.245233e-01 4.235437e-01 4.226344e-01 4.218135e-01 4.210982e-01 4.205043e-01 4.200456e-01 4.197332e-01 4.195750e-01 
4.353424e-01 4.352235e-01 4.349873e-01 4.346376e-01 4.341796e-01 4.336202e-01 4.329679e-01 4.322326e-01 4.314253e-01 4.305586e-01 4.296456e-01 4.287008e-01 4.277392e-01 4.267765e-01 4.258287e-01 4.249122e-01 4.240437e-01 4.232392e-01 4.225146e-01 4.218846e-01 4.213625e-01 4.209600e-01 4.206863e-01 4.205478e-01 
4.346187e-01 4.345115e-01 4.342986e-01 4.339833e-01 4.335705e-01 4.330665e-01 4.324790e-01 4.318170e-01 4.310907e-01 4.303114e-01 4.294914e-01 4.286437e-01 4.277819e-01 4.269203e-01 4.260733e-01 4.252558e-01 4.244824e-01 4.237674e-01 4.231245e-01 4.225665e-01 4.221049e-01 4.217495e-01 4.215081e-01 4.213860e-01 
4.339970e-01 4.338999e-01 4.337072e-01 4.334219e-01 4.330484e-01 4.325925e-01 4.320612e-01 4.314629e-01 4.308069e-01 4.301035e-01 4.293639e-01 4.286000e-01 4.278243e-01 4.270496e-01 4.262892e-01 4.255563e-01 4.248639e-01 4.242248e-01 4.236511e-01 4.231538e-01 4.227430e-01 4.224271e-01 4.222127e-01 4.221043e-01 
4.334674e-01 4.333790e-01 4.332037e-01 4.329442e-01 4.326045e-01 4.321900e-01 4.317071e-01 4.311635e-01 4.305678e-01 4.299294e-01 4.292587e-01 4.285666e-01 4.278644e-01 4.271640e-01 4.264772e-01 4.258161e-01 4.251923e-01 4.246172e-01 4.241016e-01 4.236552e-01 4.232869e-01 4.230039e-01 4.228119e-01 4.227149e-01 
4.330213e-01 4.329404e-01 4.327799e-01 4.325422e-01 4.322313e-01 4.318519e-01 4.314101e-01 4.309129e-01 4.303683e-01 4.297851e-01 4.291727e-01 4.285413e-01 4.279012e-01 4.272633e-01 4.266384e-01 4.260374e-01 4.254710e-01 4.249495e-01 4.244823e-01 4.240783e-01 4.237451e-01 4.234894e-01 4.233160e-01 4.232284e-01 
4.326517e-01 4.325770e-01 4.324287e-01 4.322094e-01 4.319224e-01 4.315723e-01 4.311647e-01 4.307063e-01 4.302043e-01 4.296671e-01 4.291032e-01 4.285222e-01 4.279336e-01 4.273475e-01 4.267739e-01 4.262227e-01 4.257036e-01 4.252261e-01 4.247987e-01 4.244294e-01 4.241251e-01 4.238915e-01 4.237333e-01 4.236534e-01 
4.323524e-01 4.322827e-01 4.321446e-01 4.319401e-01 4.316726e-01 4.313464e-01 4.309667e-01 4.305398e-01 4.300725e-01 4.295725e-01 4.290481e-01 4.285080e-01 4.279612e-01 4.274170e-01 4.268848e-01 4.263738e-01 4.258929e-01 4.254508e-01 4.250554e-01 4.247139e-01 4.244327e-01 4.242170e-01 4.240709e-01 4.239972e-01 
4.321186e-01 4.320530e-01 4.319227e-01 4.317299e-01 4.314777e-01 4.311702e-01 4.308124e-01 4.304102e-01 4.299701e-01 4.294993e-01 4.290058e-01 4.284977e-01 4.279836e-01 4.274722e-01 4.269723e-01 4.264925e-01 4.260414e-01 4.256268e-01 4.252563e-01 4.249364e-01 4.246731e-01 4.244712e-01 4.243345e-01 4.242655e-01 
4.319466e-01 4.318838e-01 4.317594e-01 4.315752e-01 4.313343e-01 4.310407e-01 4.306991e-01 4.303150e-01 4.298950e-01 4.294458e-01 4.289750e-01 4.284905e-01 4.280005e-01 4.275132e-01 4.270371e-01 4.265803e-01 4.261510e-01 4.257567e-01 4.254043e-01 4.251003e-01 4.248501e-01 4.246583e-01 4.245284e-01 4.244629e-01 
4.318334e-01 4.317726e-01 4.316520e-01 4.314735e-01 4.312401e-01 4.309556e-01 4.306246e-01 4.302526e-01 4.298458e-01 4.294108e-01 4.289550e-01 4.284860e-01 4.280118e-01 4.275404e-01 4.270799e-01 4.266383e-01 4.262233e-01 4.258422e-01 4.255017e-01 4.252081e-01 4.249665e-01 4.247813e-01 4.246560e-01 4.245927e-01 
4.317773e-01 4.317175e-01 4.315987e-01 4.314231e-01 4.311934e-01 4.309134e-01 4.305877e-01 4.302217e-01 4.298214e-01 4.293935e-01 4.289451e-01 4.284838e-01 4.280175e-01 4.275539e-01 4.271012e-01 4.266670e-01 4.262591e-01 4.258846e-01 4.255501e-01 4.252616e-01 4.250242e-01 4.248423e-01 4.247192e-01 4.246570e-01 
SLICE 1 150
7.363636e+00 7.365527e+00 7.371160e+00 7.380423e+00 7.393141e+00 7.409091e+00 7.428019e+00 7.449657e+00 7.473737e+00 7.500000e+00 7.528205e+00 7.558128e+00 7.589571e+00 7.622355e+00 7.656322e+00 7.691335e+00 7.727273e+00 7.764030e+00 7.801514e+00 7.839646e+00 7.878355e+00 7.917581e+00 7.957269e+00 7.997375e+00 
7.656753e+00 7.658598e+00 7.664097e+00 7.673140e+00 7.685555e+00 7.701125e+00 7.719603e+00 7.740728e+00 7.764238e+00 7.789881e+00 7.817420e+00 7.846639e+00 7.877342e+00 7.909355e+00 7.942525e+00 7.976717e+00 8.011812e+00 8.047709e+00 8.084316e+00 8.121557e+00 8.159362e+00 8.197672e+00 8.236435e+00 8.275605e+00 
7.937341e+00 7.939141e+00 7.944504e+00 7.953324e+00 7.965434e+00 7.980623e+00 7.998651e+00 8.019263e+00 8.042206e+00 8.067232e+00 8.094112e+00 8.122634e+00 8.152609e+00 8.183865e+00 8.216253e+00 8.249642e+00 8.283915e+00 8.318973e+00 8.354727e+00 8.391101e+00 8.428028e+00 8.465450e+00 8.503316e+00 8.541581e+00 
8.206229e+00 8.207983e+00 8.213209e+00 8.221804e+00 8.233607e+00 8.248414e+00 8.265991e+00 8.286092e+00 8.308469e+00 8.332883e+00 8.359110e+00 8.386945e+00 8.416201e+00 8.446713e+00 8.478334e+00 8.510936e+00 8.544406e+00 8.578645e+00 8.613567e+00 8.649099e+00 8.685173e+00 8.721733e+00 8.758729e+00 8.796117e+00 
8.464170e+00 8.465877e+00 8.470965e+00 8.479334e+00 8.490830e+00 8.505253e+00 8.522379e+00 8.541969e+00 8.563784e+00 8.587591e+00 8.613172e+00 8.640327e+00 8.668875e+00 8.698655e+00 8.729523e+00 8.761354e+00 8.794038e+00 8.827477e+00 8.861589e+00 8.896299e+00 8.931543e+00 8.967266e+00 9.003418e+00 9.039955e+00 
8.711849e+00 8.713510e+00 8.718459e+00 8.726602e+00 8.737788e+00 8.751828e+00 8.768504e+00 8.787586e+00 8.808841e+00 8.832045e+00 8.856986e+00 8.883470e+00 8.911321e+00 8.940380e+00 8.970509e+00 9.001585e+00 9.033499e+00 9.066158e+00 9.099478e+00 9.133387e+00 9.167824e+00 9.202732e+00 9.238063e+00 9.273776e+00 
8.949893e+00 8.951507e+00 8.956318e+00 8.964234e+00 8.975112e+00 8.988770e+00 9.004997e+00 9.023573e+00 9.044273e+00 9.066879e+00 9.091187e+00 9.117009e+00 9.144171e+00 9.172522e+00 9.201925e+00 9.232260e+00 9.263421e+00 9.295315e+00 9.327862e+00 9.360992e+00 9.394641e+00 9.428756e+00 9.463290e+00 9.498200e+00 
9.178877e+00 9.180444e+00 9.185117e+00 9.192807e+00 9.203377e+00 9.216653e+00 9.232435e+00 9.250508e+00 9.270657e+00 9.292672e+00 9.316354e+00 9.341522e+00 9.368007e+00 9.395661e+00 9.424350e+00 9.453958e+00 9.484381e+00 9.515528e+00 9.547320e+00 9.579688e+00 9.612570e+00 9.645913e+00 9.679671e+00 9.713801e+00 
9.399325e+00 9.400846e+00 9.405381e+00 9.412846e+00 9.423111e+00 9.436008e+00 9.451347e+00 9.468922e+00 9.488525e+00 9.509955e+00 9.533020e+00 9.557542e+00 9.583360e+00 9.610329e+00 9.638318e+00 9.667213e+00 9.696913e+00 9.727329e+00 9.758383e+00 9.790006e+00 9.822140e+00 9.854731e+00 9.887732e+00 9.921104e+00 
9.611722e+00 9.613197e+00 9.617595e+00 9.624837e+00 9.634799e+00 9.647321e+00 9.662221e+00 9.679302e+00 9.698367e+00 9.719219e+00 9.741674e+00 9.765561e+00 9.790722e+00 9.817017e+00 9.844318e+00 9.872514e+00 9.901505e+00 9.931206e+00 9.961538e+00 9.992435e+00 1.002384e+01 1.005570e+01 1.008796e+01 1.012059e+01 
9.816513e+00 9.817942e+00 9.822205e+00 9.829226e+00 9.838888e+00 9.851039e+00 9.865505e+00 9.882100e+00 9.900632e+00 9.920914e+00 9.942769e+00 9.966030e+00 9.990545e+00 1.001618e+01 1.004280e+01 1.007031e+01 1.009861e+01 1.012761e+01 1.015724e+01 1.018742e+01 1.021811e+01 1.024926e+01 1.028080e+01 1.031272e+01 
1.001411e+01 1.001549e+01 1.001962e+01 1.002642e+01 1.003579e+01 1.004758e+01 1.006161e+01 1.007773e+01 1.009574e+01 1.011546e+01 1.013672e+01 1.015937e+01 1.018325e+01 1.020823e+01 1.023419e+01 1.026103e+01 1.028865e+01 1.031696e+01 1.034590e+01 1.037539e+01 1.040538e+01 1.043583e+01 1.046668e+01 1.049789e+01 
1.020488e+01 1.020622e+01 1.021022e+01 1.021681e+01 1.022589e+01 1.023731e+01 1.025093e+01 1.026657e+01 1.028406e+01 1.030323e+01 1.032392e+01 1.034596e+01 1.036921e+01 1.039356e+01 1.041887e+01 1.044505e+01 1.047200e+01 1.049964e+01 1.052791e+01 1.055672e+01 1.058603e+01 1.061579e+01 1.064596e+01 1.067649e+01 
1.038920e+01 1.039049e+01 1.039436e+01 1.040074e+01 1.040953e+01 1.042060e+01 1.043381e+01 1.044899e+01 1.046597e+01 1.048460e+01 1.050471e+01 1.052616e+01 1.054880e+01 1.057252e+01 1.059720e+01 1.062273e+01 1.064903e+01 1.067602e+01 1.070362e+01 1.073177e+01 1.076042e+01 1.078951e+01 1.081901e+01 1.084887e+01 
1.056737e+01 1.056862e+01 1.057237e+01 1.057854e+01 1.058705e+01 1.059778e+01 1.061058e+01 1.062530e+01 1.064179e+01 1.065989e+01 1.067944e+01 1.070030e+01 1.072235e+01 1.074545e+01 1.076950e+01 1.079440e+01 1.082007e+01 1.084641e+01 1.087336e+01 1.090087e+01 1.092887e+01 1.095731e+01 1.098616e+01 1.101537e+01 
1.073971e+01 1.074092e+01 1.074454e+01 1.075051e+01 1.075875e+01 1.076914e+01 1.078154e+01 1.079582e+01 1.081182e+01 1.082940e+01 1.084840e+01 1.086870e+01 1.089016e+01 1.091266e+01 1.093610e+01 1.096038e+01 1.098542e+01 1.101113e+01 1.103745e+01 1.106432e+01 1.109169e+01 1.111950e+01 1.114771e+01 1.117629e+01 
1.090649e+01 1.090767e+01 1.091117e+01 1.091694e+01 1.092491e+01 1.093497e+01 1.094699e+01 1.096083e+01 1.097636e+01 1.099343e+01 1.101190e+01 1.103163e+01 1.105251e+01 1.107443e+01 1.109727e+01 1.112095e+01 1.114537e+01 1.117047e+01 1.119618e+01 1.122243e+01 1.124917e+01 1.127636e+01 1.130395e+01 1.133191e+01 
1.106799e+01 1.106912e+01 1.107251e+01 1.107809e+01 1.108580e+01 1.109554e+01 1.110718e+01 1.112060e+01 1.113567e+01 1.115224e+01 1.117018e+01 1.118937e+01 1.120969e+01 1.123103e+01 1.125329e+01 1.127637e+01 1.130020e+01 1.132469e+01 1.134980e+01 1.137544e+01 1.140158e+01 1.142816e+01 1.145515e+01 1.148250e+01 
1.122444e+01 1.122554e+01 1.122881e+01 1.123421e+01 1.124167e+01 1.125109e+01 1.126237e+01 1.127538e+01 1.128999e+01 1.130607e+01 1.132351e+01 1.134217e+01 1.136194e+01 1.138271e+01 1.140440e+01 1.142690e+01 1.145014e+01 1.147405e+01 1.149856e+01 1.152362e+01 1.154916e+01 1.157516e+01 1.160155e+01 1.162831e+01 
1.137609e+01 1.137715e+01 1.138031e+01 1.138553e+01 1.139274e+01 1.140186e+01 1.141278e+01 1.142539e+01 1.143956e+01 1.145517e+01 1.147211e+01 1.149025e+01 1.150948e+01 1.152971e+01 1.155083e+01 1.157277e+01 1.159544e+01 1.161878e+01 1.164271e+01 1.166719e+01 1.169216e+01 1.171757e+01 1.174339e+01 1.176957e+01 
1.152313e+01 1.152416e+01 1.152721e+01 1.153226e+01 1.153924e+01 1.154806e+01 1.155864e+01 1.157086e+01 1.158460e+01 1.159975e+01 1.161620e+01 1.163383e+01 1.165255e+01 1.167224e+01 1.169282e+01 1.171420e+01 1.173632e+01 1.175909e+01 1.178246e+01 1.180637e+01 1.183077e+01 1.185562e+01 1.188087e+01 1.190650e+01 
1.166579e+01 1.166678e+01 1.166973e+01 1.167461e+01 1.168136e+01 1.168990e+01 1.170014e+01 1.171198e+01 1.172531e+01 1.174002e+01 1.175599e+01 1.177313e+01 1.179133e+01 1.181050e+01 1.183055e+01 1.185139e+01 1.187296e+01 1.189519e+01 1.191801e+01 1.194137e+01 1.196522e+01 1.198951e+01 1.201422e+01 1.203929e+01 
1.180425e+01 1.180520e+01 1.180806e+01 1.181278e+01 1.181930e+01 1.182757e+01 1.183749e+01 1.184896e+01 1.186188e+01 1.187615e+01 1.189167e+01 1.190833e+01 1.192604e+01 1.194470e+01 1.196422e+01 1.198454e+01 1.200558e+01 1.202727e+01 1.204955e+01 1.207237e+01 1.209568e+01 1.211944e+01 1.214360e+01 1.216814e+01 
1.193869e+01 1.193961e+01 1.194237e+01 1.194693e+01 1.195324e+01 1.196124e+01 1.197085e+01 1.198196e+01 1.199450e+01 1.200835e+01 1.202342e+01 1.203961e+01 1.205683e+01 1.207500e+01 1.209402e+01 1.211382e+01 1.213434e+01 1.215551e+01 1.217727e+01 1.219956e+01 1.222234e+01 1.224557e+01 1.226921e+01 1.229322e+01 
SLICE 2 150
7.901403e-01 7.898147e-01 7.889984e-01 7.877034e-01 7.859524e-01 7.837754e-01 7.812077e-01 7.782870e-01 7.750519e-01 7.715399e-01 7.677870e-01 7.638270e-01 7.596916e-01 7.554102e-01 7.510107e-01 7.465200e-01 7.419647e-01 7.373718e-01 7.327704e-01 7.281927e-01 7.236772e-01 7.192718e-01 7.150425e-01 7.110922e-01 
7.022455e-01 7.019364e-01 7.011614e-01 6.999324e-01 6.982712e-01 6.962064e-01 6.937715e-01 6.910024e-01 6.879357e-01 6.846071e-01 6.810508e-01 6.772991e-01 6.733821e-01 6.693280e-01 6.651634e-01 6.609141e-01 6.566055e-01 6.522637e-01 6.479166e-01 6.435951e-01 6.393358e-01 6.351837e-01 6.311977e-01 6.274585e-01 
6.181449e-01 6.178541e-01 6.171213e-01 6.159587e-01 6.143871e-01 6.124337e-01 6.101300e-01 6.075103e-01 6.046088e-01 6.014597e-01 5.980954e-01 5.945463e-01 5.908411e-01 5.870065e-01 5.830680e-01 5.790500e-01 5.749767e-01 5.708728e-01 5.667647e-01 5.626814e-01 5.586566e-01 5.547303e-01 5.509518e-01 5.473797e-01 
5.375861e-01 5.373144e-01 5.366245e-01 5.355285e-01 5.340462e-01 5.322032e-01 5.300294e-01 5.275567e-01 5.248177e-01 5.218444e-01 5.186674e-01 5.153156e-01 5.118160e-01 5.081939e-01 5.044732e-01 5.006771e-01 4.968283e-01 4.929499e-01 4.890666e-01 4.852048e-01 4.813948e-01 4.776710e-01 4.740727e-01 4.706412e-01 
4.603393e-01 4.600871e-01 4.594405e-01 4.584111e-01 4.570176e-01 4.552840e-01 4.532384e-01 4.509106e-01 4.483313e-01 4.455303e-01 4.425365e-01 4.393769e-01 4.360770e-01 4.326605e-01 4.291499e-01 4.255668e-01 4.219325e-01 4.182683e-01 4.145966e-01 4.109414e-01 4.073289e-01 4.037880e-01 4.003493e-01 3.970411e-01 
3.861950e-01 3.859625e-01 3.853591e-01 3.843960e-01 3.830907e-01 3.814655e-01 3.795464e-01 3.773614e-01 3.749388e-01 3.723067e-01 3.694919e-01 3.665197e-01 3.634140e-01 3.601968e-01 3.568891e-01 3.535109e-01 3.500817e-01 3.466212e-01 3.431494e-01 3.396873e-01 3.362575e-01 3.328834e-01 3.295883e-01 3.263915e-01 
3.149616e-01 3.147488e-01 3.141885e-01 3.132913e-01 3.120732e-01 3.105551e-01 3.087608e-01 3.067162e-01 3.044476e-01 3.019809e-01 2.993412e-01 2.965519e-01 2.936350e-01 2.906111e-01 2.874996e-01 2.843187e-01 2.810863e-01 2.778199e-01 2.745372e-01 2.712566e-01 2.679967e-01 2.647763e-01 2.616126e-01 2.585184e-01 
2.464640e-01 2.462706e-01 2.457531e-01 2.449210e-01 2.437892e-01 2.423765e-01 2.407051e-01 2.387985e-01 2.366811e-01 2.343766e-01 2.319080e-01 2.292972e-01 2.265642e-01 2.237281e-01 2.208064e-01 2.178158e-01 2.147724e-01 2.116915e-01 2.085887e-01 2.054793e-01 2.023785e-01 1.993009e-01 1.962590e-01 1.932609e-01 
1.805412e-01 1.803671e-01 1.798918e-01 1.791239e-01 1.780770e-01 1.767682e-01 1.752176e-01 1.734466e-01 1.714773e-01 1.693317e-01 1.670306e-01 1.645939e-01 1.620402e-01 1.593865e-01 1.566489e-01 1.538423e-01 1.509809e-01 1.480779e-01 1.451466e-01 1.421996e-01 1.392489e-01 1.363053e-01 1.333776e-01 1.304701e-01 
1.170454e-01 1.168902e-01 1.164564e-01 1.157517e-01 1.147882e-01 1.135814e-01 1.121493e-01 1.105113e-01 1.086874e-01 1.066972e-01 1.045599e-01 1.022934e-01 9.991443e-02 9.743842e-02 9.487962e-02 9.225121e-02 8.956540e-02 8.683364e-02 8.406665e-02 8.127445e-02 7.846616e-02 7.564945e-02 7.282969e-02 7.000862e-02 
5.583988e-02 5.570328e-02 5.531018e-02 5.466747e-02 5.378585e-02 5.267911e-02 5.136325e-02 4.985559e-02 4.817396e-02 4.633608e-02 4.435899e-02 4.225878e-02 4.005036e-02 3.774745e-02 3.536257e-02 3.290711e-02 3.039141e-02 2.782487e-02 2.521600e-02 2.257230e-02 1.990016e-02 1.720441e-02 1.448767e-02 1.174952e-02 
-3.201344e-03 -3.319771e-03 -3.673022e-03 -4.255065e-03 -5.056526e-03 -6.065309e-03 -7.267350e-03 -8.647378e-03 -1.018963e-02 -1.187847e-02 -1.369879e-02 -1.563641e-02 -1.767819e-02 -1.981216e-02 -2.202754e-02 -2.431473e-02 -2.666523e-02 -2.907164e-02 -3.152766e-02 -3.402814e-02 -3.656926e-02 -3.914879e-02 -4.176650e-02 -4.442463e-02 
-6.019525e-02 -6.029594e-02 -6.061025e-02 -6.113300e-02 -6.185609e-02 -6.276907e-02 -6.385974e-02 -6.511484e-02 -6.652067e-02 -6.806360e-02 -6.973048e-02 -7.150899e-02 -7.338779e-02 -7.535666e-02 -7.740654e-02 -7.952958e-02 -8.171913e-02 -8.396975e-02 -8.627727e-02 -8.863884e-02 -9.105304e-02 -9.352007e-02 -9.604190e-02 -9.862242e-02 
-1.152505e-01 -1.153339e-01 -1.156102e-01 -1.160751e-01 -1.167216e-01 -1.175409e-01 -1.185227e-01 -1.196556e-01 -1.209279e-01 -1.223279e-01 -1.238445e-01 -1.254672e-01 -1.271864e-01 -1.289937e-01 -1.308816e-01 -1.328441e-01 -1.348763e-01 -1.369748e-01 -1.391373e-01 -1.413633e-01 -1.436537e-01 -1.460111e-01 -1.484394e-01 -1.509443e-01 
-1.684682e-01 -1.685348e-01 -1.687740e-01 -1.691824e-01 -1.697542e-01 -1.704821e-01 -1.713574e-01 -1.723706e-01 -1.735122e-01 -1.747723e-01 -1.761416e-01 -1.776116e-01 -1.791743e-01 -1.808230e-01 -1.825521e-01 -1.843572e-01 -1.862351e-01 -1.881842e-01 -1.902045e-01 -1.922975e-01 -1.944663e-01 -1.967160e-01 -1.990525e-01 -2.014832e-01 
-2.199429e-01 -2.199930e-01 -2.201962e-01 -2.205495e-01 -2.210484e-01 -2.216868e-01 -2.224579e-01 -2.233541e-01 -2.243676e-01 -2.254905e-01 -2.267154e-01 -2.280354e-01 -2.294445e-01 -2.309376e-01 -2.325106e-01 -2.341607e-01 -2.358868e-01 -2.376888e-01 -2.395688e-01 -2.415303e-01 -2.435789e-01 -2.457219e-01 -2.479677e-01 -2.503253e-01 
-2.697628e-01 -2.697969e-01 -2.699649e-01 -2.702645e-01 -2.706922e-01 -2.712432e-01 -2.719124e-01 -2.726940e-01 -2.735818e-01 -2.745701e-01 -2.756532e-01 -2.768259e-01 -2.780839e-01 -2.794236e-01 -2.808428e-01 -2.823403e-01 -2.839163e-01 -2.855728e-01 -2.873136e-01 -2.891444e-01 -2.910732e-01 -2.931097e-01 -2.952649e-01 -2.975501e-01 
-3.180106e-01 -3.180292e-01 -3.181630e-01 -3.184101e-01 -3.187681e-01 -3.192337e-01 -3.198031e-01 -3.204722e-01 -3.212368e-01 -3.220929e-01 -3.230364e-01 -3.240641e-01 -3.251732e-01 -3.263619e-01 -3.276291e-01 -3.289755e-01 -3.304028e-01 -3.319147e-01 -3.335167e-01 -3.352169e-01 -3.370253e-01 -3.389544e-01 -3.410183e-01 -3.432311e-01 
-3.647641e-01 -3.647675e-01 -3.648679e-01 -3.650638e-01 -3.653537e-01 -3.657356e-01 -3.662071e-01 -3.667658e-01 -3.674093e-01 -3.681352e-01 -3.689414e-01 -3.698262e-01 -3.707884e-01 -3.718276e-01 -3.729445e-01 -3.741410e-01 -3.754204e-01 -3.767879e-01 -3.782509e-01 -3.798194e-01 -3.815059e-01 -3.833258e-01 -3.852966e-01 -3.874361e-01 
-4.100961e-01 -4.100848e-01 -4.101526e-01 -4.102985e-01 -4.105217e-01 -4.108214e-01 -4.111968e-01 -4.116469e-01 -4.121712e-01 -4.127689e-01 -4.134396e-01 -4.141833e-01 -4.150002e-01 -4.158914e-01 -4.168591e-01 -4.179065e-01 -4.190383e-01 -4.202611e-01 -4.215842e-01 -4.230191e-01 -4.245810e-01 -4.262884e-01 -4.281630e-01 -4.302276e-01 
-4.540753e-01 -4.540498e-01 -4.540858e-01 -4.541827e-01 -4.543406e-01 -4.545595e-01 -4.548402e-01 -4.551835e-01 -4.555901e-01 -4.560613e-01 -4.565981e-01 -4.572021e-01 -4.578751e-01 -4.586196e-01 -4.594389e-01 -4.603375e-01 -4.613216e-01 -4.623990e-01 -4.635803e-01 -4.648790e-01 -4.663126e-01 -4.679028e-01 -4.696760e-01 -4.716621e-01 
-4.967663e-01 -4.967271e-01 -4.967322e-01 -4.967812e-01 -4.968748e-01 -4.970142e-01 -4.972016e-01 -4.974392e-01 -4.977297e-01 -4.980757e-01 -4.984800e-01 -4.989457e-01 -4.994758e-01 -5.000744e-01 -5.007458e-01 -5.014958e-01 -5.023315e-01 -5.032621e-01 -5.042993e-01 -5.054584e-01 -5.067587e-01 -5.082250e-01 -5.098894e-01 -5.117908e-01 
-5.382298e-01 -5.381777e-01 -5.381529e-01 -5.381550e-01 -5.381853e-01 -5.382462e-01 -5.383413e-01 -5.384744e-01 -5.386498e-01 -5.388718e-01 -5.391448e-01 -5.394730e-01 -5.398612e-01 -5.403144e-01 -5.408381e-01 -5.414392e-01 -5.421257e-01 -5.429077e-01 -5.437981e-01 -5.448132e-01 -5.459740e-01 -5.473082e-01 -5.488527e-01 -5.506585e-01 
-5.785230e-01 -5.784592e-01 -5.784057e-01 -5.783617e-01 -5.783295e-01 -5.783128e-01 -5.783164e-01 -5.783459e-01 -5.784071e-01 -5.785060e-01 -5.786484e-01 -5.788400e-01 -5.790869e-01 -5.793950e-01 -5.797711e-01 -5.802227e-01 -5.807588e-01 -5.813902e-01 -5.821305e-01 -5.829967e-01 -5.840109e-01 -5.852025e-01 -5.866121e-01 -5.883023e-01 
SLICE 3 150
0.000000e+00 0.000000e+00 0.000000e+00 0.000000e+00 0.000000e+00 0.000000e+00 0.000000e+00 0.000000e+00 0.000000e+00 0.000000e+00 0.000000e+00 0.000000e+00 0.000000e+00 0.000000e+00 0.000000e+00 0.000000e+00 0.000000e+00 0.000000e+00 0.000000e+00 0.000000e+00 0.000000e+00 0.000000e+00 0.000000e+00 0.000000e+00 
7.864867e-01 7.861189e-01 7.853378e-01 7.841383e-01 7.825340e-01 7.805482e-01 7.782104e-01 7.755534e-01 7.726116e-01 7.694192e-01 7.660098e-01 7.624160e-01 7.586691e-01 7.547996e-01 7.508375e-01 7.468134e-01 7.427594e-01 7.387112e-01 7.347104e-01 7.308095e-01 7.270807e-01 7.236359e-01 7.206761e-01 7.186336e-01 
7.831660e-01 7.828060e-01 7.820743e-01 7.809705e-01 7.795057e-01 7.776995e-01 7.755771e-01 7.731671e-01 7.705002e-01 7.676079e-01 7.645217e-01 7.612727e-01 7.578919e-01 7.544104e-01 7.508597e-01 7.472733e-01 7.436873e-01 7.401432e-01 7.366910e-01 7.333943e-01 7.303397e-01 7.276536e-01 7.255298e-01 7.242692e-01 
7.801805e-01 7.798439e-01 7.791694e-01 7.781607e-01 7.768288e-01 7.751911e-01 7.732696e-01 7.710898e-01 7.686793e-01 7.660669e-01 7.632823e-01 7.603553e-01 7.573163e-01 7.541962e-01 7.510276e-01 7.478453e-01 7.446876e-01 7.415989e-01 7.386320e-01 7.358527e-01 7.333460e-01 7.312241e-01 7.296349e-01 7.287582e-01 
7.775137e-01 7.772051e-01 7.765896e-01 7.756733e-01 7.744671e-01 7.729866e-01 7.712517e-01 7.692852e-01 7.671123e-01 7.647595e-01 7.622544e-01 7.596256e-01 7.569026e-01 7.541158e-01 7.512977e-01 7.484834e-01 7.457116e-01 7.430264e-01 7.404795e-01 7.381328e-01 7.360613e-01 7.343557e-01 7.331207e-01 7.324639e-01 
7.751423e-01 7.748620e-01 7.743043e-01 7.734757e-01 7.723869e-01 7.710522e-01 7.694897e-01 7.677199e-01 7.657658e-01 7.636520e-01 7.614042e-01 7.590496e-01 7.566162e-01 7.541339e-01 7.516341e-01 7.491510e-01 7.467222e-01 7.443898e-01 7.422016e-01 7.402127e-01 7.384860e-01 7.370916e-01 7.361031e-01 7.355874e-01 
7.730408e-01 7.727876e-01 7.722845e-01 7.715379e-01 7.705577e-01 7.693573e-01 7.679530e-01 7.663635e-01 7.646099e-01 7.627148e-01 7.607022e-01 7.585977e-01 7.564279e-01 7.542212e-01 7.520078e-01 7.498202e-01 7.476936e-01 7.456669e-01 7.437830e-01 7.420893e-01 7.406372e-01 7.394805e-01 7.386716e-01 7.382542e-01 
7.711836e-01 7.709558e-01 7.705033e-01 7.698322e-01 7.689517e-01 7.678741e-01 7.666142e-01 7.651891e-01 7.636180e-01 7.619218e-01 7.601228e-01 7.582450e-01 7.563134e-01 7.543546e-01 7.523970e-01 7.504709e-01 7.486088e-01 7.468456e-01 7.452192e-01 7.437696e-01 7.425385e-01 7.415674e-01 7.408942e-01 7.405492e-01 
7.695466e-01 7.693420e-01 7.689358e-01 7.683336e-01 7.675439e-01 7.665779e-01 7.654489e-01 7.641727e-01 7.627669e-01 7.612506e-01 7.596446e-01 7.579710e-01 7.562531e-01 7.545158e-01 7.527853e-01 7.510894e-01 7.494577e-01 7.479212e-01 7.465127e-01 7.452658e-01 7.442144e-01 7.433908e-01 7.428234e-01 7.425339e-01 
7.681069e-01 7.679235e-01 7.675593e-01 7.670195e-01 7.663119e-01 7.654465e-01 7.644357e-01 7.632938e-01 7.620367e-01 7.606823e-01 7.592495e-01 7.577588e-01 7.562317e-01 7.546912e-01 7.531612e-01 7.516672e-01 7.502355e-01 7.488935e-01 7.476696e-01 7.465919e-01 7.456882e-01 7.449839e-01 7.445008e-01 7.442549e-01 
7.668440e-01 7.666796e-01 7.663532e-01 7.658695e-01 7.652356e-01 7.644607e-01 7.635559e-01 7.625343e-01 7.614106e-01 7.602009e-01 7.589227e-01 7.575949e-01 7.562372e-01 7.548706e-01 7.535170e-01 7.521992e-01 7.509408e-01 7.497657e-01 7.486984e-01 7.477627e-01 7.469813e-01 7.463746e-01 7.459598e-01 7.457492e-01 
7.657392e-01 7.655918e-01 7.652991e-01 7.648656e-01 7.642975e-01 7.636033e-01 7.627931e-01 7.618788e-01 7.608738e-01 7.597929e-01 7.586521e-01 7.574686e-01 7.562606e-01 7.550470e-01 7.538478e-01 7.526834e-01 7.515747e-01 7.505428e-01 7.496086e-01 7.487924e-01 7.481130e-01 7.475871e-01 7.472283e-01 7.470464e-01 
7.647756e-01 7.646433e-01 7.643807e-01 7.639917e-01 7.634821e-01 7.628595e-01 7.621332e-01 7.613140e-01 7.604142e-01 7.594473e-01 7.584278e-01 7.573715e-01 7.562950e-01 7.552154e-01 7.541508e-01 7.531194e-01 7.521398e-01 7.512305e-01 7.504096e-01 7.496943e-01 7.491004e-01 7.486417e-01 7.483293e-01 7.481711e-01 
7.639385e-01 7.638196e-01 7.635835e-01 7.632338e-01 7.627758e-01 7.622164e-01 7.615641e-01 7.608287e-01 7.600215e-01 7.591547e-01 7.582418e-01 7.572970e-01 7.563353e-01 7.553726e-01 7.544248e-01 7.535084e-01 7.526398e-01 7.518354e-01 7.511107e-01 7.504807e-01 7.499587e-01 7.495562e-01 7.492825e-01 7.491440e-01 
7.632148e-01 7.631076e-01 7.628947e-01 7.625795e-01 7.621667e-01 7.616626e-01 7.610751e-01 7.604131e-01 7.596868e-01 7.589076e-01 7.580876e-01 7.572398e-01 7.563780e-01 7.555164e-01 7.546695e-01 7.538520e-01 7.530785e-01 7.523635e-01 7.517206e-01 7.511626e-01 7.507010e-01 7.503457e-01 7.501043e-01 7.499822e-01 
7.625931e-01 7.624960e-01 7.623034e-01 7.620181e-01 7.616445e-01 7.611886e-01 7.606574e-01 7.600590e-01 7.594030e-01 7.586996e-01 7.579600e-01 7.571961e-01 7.564204e-01 7.556458e-01 7.548854e-01 7.541524e-01 7.534601e-01 7.528210e-01 7.522472e-01 7.517499e-01 7.513391e-01 7.510232e-01 7.508088e-01 7.507004e-01 
7.620635e-01 7.619752e-01 7.617999e-01 7.615403e-01 7.612006e-01 7.607861e-01 7.603032e-01 7.597596e-01 7.591639e-01 7.585256e-01 7.578549e-01 7.571627e-01 7.564606e-01 7.557601e-01 7.550733e-01 7.544122e-01 7.537884e-01 7.532133e-01 7.526977e-01 7.522514e-01 7.518830e-01 7.516000e-01 7.514080e-01 7.513110e-01 
7.616175e-01 7.615365e-01 7.613760e-01 7.611384e-01 7.608274e-01 7.604480e-01 7.600062e-01 7.595090e-01 7.589644e-01 7.583812e-01 7.577689e-01 7.571374e-01 7.564973e-01 7.558594e-01 7.552345e-01 7.546336e-01 7.540672e-01 7.535456e-01 7.530784e-01 7.526744e-01 7.523413e-01 7.520855e-01 7.519121e-01 7.518245e-01 
7.612478e-01 7.611731e-01 7.610249e-01 7.608055e-01 7.605185e-01 7.601684e-01 7.597609e-01 7.593024e-01 7.588005e-01 7.582632e-01 7.576994e-01 7.571183e-01 7.565298e-01 7.559436e-01 7.553700e-01 7.548188e-01 7.542998e-01 7.538222e-01 7.533948e-01 7.530255e-01 7.527212e-01 7.524877e-01 7.523294e-01 7.522495e-01 
7.609485e-01 7.608789e-01 7.607407e-01 7.605362e-01 7.602687e-01 7.599425e-01 7.595629e-01 7.591359e-01 7.586686e-01 7.581687e-01 7.576442e-01 7.571041e-01 7.565573e-01 7.560132e-01 7.554810e-01 7.549699e-01 7.544891e-01 7.540469e-01 7.536515e-01 7.533101e-01 7.530289e-01 7.528132e-01 7.526671e-01 7.525933e-01 
7.607147e-01 7.606491e-01 7.605188e-01 7.603260e-01 7.600738e-01 7.597663e-01 7.594086e-01 7.590063e-01 7.585662e-01 7.580955e-01 7.576019e-01 7.570938e-01 7.565797e-01 7.560683e-01 7.555684e-01 7.550887e-01 7.546375e-01 7.542230e-01 7.538524e-01 7.535325e-01 7.532692e-01 7.530674e-01 7.529306e-01 7.528616e-01 
7.605427e-01 7.604800e-01 7.603555e-01 7.601713e-01 7.599305e-01 7.596368e-01 7.592952e-01 7.589112e-01 7.584911e-01 7.580420e-01 7.575712e-01 7.570867e-01 7.565966e-01 7.561093e-01 7.556332e-01 7.551765e-01 7.547471e-01 7.543528e-01 7.540004e-01 7.536964e-01 7.534462e-01 7.532544e-01 7.531246e-01 7.530590e-01 
7.604295e-01 7.603687e-01 7.602481e-01 7.600696e-01 7.598362e-01 7.595517e-01 7.592207e-01 7.588487e-01 7.584419e-01 7.580069e-01 7.575511e-01 7.570822e-01 7.566079e-01 7.561365e-01 7.556760e-01 7.552344e-01 7.548194e-01 7.544383e-01 7.540979e-01 7.538042e-01 7.535626e-01 7.533774e-01 7.532521e-01 7.531888e-01 
7.603734e-01 7.603136e-01 7.601949e-01 7.600192e-01 7.597895e-01 7.595095e-01 7.591838e-01 7.588178e-01 7.584175e-01 7.579896e-01 7.575413e-01 7.570800e-01 7.566136e-01 7.561500e-01 7.556973e-01 7.552632e-01 7.548553e-01 7.544807e-01 7.541462e-01 7.538577e-01 7.536203e-01 7.534384e-01 7.533153e-01 7.532532e-01 
SLICE 1 250
-8.300000e+01 -8.300000e+01 -8.300000e+01 -8.300000e+01 -8.300000e+01 -8.300000e+01 -8.300000e+01 -8.300000e+01 -8.300000e+01 -8.300000e+01 -8.300000e+01 -8.300000e+01 -8.300000e+01 -8.300000e+01 -8.300000e+01 -8.300000e+01 -8.300000e+01 -8.300000e+01 -8.300000e+01 -8.300000e+01 -8.300000e+01 -8.300000e+01 -8.300000e+01 -8.300000e+01 
-8.300000e+01 -8.300000e+01 -8.300000e+01 -8.300000e+01 -8.300000e+01 -8.300000e+01 -8.300000e+01 -8.300000e+01 -8.300000e+01 -8.300000e+01 -8.300000e+01 -8.300000e+01 -8.300000e+01 -8.300000e+01 -8.300000e+01 -8.300000e+01 -8.300000e+01 -8.300000e+01 -8.300000e+01 -8.300000e+01 -8.300000e+01 -8.300000e+01 -8.300000e+01 -8.300000e+01 
-8.300000e+01 -8.300000e+01 -8.300000e+01 -8.300000e+01 -8.300000e+01 -8.300000e+01 -8.300000e+01 -8.300000e+01 -8.300000e+01 -8.300000e+01 -8.300000e+01 -8.300000e+01 -8.300000e+01 -8.300000e+01 -8.300000e+01 -8.300000e+01 -8.300000e+01 -8.300000e+01 -8.300000e+01 -8.300000e+01 -8.300000e+01 -8.300000e+01 -8.299200e+01 -8.296090e+01 
-8.300000e+01 -8.300000e+01 -8.300000e+01 -8.300000e+01 -8.300000e+01 -8.300000e+01 -8.300000e+01 -8.300000e+01 -8.300000e+01 -8.300000e+01 -8.300000e+01 -8.300000e+01 -8.299618e+01 -8.297747e+01 -8.294163e+01 -8.288718e+01 -8.281280e+01 -8.271739e+01 -8.259999e+01 -8.245976e+01 -8.229603e+01 -8.210822e+01 -8.189585e+01 -8.165852e+01 
-8.282155e+01 -8.281726e+01 -8.280419e+01 -8.278169e+01 -8.274881e+01 -8.270430e+01 -8.264675e+01 -8.257469e+01 -8.248661e+01 -8.238111e+01 -8.225684e+01 -8.211261e+01 -8.194735e+01 -8.176014e+01 -8.155016e+01 -8.131675e+01 -8.105935e+01 -8.077751e+01 -8.047087e+01 -8.013915e+01 -7.978216e+01 -7.939977e+01 -7.899192e+01 -7.855860e+01 
-8.107390e+01 -8.106010e+01 -8.101868e+01 -8.094962e+01 -8.085285e+01 -8.072833e+01 -8.057600e+01 -8.039581e+01 -8.018772e+01 -7.995174e+01 -7.968789e+01 -7.939622e+01 -7.907682e+01 -7.872979e+01 -7.835530e+01 -7.795351e+01 -7.752462e+01 -7.706888e+01 -7.658653e+01 -7.607787e+01 -7.554320e+01 -7.498285e+01 -7.439717e+01 -7.378655e+01 
-7.752274e+01 -7.750014e+01 -7.743252e+01 -7.732043e+01 -7.716470e+01 -7.696642e+01 -7.672683e+01 -7.644730e+01 -7.612922e+01 -7.577398e+01 -7.538292e+01 -7.495733e+01 -7.449843e+01 -7.400737e+01 -7.348522e+01 -7.293301e+01 -7.235169e+01 -7.174217e+01 -7.110531e+01 -7.044194e+01 -6.975288e+01 -6.903888e+01 -6.830073e+01 -6.753915e+01 
-7.230983e+01 -7.227955e+01 -7.218907e+01 -7.203944e+01 -7.183233e+01 -7.156986e+01 -7.125450e+01 -7.088889e+01 -7.047576e+01 -7.001777e+01 -6.951753e+01 -6.897747e+01 -6.839988e+01 -6.778689e+01 -6.714044e+01 -6.646236e+01 -6.575430e+01 -6.501782e+01 -6.425436e+01 -6.346525e+01 -6.265176e+01 -6.181509e+01 -6.095637e+01 -6.007668e+01 
-6.565045e+01 -6.561394e+01 -6.550494e+01 -6.532494e+01 -6.507631e+01 -6.476208e+01 -6.438576e+01 -6.395114e+01 -6.346207e+01 -6.292239e+01 -6.233578e+01 -6.170571e+01 -6.103543e+01 -6.032792e+01 -5.958593e+01 -5.881199e+01 -5.800839e+01 -5.717727e+01 -5.632057e+01 -5.544009e+01 -5.453752e+01 -5.361441e+01 -5.267223e+01 -5.171237e+01 
-5.782499e+01 -5.778398e+01 -5.766159e+01 -5.745968e+01 -5.718117e+01 -5.682981e+01 -5.640997e+01 -5.592633e+01 -5.538371e+01 -5.478687e+01 -5.414040e+01 -5.344863e+01 -5.271560e+01 -5.194504e+01 -5.114034e+01 -5.030464e+01 -4.944078e+01 -4.855136e+01 -4.763877e+01 -4.670520e+01 -4.575266e+01 -4.478303e+01 -4.379805e+01 -4.279936e+01 
-4.916750e+01 -4.912389e+01 -4.899379e+01 -4.877929e+01 -4.848372e+01 -4.811135e+01 -4.766715e+01 -4.715648e+01 -4.658483e+01 -4.595768e+01 -4.528030e+01 -4.455765e+01 -4.379439e+01 -4.299480e+01 -4.216280e+01 -4.130197e+01 -4.041558e+01 -3.950661e+01 -3.857777e+01 -3.763155e+01 -3.667022e+01 -3.569590e+01 -3.471052e+01 -3.371590e+01 
-4.005165e+01 -4.000742e+01 -3.987551e+01 -3.965816e+01 -3.935890e+01 -3.898232e+01 -3.853374e+01 -3.801890e+01 -3.744375e+01 -3.681416e+01 -3.613585e+01 -3.541421e+01 -3.465427e+01 -3.386069e+01 -3.303773e+01 -3.218926e+01 -3.131885e+01 -3.042971e+01 -2.952477e+01 -2.860671e+01 -2.767798e+01 -2.674084e+01 -2.579734e+01 -2.484941e+01 
-3.087457e+01 -3.083170e+01 -3.070384e+01 -3.049329e+01 -3.020362e+01 -2.983950e+01 -2.940635e+01 -2.891004e+01 -2.835664e+01 -2.775222e+01 -2.710264e+01 -2.641346e+01 -2.568989e+01 -2.493674e+01 -2.415843e+01 -2.335898e+01 -2.254205e+01 -2.171098e+01 -2.086880e+01 -2.001827e+01 -1.916190e+01 -1.830200e+01 -1.744067e+01 -1.657986e+01 
-2.203948e+01 -2.199981e+01 -2.188156e+01 -2.168693e+01 -2.141940e+01 -2.108350e+01 -2.068449e+01 -2.022813e+01 -1.972036e+01 -1.916713e+01 -1.857420e+01 -1.794708e+01 -1.729090e+01 -1.661043e+01 -1.591005e+01 -1.519374e+01 -1.446514e+01 -1.372755e+01 -1.298397e+01 -1.223712e+01 -1.148947e+01 -1.074329e+01 -1.000064e+01 -9.263405e+00 
-1.393768e+01 -1.390288e+01 -1.379920e+01 -1.362867e+01 -1.339451e+01 -1.310094e+01 -1.275286e+01 -1.235564e+01 -1.191486e+01 -1.143608e+01 -1.092475e+01 -1.038606e+01 -9.824875e+00 -9.245702e+00 -8.652691e+00 -8.049633e+00 -7.439974e+00 -6.826845e+00 -6.213082e+00 -5.601257e+00 -4.993704e+00 -4.392541e+00 -3.799698e+00 -3.216933e+00 
-6.930878e+00 -6.902357e+00 -6.817411e+00 -6.677839e+00 -6.486498e+00 -6.247112e+00 -5.964044e+00 -5.642070e+00 -5.286168e+00 -4.901337e+00 -4.492458e+00 -4.064201e+00 -3.620954e+00 -3.166794e+00 -2.705470e+00 -2.240410e+00 -1.774731e+00 -1.311258e+00 -8.525488e-01 -4.009169e-01 4.154714e-02 4.729521e-01 8.915859e-01 1.295897e+00 
-1.334626e+00 -1.313451e+00 -1.250440e+00 -1.147098e+00 -1.005814e+00 -8.297078e-01 -6.224467e-01 -3.880536e-01 -1.307319e-01 1.452850e-01 4.358519e-01 7.369975e-01 1.044981e+00 1.356326e+00 1.667830e+00 1.976570e+00 2.279886e+00 2.575375e+00 2.860866e+00 3.134404e+00 3.394228e+00 3.638757e+00 3.866569e+00 4.076386e+00 
2.596390e+00 2.609511e+00 2.648477e+00 2.712118e+00 2.798574e+00 2.905414e+00 3.029774e+00 3.168504e+00 3.318305e+00 3.475846e+00 3.637862e+00 3.801216e+00 3.962954e+00 4.120326e+00 4.270805e+00 4.412083e+00 4.542070e+00 4.658879e+00 4.760818e+00 4.846372e+00 4.914186e+00 4.963057e+00 4.991915e+00 5.003632e+00 
4.680411e+00 4.685158e+00 4.699124e+00 4.721493e+00 4.750971e+00 4.785861e+00 4.824161e+00 4.863665e+00 4.902061e+00 4.937011e+00 4.966219e+00 4.987483e+00 4.998728e+00 5.011522e+00 5.033206e+00 5.055710e+00 5.078952e+00 5.102862e+00 5.127372e+00 5.152427e+00 5.177973e+00 5.203965e+00 5.230361e+00 5.257124e+00 
5.109057e+00 5.110115e+00 5.113276e+00 5.118498e+00 5.125713e+00 5.134833e+00 5.145753e+00 5.158360e+00 5.172531e+00 5.188144e+00 5.205078e+00 5.223217e+00 5.242452e+00 5.262679e+00 5.283804e+00 5.305742e+00 5.328413e+00 5.351748e+00 5.375682e+00 5.400158e+00 5.425126e+00 5.450539e+00 5.476357e+00 5.502543e+00 
5.356915e+00 5.357938e+00 5.360993e+00 5.366041e+00 5.373019e+00 5.381845e+00 5.392420e+00 5.404636e+00 5.418379e+00 5.433533e+00 5.449982e+00 5.467615e+00 5.486326e+00 5.506017e+00 5.526597e+00 5.547982e+00 5.570095e+00 5.592868e+00 5.616239e+00 5.640150e+00 5.664552e+00 5.689401e+00 5.714654e+00 5.740277e+00 
5.597190e+00 5.598179e+00 5.601131e+00 5.606011e+00 5.612761e+00 5.621301e+00 5.631542e+00 5.643380e+00 5.656707e+00 5.671414e+00 5.687390e+00 5.704530e+00 5.722732e+00 5.741901e+00 5.761948e+00 5.782793e+00 5.804362e+00 5.826586e+00 5.849406e+00 5.872765e+00 5.896616e+00 5.920912e+00 5.945614e+00 5.970687e+00 
5.830223e+00 5.831178e+00 5.834032e+00 5.838750e+00 5.845278e+00 5.853543e+00 5.863459e+00 5.874931e+00 5.887855e+00 5.902128e+00 5.917645e+00 5.934305e+00 5.952010e+00 5.970669e+00 5.990198e+00 6.010516e+00 6.031553e+00 6.053242e+00 6.075524e+00 6.098344e+00 6.121655e+00 6.145413e+00 6.169577e+00 6.194112e+00 
6.056333e+00 6.057256e+00 6.060015e+00 6.064577e+00 6.070891e+00 6.078890e+00 6.088493e+00 6.099609e+00 6.112143e+00 6.125994e+00 6.141065e+00 6.157258e+00 6.174480e+00 6.192644e+00 6.211666e+00 6.231471e+00 6.251989e+00 6.273155e+00 6.294912e+00 6.317207e+00 6.339991e+00 6.363221e+00 6.386860e+00 6.410870e+00 
SLICE 2 250
1.390779e+01 1.391375e+01 1.392583e+01 1.394414e+01 1.396866e+01 1.399927e+01 1.403573e+01 1.407776e+01 1.412502e+01 1.417716e+01 1.423384e+01 1.429474e+01 1.435961e+01 1.442825e+01 1.450043e+01 1.457582e+01 1.465401e+01 1.473442e+01 1.481615e+01 1.489773e+01 1.497679e+01 1.504938e+01 1.510911e+01 1.514577e+01 
1.390475e+01 1.391064e+01 1.392267e+01 1.394095e+01 1.396549e+01 1.399615e+01 1.403269e+01 1.407480e+01 1.412216e+01 1.417439e+01 1.423114e+01 1.429208e+01 1.435697e+01 1.442567e+01 1.449795e+01 1.457349e+01 1.465190e+01 1.473264e+01 1.481488e+01 1.489732e+01 1.497777e+01 1.505258e+01 1.511584e+01 1.515724e+01 
1.389868e+01 1.390443e+01 1.391633e+01 1.393458e+01 1.395916e+01 1.398992e+01 1.402660e+01 1.406890e+01 1.411644e+01 1.416885e+01 1.422576e+01 1.428677e+01 1.435167e+01 1.442049e+01 1.449298e+01 1.456881e+01 1.464764e+01 1.472900e+01 1.481224e+01 1.489631e+01 1.497944e+01 1.505853e+01 1.512646e+01 1.517013e+01 
1.388966e+01 1.389510e+01 1.390680e+01 1.392499e+01 1.394964e+01 1.398056e+01 1.401747e+01 1.406003e+01 1.410787e+01 1.416059e+01 1.421776e+01 1.427885e+01 1.434247e+01 1.440589e+01 1.446795e+01 1.452788e+01 1.458499e+01 1.463860e+01 1.468799e+01 1.473225e+01 1.477008e+01 1.479951e+01 1.481760e+01 1.481947e+01 
1.382426e+01 1.382783e+01 1.383531e+01 1.384668e+01 1.386156e+01 1.387935e+01 1.389931e+01 1.392062e+01 1.394246e+01 1.396398e+01 1.398438e+01 1.400291e+01 1.401903e+01 1.403251e+01 1.404290e+01 1.404977e+01 1.405275e+01 1.405155e+01 1.404586e+01 1.403538e+01 1.401976e+01 1.399850e+01 1.397108e+01 1.393708e+01 
1.328806e+01 1.328789e+01 1.328650e+01 1.328386e+01 1.327975e+01 1.327388e+01 1.326585e+01 1.325525e+01 1.324165e+01 1.322465e+01 1.320384e+01 1.317890e+01 1.314961e+01 1.311587e+01 1.307759e+01 1.303468e+01 1.298710e+01 1.293492e+01 1.287832e+01 1.281761e+01 1.275338e+01 1.268660e+01 1.261911e+01 1.255440e+01 
1.221175e+01 1.220801e+01 1.219839e+01 1.218282e+01 1.216126e+01 1.213367e+01 1.209999e+01 1.206021e+01 1.201429e+01 1.196221e+01 1.190398e+01 1.183963e+01 1.176928e+01 1.169307e+01 1.161120e+01 1.152390e+01 1.143146e+01 1.133431e+01 1.123304e+01 1.112860e+01 1.102240e+01 1.091677e+01 1.081556e+01 1.072545e+01 
1.063883e+01 1.063191e+01 1.061509e+01 1.058829e+01 1.055159e+01 1.050519e+01 1.044935e+01 1.038440e+01 1.031066e+01 1.022848e+01 1.013824e+01 1.004030e+01 9.935061e+00 9.822963e+00 9.704462e+00 9.580062e+00 9.450351e+00 9.316069e+00 9.178218e+00 9.038231e+00 8.898272e+00 8.761732e+00 8.634082e+00 8.524303e+00 
8.634670e+00 8.625167e+00 8.602530e+00 8.566677e+00 8.517811e+00 8.456335e+00 8.382778e+00 8.297752e+00 8.201908e+00 8.095916e+00 7.980447e+00 7.856168e+00 7.723752e+00 7.583879e+00 7.437245e+00 7.284591e+00 7.126750e+00 6.964726e+00 6.799831e+00 6.633892e+00 6.469610e+00 6.311140e+00 6.165049e+00 6.041829e+00 
6.284016e+00 6.272649e+00 6.245835e+00 6.203507e+00 6.145966e+00 6.073777e+00 5.987678e+00 5.888519e+00 5.777206e+00 5.654664e+00 5.521816e+00 5.379570e+00 5.228820e+00 5.070450e+00 4.905351e+00 4.734452e+00 4.558770e+00 4.379502e+00 4.198169e+00 4.016850e+00 3.838559e+00 3.667864e+00 3.511882e+00 3.381814e+00 
3.687480e+00 3.675054e+00 3.645877e+00 3.599905e+00 3.537516e+00 3.459389e+00 3.366413e+00 3.259608e+00 3.140063e+00 3.008890e+00 2.867195e+00 2.716063e+00 2.556551e+00 2.389696e+00 2.216528e+00 2.038102e+00 1.855555e+00 1.670194e+00 1.483641e+00 1.298065e+00 1.116554e+00 9.437225e-01 7.866807e-01 6.565470e-01 
9.573009e-01 9.446592e-01 9.150091e-01 8.683389e-01 8.050745e-01 7.259657e-01 6.319882e-01 5.242610e-01 4.039800e-01 2.723682e-01 1.306421e-01 -2.000828e-02 -1.784262e-01 -3.434855e-01 -5.140771e-01 -6.890815e-01 -8.673166e-01 -1.047453e+00 -1.227882e+00 -1.406504e+00 -1.580393e+00 -1.745253e+00 -1.894529e+00 -2.017971e+00 
-1.787499e+00 -1.799522e+00 -1.827773e+00 -1.872230e+00 -1.932441e+00 -2.007632e+00 -2.096804e+00 -2.198811e+00 -2.312426e+00 -2.436394e+00 -2.569464e+00 -2.710413e+00 -2.858054e+00 -3.011235e+00 -3.168833e+00 -3.329731e+00 -3.492775e+00 -3.656700e+00 -3.820019e+00 -3.980849e+00 -4.136650e+00 -4.283777e+00 -4.416755e+00 -4.526986e+00 
-4.426346e+00 -4.436967e+00 -4.462058e+00 -4.501560e+00 -4.555019e+00 -4.621680e+00 -4.700580e+00 -4.790612e+00 -4.890595e+00 -4.999316e+00 -5.115568e+00 -5.238166e+00 -5.365961e+00 -5.497838e+00 -5.632723e+00 -5.769568e+00 -5.907319e+00 -6.044854e+00 -6.180905e+00 -6.313935e+00 -6.441966e+00 -6.562297e+00 -6.670999e+00 -6.761911e+00 
-6.842496e+00 -6.851018e+00 -6.871383e+00 -6.903489e+00 -6.946895e+00 -7.000909e+00 -7.064653e+00 -7.137126e+00 -7.217260e+00 -7.303955e+00 -7.396119e+00 -7.492676e+00 -7.592578e+00 -7.694805e+00 -7.798384e+00 -7.902405e+00 -8.005979e+00 -8.108198e+00 -8.208087e+00 -8.304550e+00 -8.396304e+00 -8.481788e+00 -8.559002e+00 -8.624988e+00 
-8.928312e+00 -8.934166e+00 -8.948506e+00 -8.971178e+00 -9.001775e+00 -9.039697e+00 -9.084200e+00 -9.134442e+00 -9.189527e+00 -9.248534e+00 -9.310548e+00 -9.374672e+00 -9.440016e+00 -9.505692e+00 -9.570873e+00 -9.634853e+00 -9.696969e+00 -9.756578e+00 -9.813055e+00 -9.865798e+00 -9.914277e+00 -9.958158e+00 -9.997578e+00 -1.003346e+01 
-1.059021e+01 -1.059298e+01 -1.060032e+01 -1.061201e+01 -1.062770e+01 -1.064690e+01 -1.066904e+01 -1.069348e+01 -1.071955e+01 -1.074656e+01 -1.077382e+01 -1.080068e+01 -1.082648e+01 -1.085045e+01 -1.087193e+01 -1.089051e+01 -1.090580e+01 -1.091745e+01 -1.092522e+01 -1.092901e+01 -1.092902e+01 -1.092608e+01 -1.092238e+01 -1.092305e+01 
-1.175300e+01 -1.175246e+01 -1.175219e+01 -1.175191e+01 -1.175131e+01 -1.175007e+01 -1.174780e+01 -1.174411e+01 -1.173858e+01 -1.173079e+01 -1.172033e+01 -1.170686e+01 -1.169004e+01 -1.166912e+01 -1.164357e+01 -1.161346e+01 -1.157867e+01 -1.153919e+01 -1.149513e+01 -1.144688e+01 -1.139528e+01 -1.134207e+01 -1.129098e+01 -1.125158e+01 
-1.236345e+01 -1.235961e+01 -1.235152e+01 -1.233884e+01 -1.232136e+01 -1.229891e+01 -1.227134e+01 -1.223849e+01 -1.220023e+01 -1.215643e+01 -1.210699e+01 -1.205193e+01 -1.199154e+01 -1.192873e+01 -1.186564e+01 -1.180141e+01 -1.173648e+01 -1.167150e+01 -1.160727e+01 -1.154489e+01 -1.148596e+01 -1.143296e+01 -1.139005e+01 -1.136436e+01 
-1.248037e+01 -1.247490e+01 -1.246335e+01 -1.244555e+01 -1.242162e+01 -1.239183e+01 -1.235656e+01 -1.231625e+01 -1.227140e+01 -1.222252e+01 -1.217016e+01 -1.211488e+01 -1.205722e+01 -1.199730e+01 -1.193540e+01 -1.187239e+01 -1.180895e+01 -1.174587e+01 -1.168413e+01 -1.162503e+01 -1.157037e+01 -1.152278e+01 -1.148611e+01 -1.146584e+01 
-1.254524e+01 -1.253950e+01 -1.252777e+01 -1.250996e+01 -1.248614e+01 -1.245657e+01 -1.242159e+01 -1.238164e+01 -1.233719e+01 -1.228874e+01 -1.223681e+01 -1.218193e+01 -1.212459e+01 -1.206515e+01 -1.200406e+01 -1.194202e+01 -1.187980e+01 -1.181827e+01 -1.175855e+01 -1.170208e+01 -1.165077e+01 -1.160723e+01 -1.157489e+01 -1.155793e+01 
-1.261014e+01 -1.260426e+01 -1.259242e+01 -1.257458e+01 -1.255083e+01 -1.252140e+01 -1.248663e+01 -1.244692e+01 -1.240273e+01 -1.235457e+01 -1.230292e+01 -1.224832e+01 -1.219124e+01 -1.213217e+01 -1.207163e+01 -1.201030e+01 -1.194897e+01 -1.188861e+01 -1.183040e+01 -1.177587e+01 -1.172700e+01 -1.168629e+01 -1.165681e+01 -1.164188e+01 
-1.267523e+01 -1.266928e+01 -1.265737e+01 -1.263950e+01 -1.261577e+01 -1.258641e+01 -1.255174e+01 -1.251215e+01 -1.246811e+01 -1.242009e+01 -1.236859e+01 -1.231413e+01 -1.225721e+01 -1.219835e+01 -1.213813e+01 -1.207722e+01 -1.201646e+01 -1.195683e+01 -1.189959e+01 -1.184631e+01 -1.179898e+01 -1.176004e+01 -1.173227e+01 -1.171847e+01 
-1.274065e+01 -1.273466e+01 -1.272271e+01 -1.270481e+01 -1.268106e+01 -1.265169e+01 -1.261702e+01 -1.257745e+01 -1.253341e+01 -1.248540e+01 -1.243392e+01 -1.237946e+01 -1.232256e+01 -1.226374e+01 -1.220360e+01 -1.214283e+01 -1.208227e+01 -1.202294e+01 -1.196611e+01 -1.191338e+01 -1.186674e+01 -1.182857e+01 -1.180154e+01 -1.178820e+01 
SLICE 3 250
0.000000e+00 0.000000e+00 0.000000e+00 0.000000e+00 0.000000e+00 0.000000e+00 0.000000e+00 0.000000e+00 0.000000e+00 0.000000e+00 0.000000e+00 0.000000e+00 0.000000e+00 0.000000e+00 0.000000e+00 0.000000e+00 0.000000e+00 0.000000e+00 0.000000e+00 0.000000e+00 0.000000e+00 0.000000e+00 0.000000e+00 0.000000e+00 
1.397459e+01 1.398020e+01 1.399147e+01 1.400841e+01 1.403097e+01 1.405903e+01 1.409238e+01 1.413076e+01 1.417388e+01 1.422142e+01 1.427304e+01 1.432844e+01 1.438728e+01 1.444924e+01 1.451397e+01 1.458100e+01 1.464975e+01 1.471942e+01 1.478888e+01 1.485645e+01 1.491974e+01 1.497525e+01 1.501814e+01 1.504237e+01 
1.403341e+01 1.403861e+01 1.404901e+01 1.406459e+01 1.408527e+01 1.411091e+01 1.414133e+01 1.417629e+01 1.421551e+01 1.425869e+01 1.430551e+01 1.435563e+01 1.440869e+01 1.446430e+01 1.452201e+01 1.458127e+01 1.464139e+01 1.470147e+01 1.476032e+01 1.481633e+01 1.486733e+01 1.491056e+01 1.494262e+01 1.495997e+01 
1.408505e+01 1.408983e+01 1.409937e+01 1.411362e+01 1.413250e+01 1.415586e+01 1.418353e+01 1.421527e+01 1.425084e+01 1.428993e+01 1.433223e+01 1.437739e+01 1.442501e+01 1.447468e+01 1.452590e+01 1.457806e+01 1.463045e+01 1.468216e+01 1.473202e+01 1.477860e+01 1.482011e+01 1.485441e+01 1.487919e+01 1.489229e+01 
1.413031e+01 1.413467e+01 1.414338e+01 1.415637e+01 1.417354e+01 1.419476e+01 1.421985e+01 1.424860e+01 1.428076e+01 1.431604e+01 1.435413e+01 1.439466e+01 1.443725e+01 1.448145e+01 1.452675e+01 1.457254e+01 1.461810e+01 1.466257e+01 1.470491e+01 1.474385e+01 1.477797e+01 1.480566e+01 1.482532e+01 1.483557e+01 
1.416991e+01 1.417389e+01 1.418180e+01 1.419360e+01 1.420917e+01 1.422840e+01 1.425110e+01 1.427707e+01 1.430607e+01 1.433782e+01 1.437201e+01 1.440829e+01 1.444627e+01 1.448549e+01 1.452546e+01 1.456559e+01 1.460519e+01 1.464347e+01 1.467951e+01 1.471226e+01 1.474058e+01 1.476327e+01 1.477919e+01 1.478741e+01 
1.420455e+01 1.420815e+01 1.421532e+01 1.422601e+01 1.424010e+01 1.425748e+01 1.427797e+01 1.430138e+01 1.432747e+01 1.435598e+01 1.438660e+01 1.441900e+01 1.445278e+01 1.448752e+01 1.452274e+01 1.455787e+01 1.459229e+01 1.462530e+01 1.465609e+01 1.468380e+01 1.470752e+01 1.472634e+01 1.473943e+01 1.474615e+01 
1.423481e+01 1.423807e+01 1.424456e+01 1.425421e+01 1.426694e+01 1.428261e+01 1.430107e+01 1.432213e+01 1.434556e+01 1.437112e+01 1.439849e+01 1.442737e+01 1.445738e+01 1.448811e+01 1.451912e+01 1.454987e+01 1.457982e+01 1.460834e+01 1.463474e+01 1.465832e+01 1.467834e+01 1.469411e+01 1.470501e+01 1.471059e+01 
1.426123e+01 1.426417e+01 1.427003e+01 1.427874e+01 1.429021e+01 1.430433e+01 1.432094e+01 1.433986e+01 1.436087e+01 1.438374e+01 1.440818e+01 1.443389e+01 1.446053e+01 1.448770e+01 1.451499e+01 1.454194e+01 1.456803e+01 1.459273e+01 1.461546e+01 1.463562e+01 1.465264e+01 1.466597e+01 1.467515e+01 1.467983e+01 
1.428428e+01 1.428693e+01 1.429221e+01 1.430006e+01 1.431040e+01 1.432310e+01 1.433802e+01 1.435500e+01 1.437383e+01 1.439428e+01 1.441609e+01 1.443897e+01 1.446260e+01 1.448662e+01 1.451066e+01 1.453429e+01 1.455707e+01 1.457852e+01 1.459816e+01 1.461549e+01 1.463006e+01 1.464141e+01 1.464920e+01 1.465317e+01 
1.430436e+01 1.430675e+01 1.431151e+01 1.431858e+01 1.432788e+01 1.433930e+01 1.435271e+01 1.436794e+01 1.438480e+01 1.440308e+01 1.442254e+01 1.444290e+01 1.446387e+01 1.448513e+01 1.450632e+01 1.452708e+01 1.454701e+01 1.456570e+01 1.458273e+01 1.459771e+01 1.461024e+01 1.461998e+01 1.462665e+01 1.463003e+01 
1.432183e+01 1.432399e+01 1.432827e+01 1.433464e+01 1.434301e+01 1.435328e+01 1.436532e+01 1.437899e+01 1.439410e+01 1.441045e+01 1.442781e+01 1.444595e+01 1.446458e+01 1.448341e+01 1.450213e+01 1.452040e+01 1.453788e+01 1.455422e+01 1.456906e+01 1.458206e+01 1.459291e+01 1.460131e+01 1.460705e+01 1.460996e+01 
1.433699e+01 1.433894e+01 1.434280e+01 1.434854e+01 1.435608e+01 1.436532e+01 1.437615e+01 1.438842e+01 1.440197e+01 1.441661e+01 1.443213e+01 1.444830e+01 1.446488e+01 1.448160e+01 1.449817e+01 1.451430e+01 1.452968e+01 1.454402e+01 1.455700e+01 1.456835e+01 1.457778e+01 1.458508e+01 1.459006e+01 1.459258e+01 
1.435011e+01 1.435187e+01 1.435536e+01 1.436054e+01 1.436734e+01 1.437567e+01 1.438542e+01 1.439646e+01 1.440863e+01 1.442176e+01 1.443566e+01 1.445012e+01 1.446491e+01 1.447979e+01 1.449450e+01 1.450879e+01 1.452239e+01 1.453502e+01 1.454644e+01 1.455638e+01 1.456464e+01 1.457102e+01 1.457536e+01 1.457756e+01 
1.436141e+01 1.436300e+01 1.436616e+01 1.437085e+01 1.437700e+01 1.438453e+01 1.439333e+01 1.440329e+01 1.441425e+01 1.442607e+01 1.443856e+01 1.445152e+01 1.446476e+01 1.447805e+01 1.449117e+01 1.450388e+01 1.451595e+01 1.452714e+01 1.453723e+01 1.454600e+01 1.455328e+01 1.455888e+01 1.456270e+01 1.456463e+01 
1.437110e+01 1.437254e+01 1.437541e+01 1.437966e+01 1.438525e+01 1.439207e+01 1.440005e+01 1.440907e+01 1.441898e+01 1.442966e+01 1.444092e+01 1.445260e+01 1.446450e+01 1.447643e+01 1.448819e+01 1.449956e+01 1.451033e+01 1.452030e+01 1.452927e+01 1.453706e+01 1.454351e+01 1.454848e+01 1.455185e+01 1.455355e+01 
1.437933e+01 1.438064e+01 1.438326e+01 1.438714e+01 1.439223e+01 1.439846e+01 1.440572e+01 1.441393e+01 1.442294e+01 1.443263e+01 1.444285e+01 1.445342e+01 1.446419e+01 1.447496e+01 1.448556e+01 1.449579e+01 1.450547e+01 1.451442e+01 1.452246e+01 1.452943e+01 1.453519e+01 1.453962e+01 1.454263e+01 1.454415e+01 
1.438624e+01 1.438745e+01 1.438986e+01 1.439342e+01 1.439809e+01 1.440380e+01 1.441046e+01 1.441797e+01 1.442622e+01 1.443508e+01 1.444441e+01 1.445405e+01 1.446386e+01 1.447366e+01 1.448329e+01 1.449257e+01 1.450134e+01 1.450943e+01 1.451669e+01 1.452298e+01 1.452818e+01 1.453217e+01 1.453488e+01 1.453624e+01 
1.439197e+01 1.439309e+01 1.439531e+01 1.439861e+01 1.440293e+01 1.440820e+01 1.441436e+01 1.442129e+01 1.442890e+01 1.443707e+01 1.444566e+01 1.445453e+01 1.446354e+01 1.447254e+01 1.448136e+01 1.448986e+01 1.449788e+01 1.450527e+01 1.451190e+01 1.451763e+01 1.452236e+01 1.452600e+01 1.452846e+01 1.452971e+01 
1.439659e+01 1.439764e+01 1.439972e+01 1.440280e+01 1.440683e+01 1.441176e+01 1.441750e+01 1.442396e+01 1.443105e+01 1.443865e+01 1.444664e+01 1.445489e+01 1.446325e+01 1.447160e+01 1.447977e+01 1.448764e+01 1.449506e+01 1.450189e+01 1.450801e+01 1.451330e+01 1.451766e+01 1.452101e+01 1.452327e+01 1.452442e+01 
1.440021e+01 1.440119e+01 1.440316e+01 1.440607e+01 1.440987e+01 1.441452e+01 1.441993e+01 1.442603e+01 1.443271e+01 1.443987e+01 1.444739e+01 1.445515e+01 1.446301e+01 1.447084e+01 1.447852e+01 1.448589e+01 1.449284e+01 1.449924e+01 1.450496e+01 1.450991e+01 1.451398e+01 1.451711e+01 1.451923e+01 1.452030e+01 
1.440286e+01 1.440381e+01 1.440569e+01 1.440847e+01 1.441211e+01 1.441655e+01 1.442172e+01 1.442755e+01 1.443393e+01 1.444076e+01 1.444793e+01 1.445533e+01 1.446282e+01 1.447028e+01 1.447758e+01 1.448460e+01 1.449120e+01 1.449728e+01 1.450271e+01 1.450741e+01 1.451127e+01 1.451424e+01 1.451625e+01 1.451726e+01 
1.440461e+01 1.440553e+01 1.440735e+01 1.441004e+01 1.441357e+01 1.441788e+01 1.442290e+01 1.442854e+01 1.443472e+01 1.444134e+01 1.444828e+01 1.445544e+01 1.446269e+01 1.446990e+01 1.447696e+01 1.448374e+01 1.449012e+01 1.449599e+01 1.450124e+01 1.450576e+01 1.450949e+01 1.451235e+01 1.451429e+01 1.451527e+01 
1.440547e+01 1.440638e+01 1.440817e+01 1.441083e+01 1.441430e+01 1.441854e+01 1.442348e+01 1.442903e+01 1.443511e+01 1.444162e+01 1.444846e+01 1.445549e+01 1.446262e+01 1.446972e+01 1.447666e+01 1.448332e+01 1.448959e+01 1.449535e+01 1.450050e+01 1.450495e+01 1.450861e+01 1.451142e+01 1.451332e+01 1.451428e+01 
