step,t_ms,e0,e1,e2,e3,e4,e5,e6,e7
1,0.0100,-7.3162260924e-04,-6.5596533372e-04,-5.8721510595e-04,-5.2070243730e-04,-5.7934918554e-04,-5.3823791619e-04,-4.9918512251e-04,-4.5973344980e-04
2,0.0200,-1.4632452185e-03,-1.3119306674e-03,-1.1744302119e-03,-1.0414048746e-03,-1.1586983711e-03,-1.0764758324e-03,-9.9837024503e-04,-9.1946689960e-04
3,0.0300,-2.1948678277e-03,-1.9678960012e-03,-1.7616453179e-03,-1.5621073119e-03,-1.7380475566e-03,-1.6147137486e-03,-1.4975553675e-03,-1.3792003494e-03
4,0.0400,-2.9264904370e-03,-2.6238613349e-03,-2.3488604238e-03,-2.0828097492e-03,-2.3173967422e-03,-2.1529516648e-03,-1.9967404901e-03,-1.8389337992e-03
5,0.0500,-3.6581130462e-03,-3.2798266686e-03,-2.9360755298e-03,-2.6035121865e-03,-2.8967459277e-03,-2.6911895809e-03,-2.4959256126e-03,-2.2986672490e-03
6,0.0600,-4.3897356554e-03,-3.9357920023e-03,-3.5232906357e-03,-3.1242146238e-03,-3.4760951133e-03,-3.2294274971e-03,-2.9951107351e-03,-2.7584006988e-03
7,0.0700,-5.1213582647e-03,-4.5917573360e-03,-4.1105057417e-03,-3.6449170611e-03,-4.0554442988e-03,-3.7676654133e-03,-3.4942958576e-03,-3.2181341486e-03
8,0.0800,-5.8529808739e-03,-5.2477226697e-03,-4.6977208476e-03,-4.1656194984e-03,-4.6347934843e-03,-4.3059033295e-03,-3.9934809801e-03,-3.6778675984e-03
9,0.0900,-6.5846034832e-03,-5.9036880035e-03,-5.2849359536e-03,-4.6863219357e-03,-5.2141426699e-03,-4.8441412457e-03,-4.4926661026e-03,-4.1376010482e-03
10,0.1000,-7.3162260924e-03,-6.5596533372e-03,-5.8721510595e-03,-5.2070243730e-03,-5.7934918554e-03,-5.3823791619e-03,-4.9918512251e-03,-4.5973344980e-03
11,0.1100,-8.0478487017e-03,-7.2156186709e-03,-6.4593661655e-03,-5.7277268103e-03,-6.3728410410e-03,-5.9206170781e-03,-5.4910363477e-03,-5.0570679478e-03
12,0.1200,-8.7794713109e-03,-7.8715840046e-03,-7.0465812714e-03,-6.2484292476e-03,-6.9521902265e-03,-6.4588549943e-03,-5.9902214702e-03,-5.5168013976e-03
13,0.1300,-9.5110939201e-03,-8.5275493383e-03,-7.6337963774e-03,-6.7691316849e-03,-7.5315394121e-03,-6.9970929105e-03,-6.4894065927e-03,-5.9765348474e-03
14,0.1400,-1.0242716529e-02,-9.1835146720e-03,-8.2210114833e-03,-7.2898341222e-03,-8.1108885976e-03,-7.5353308266e-03,-6.9885917152e-03,-6.4362682972e-03
15,0.1500,-1.0974339139e-02,-9.8394800058e-03,-8.8082265893e-03,-7.8105365595e-03,-8.6902377831e-03,-8.0735687428e-03,-7.4877768377e-03,-6.8960017470e-03
16,0.1600,-1.1705961748e-02,-1.0495445339e-02,-9.3954416952e-03,-8.3312389968e-03,-9.2695869687e-03,-8.6118066590e-03,-7.9869619602e-03,-7.3557351968e-03
17,0.1700,-1.2437584357e-02,-1.1151410673e-02,-9.9826568012e-03,-8.8519414340e-03,-9.8489361542e-03,-9.1500445752e-03,-8.4861470827e-03,-7.8154686466e-03
18,0.1800,-1.3169206966e-02,-1.1807376007e-02,-1.0569871907e-02,-9.3726438713e-03,-1.0428285340e-02,-9.6882824914e-03,-8.9853322053e-03,-8.2752020964e-03
19,0.1900,-1.3900829576e-02,-1.2463341341e-02,-1.1157087013e-02,-9.8933463086e-03,-1.1007634525e-02,-1.0226520408e-02,-9.4845173278e-03,-8.7349355462e-03
20,0.2000,-1.4632452185e-02,-1.3119306674e-02,-1.1744302119e-02,-1.0414048746e-02,-1.1586983711e-02,-1.0764758324e-02,-9.9837024503e-03,-9.1946689960e-03
21,0.2100,-1.5364074794e-02,-1.3775272008e-02,-1.2331517225e-02,-1.0934751183e-02,-1.2166332896e-02,-1.1302996240e-02,-1.0482887573e-02,-9.6544024458e-03
22,0.2200,-1.6095697403e-02,-1.4431237342e-02,-1.2918732331e-02,-1.1455453621e-02,-1.2745682082e-02,-1.1841234156e-02,-1.0982072695e-02,-1.0114135896e-02
23,0.2300,-1.6818011367e-02,-1.5079191916e-02,-1.3499031476e-02,-1.1970220334e-02,-1.3318261599e-02,-1.2373264571e-02,-1.1475558782e-02,-1.0568658531e-02
24,0.2400,-1.7515501956e-02,-1.5705784147e-02,-1.4060887750e-02,-1.2469158147e-02,-1.3872788362e-02,-1.2888741339e-02,-1.1953847127e-02,-1.1009285341e-02
25,0.2500,-1.8212991479e-02,-1.6332375348e-02,-1.4622743006e-02,-1.2968094934e-02,-1.4427314115e-02,-1.3404217079e-02,-1.2432134404e-02,-1.1449911024e-02
26,0.2600,-1.8910481341e-02,-1.6958966893e-02,-1.5184598616e-02,-1.3467032087e-02,-1.4981840203e-02,-1.3919693197e-02,-1.2910422105e-02,-1.1890537181e-02
27,0.2700,-1.9607971322e-02,-1.7585558560e-02,-1.5746454347e-02,-1.3965969358e-02,-1.5536366410e-02,-1.4435169437e-02,-1.3388709932e-02,-1.2331163464e-02
28,0.2800,-2.0305461409e-02,-1.8212150317e-02,-1.6308310142e-02,-1.4464906650e-02,-1.6090892686e-02,-1.4950645700e-02,-1.3866997719e-02,-1.2771789624e-02
29,0.2900,-2.1002951437e-02,-1.8838742034e-02,-1.6870165926e-02,-1.4963843976e-02,-1.6645418943e-02,-1.5466121995e-02,-1.4345285605e-02,-1.3212415969e-02
30,0.3000,-2.1700441534e-02,-1.9465333817e-02,-1.7432021774e-02,-1.5462781364e-02,-1.7199945264e-02,-1.5981598355e-02,-1.4823573554e-02,-1.3653042379e-02
31,0.3100,-2.2397931657e-02,-2.0091925628e-02,-1.7993877651e-02,-1.5961718783e-02,-1.7754471614e-02,-1.6497074745e-02,-1.5301861536e-02,-1.4093668822e-02
32,0.3200,-2.3095421805e-02,-2.0718517463e-02,-1.8555733553e-02,-1.6460656228e-02,-1.8308997988e-02,-1.7012551160e-02,-1.5780149545e-02,-1.4534295293e-02
33,0.3300,-2.3792911973e-02,-2.1345109319e-02,-1.9117589476e-02,-1.6959593694e-02,-1.8863524383e-02,-1.7528027597e-02,-1.6258437575e-02,-1.4974921787e-02
34,0.3400,-2.4490401873e-02,-2.1971700898e-02,-1.9679445106e-02,-1.7458530844e-02,-1.9418050493e-02,-1.8043503716e-02,-1.6736725242e-02,-1.5415547855e-02
35,0.3500,-2.5187891988e-02,-2.2598292698e-02,-2.0241300970e-02,-1.7957468248e-02,-1.9972576828e-02,-1.8558980091e-02,-1.7215013209e-02,-1.5856174282e-02
36,0.3600,-2.5885382103e-02,-2.3224884499e-02,-2.0803156836e-02,-1.8456405654e-02,-2.0527103166e-02,-1.9074456469e-02,-1.7693301179e-02,-1.6296800713e-02
37,0.3700,-2.6582872217e-02,-2.3851476298e-02,-2.1365012700e-02,-1.8955343059e-02,-2.1081629501e-02,-1.9589932846e-02,-1.8171589148e-02,-1.6737427143e-02
38,0.3800,-2.7280362339e-02,-2.4478068106e-02,-2.1926868572e-02,-1.9454280473e-02,-2.1636155845e-02,-2.0105409231e-02,-1.8649877125e-02,-1.7178053583e-02
39,0.3900,-2.7977852464e-02,-2.5104659917e-02,-2.2488724447e-02,-1.9953217888e-02,-2.2190682191e-02,-2.0620885619e-02,-1.9128165106e-02,-1.7618680025e-02
40,0.4000,-2.8675342582e-02,-2.5731251721e-02,-2.3050580316e-02,-2.0452155298e-02,-2.2745208531e-02,-2.1136362001e-02,-1.9606453081e-02,-1.8059306462e-02
41,0.4100,-2.9372832695e-02,-2.6357843520e-02,-2.3612436180e-02,-2.0951092703e-02,-2.3299734866e-02,-2.1651838378e-02,-2.0084741051e-02,-1.8499932894e-02
42,0.4200,-3.0070322810e-02,-2.6984435321e-02,-2.4174292046e-02,-2.1450030110e-02,-2.3854261203e-02,-2.2167314757e-02,-2.0563029024e-02,-1.8940559329e-02
43,0.4300,-3.0767812928e-02,-2.7611027126e-02,-2.4736147915e-02,-2.1948967519e-02,-2.4408787543e-02,-2.2682791139e-02,-2.1041316999e-02,-1.9381185767e-02
44,0.4400,-3.1465303045e-02,-2.8237618927e-02,-2.5298003781e-02,-2.2447904926e-02,-2.4963313880e-02,-2.3198267519e-02,-2.1519604972e-02,-1.9821812202e-02
45,0.4500,-3.2162793154e-02,-2.8864210723e-02,-2.5859859641e-02,-2.2946842327e-02,-2.5517840211e-02,-2.3713743892e-02,-2.1997892939e-02,-2.0262438632e-02
46,0.4600,-3.2842055249e-02,-2.9474940711e-02,-2.6407877011e-02,-2.3433777609e-02,-2.6058795122e-02,-2.4216710836e-02,-2.2464639769e-02,-2.0692461275e-02
47,0.4700,-3.3506127346e-02,-3.0072452540e-02,-2.6944362320e-02,-2.3910711137e-02,-2.6588440530e-02,-2.4709253267e-02,-2.2921768997e-02,-2.1113647442e-02
48,0.4800,-3.4170199418e-02,-3.0669964343e-02,-2.7480847602e-02,-2.4387644639e-02,-2.7118085912e-02,-2.5201795673e-02,-2.3378898200e-02,-2.1534833583e-02
49,0.4900,-3.4834271489e-02,-3.1267476146e-02,-2.8017332884e-02,-2.4864578140e-02,-2.7647731293e-02,-2.5694338078e-02,-2.3836027401e-02,-2.1956019722e-02
50,0.5000,-3.5498342957e-02,-3.1864987326e-02,-2.8553817520e-02,-2.5341510967e-02,-2.8177376030e-02,-2.6186879811e-02,-2.4293155894e-02,-2.2377205103e-02
51,0.5100,-3.7622473574e-02,-3.3773176983e-02,-3.0264837189e-02,-2.6860930257e-02,-2.9866030024e-02,-2.7756695806e-02,-2.5749823488e-02,-2.3719314208e-02
52,0.5200,-3.9746604184e-02,-3.5681366635e-02,-3.1975856852e-02,-2.8380349541e-02,-3.1554684011e-02,-2.9326511795e-02,-2.7206491074e-02,-2.5061423305e-02
53,0.5300,-4.1870734795e-02,-3.7589556287e-02,-3.3686876517e-02,-2.9899768827e-02,-3.3243338000e-02,-3.0896327786e-02,-2.8663158664e-02,-2.6403532407e-02
54,0.5400,-4.3994865408e-02,-3.9497745942e-02,-3.5397896184e-02,-3.1419188114e-02,-3.4931991991e-02,-3.2466143778e-02,-3.0119826255e-02,-2.7745641509e-02
55,0.5500,-4.6113749105e-02,-4.1401411716e-02,-3.7105004874e-02,-3.2935247520e-02,-3.6616816868e-02,-3.4032447057e-02,-3.1573267875e-02,-2.9084800459e-02
56,0.5600,-4.8169794255e-02,-4.3250898228e-02,-3.8765274608e-02,-3.4411068042e-02,-3.8255783199e-02,-3.5556681090e-02,-3.2988074356e-02,-3.0388627547e-02
57,0.5700,-5.0225840146e-02,-4.5100385634e-02,-4.0425545353e-02,-3.5886889650e-02,-3.9894750626e-02,-3.7080916121e-02,-3.4402881675e-02,-3.1692455231e-02
58,0.5800,-5.2281884529e-02,-4.6949871184e-02,-4.2085813968e-02,-3.7362708931e-02,-4.1533715689e-02,-3.8605149063e-02,-3.5817687306e-02,-3.2996281797e-02
59,0.5900,-5.4337929649e-02,-4.8799357657e-02,-4.3746083657e-02,-3.8838529399e-02,-4.3172681976e-02,-4.0129383041e-02,-3.7232493723e-02,-3.4300108811e-02
60,0.6000,-5.6393974753e-02,-5.0648844116e-02,-4.5406353329e-02,-4.0314349850e-02,-4.4811648239e-02,-4.1653617011e-02,-3.8647300145e-02,-3.5603935844e-02
61,0.6100,-5.8450019802e-02,-5.2498330493e-02,-4.7066622895e-02,-4.1790170164e-02,-4.6450614398e-02,-4.3177850845e-02,-4.0062106394e-02,-3.6907762658e-02
62,0.6200,-6.0506064957e-02,-5.4347816996e-02,-4.8726892606e-02,-4.3265990648e-02,-4.8089580697e-02,-4.4702084851e-02,-4.1476912855e-02,-3.8211589731e-02
63,0.6300,-6.2562110091e-02,-5.6197303481e-02,-5.0387162302e-02,-4.4741811120e-02,-4.9728546980e-02,-4.6226318844e-02,-4.2891719304e-02,-3.9515416794e-02
64,0.6400,-6.4618155212e-02,-5.8046789953e-02,-5.2047431986e-02,-4.6217631579e-02,-5.1367513250e-02,-4.7750552825e-02,-4.4306525741e-02,-4.0819243847e-02
65,0.6500,-6.6674200331e-02,-5.9896276424e-02,-5.3707701668e-02,-4.7693452037e-02,-5.3006479519e-02,-4.9274786805e-02,-4.5721332178e-02,-4.2123070899e-02
66,0.6600,-6.8730245454e-02,-6.1745762898e-02,-5.5367971353e-02,-4.9169272498e-02,-5.4645445791e-02,-5.0799020788e-02,-4.7136138617e-02,-4.3426897953e-02
67,0.6700,-7.0786290575e-02,-6.3595249370e-02,-5.7028241036e-02,-5.0645092957e-02,-5.6284412061e-02,-5.2323254768e-02,-4.8550945054e-02,-4.4730725005e-02
68,0.6800,-7.2813870937e-02,-6.5419923363e-02,-5.8666835522e-02,-5.2102096963e-02,-5.7902116900e-02,-5.3827882467e-02,-4.9947657170e-02,-4.6017923900e-02
69,0.6900,-7.4776442181e-02,-6.7187729945e-02,-6.0255579090e-02,-5.3515666093e-02,-5.9470891409e-02,-5.5287305686e-02,-5.1302576162e-02,-4.7266645710e-02
70,0.7000,-7.6733056917e-02,-6.8950299990e-02,-6.1839709638e-02,-5.4925195359e-02,-6.1035134073e-02,-5.6742531358e-02,-5.2653604718e-02,-4.8511776664e-02
71,0.7100,-7.8900425590e-02,-7.0902292936e-02,-6.3593763682e-02,-5.6485686378e-02,-6.2767081947e-02,-5.8353711708e-02,-5.4149397704e-02,-4.9890341635e-02
72,0.7200,-8.1585481843e-02,-7.3319576814e-02,-6.5765211144e-02,-5.8416993976e-02,-6.4910974349e-02,-6.0347973036e-02,-5.6000784367e-02,-5.1596668665e-02
73,0.7300,-8.4270538115e-02,-7.5736860711e-02,-6.7936658624e-02,-6.0348301592e-02,-6.7054866770e-02,-6.2342234383e-02,-5.7852171048e-02,-5.3302995712e-02
74,0.7400,-8.6955597441e-02,-7.8154147898e-02,-7.0108107820e-02,-6.2279609962e-02,-6.9198760252e-02,-6.4336498133e-02,-5.9703560747e-02,-5.5009325038e-02
75,0.7500,-8.9615981451e-02,-8.0550119292e-02,-7.2261105163e-02,-6.4195052215e-02,-7.1324585140e-02,-6.6314176899e-02,-6.1539713633e-02,-5.6701718223e-02
76,0.7600,-9.2267084717e-02,-8.2938073739e-02,-7.4407162284e-02,-6.6104526544e-02,-7.3443613733e-02,-6.8285617932e-02,-6.3370136135e-02,-5.8388870015e-02
77,0.7700,-9.4918188729e-02,-8.5326028970e-02,-7.6553220216e-02,-6.8014001708e-02,-7.5562643145e-02,-7.0257059787e-02,-6.5200559451e-02,-6.0076022596e-02
78,0.7800,-9.7569292012e-02,-8.7713983435e-02,-7.8699277356e-02,-6.9923476057e-02,-7.7681671758e-02,-7.2228500840e-02,-6.7030981973e-02,-6.1763174407e-02
79,0.7900,-1.0022039529e-01,-9.0101937900e-02,-8.0845334495e-02,-7.1832950407e-02,-7.9800700370e-02,-7.4199941892e-02,-6.8861404494e-02,-6.3450326219e-02
80,0.8000,-1.0287149858e-01,-9.2489892365e-02,-8.2991391636e-02,-7.3742424757e-02,-8.1919728983e-02,-7.6171382945e-02,-7.0691827017e-02,-6.5137478031e-02
81,0.8100,-1.0552260186e-01,-9.4877846832e-02,-8.5137448778e-02,-7.5651899109e-02,-8.4038757598e-02,-7.8142824000e-02,-7.2522249541e-02,-6.6824629845e-02
82,0.8200,-1.0817370515e-01,-9.7265801302e-02,-8.7283505922e-02,-7.7561373464e-02,-8.6157786215e-02,-8.0114265057e-02,-7.4352672067e-02,-6.8511781660e-02
83,0.8300,-1.1082480844e-01,-9.9653755775e-02,-8.9429563069e-02,-7.9470847821e-02,-8.8276814835e-02,-8.2085706116e-02,-7.6183094596e-02,-7.0198933479e-02
84,0.8400,-1.1347591173e-01,-1.0204171025e-01,-9.1575620219e-02,-8.1380322180e-02,-9.0395843458e-02,-8.4057147179e-02,-7.8013517127e-02,-7.1886085300e-02
85,0.8500,-1.1606637248e-01,-1.0437649649e-01,-9.3674983041e-02,-8.3249048848e-02,-9.2469026000e-02,-8.5986200570e-02,-7.9804725986e-02,-7.3537115550e-02
86,0.8600,-1.1861885701e-01,-1.0667785840e-01,-9.5744878611e-02,-8.5091957590e-02,-9.4513256193e-02,-8.7888431888e-02,-8.1571072760e-02,-7.5165198243e-02
87,0.8700,-1.2117134154e-01,-1.0897922031e-01,-9.7814774177e-02,-8.6934866329e-02,-9.6557486383e-02,-8.9790663202e-02,-8.3337419530e-02,-7.6793280932e-02
88,0.8800,-1.2372382606e-01,-1.1128058221e-01,-9.9884669738e-02,-8.8777775064e-02,-9.8601716567e-02,-9.1692894511e-02,-8.5103766296e-02,-7.8421363617e-02
89,0.8900,-1.2627631119e-01,-1.1358194473e-01,-1.0195456591e-01,-9.0620684402e-02,-1.0064594736e-01,-9.3595126427e-02,-8.6870113647e-02,-8.0049446846e-02
90,0.9000,-1.2882879572e-01,-1.1588330664e-01,-1.0402446148e-01,-9.2463593144e-02,-1.0269017755e-01,-9.5497357743e-02,-8.8636460419e-02,-8.1677529536e-02
91,0.9100,-1.3137835651e-01,-1.1818207391e-01,-1.0609205082e-01,-9.4304463951e-02,-1.0473213848e-01,-9.7397477668e-02,-9.0400841872e-02,-8.3303790436e-02
92,0.9200,-1.3389867996e-01,-1.2045489471e-01,-1.0813657780e-01,-9.6124955403e-02,-1.0675140672e-01,-9.9276483653e-02,-9.2145570119e-02,-8.4911833423e-02
93,0.9300,-1.3641900340e-01,-1.2272771551e-01,-1.1018110479e-01,-9.7945446854e-02,-1.0877067496e-01,-1.0115548964e-01,-9.3890298367e-02,-8.6519876409e-02
94,0.9400,-1.3893932684e-01,-1.2500053631e-01,-1.1222563177e-01,-9.9765938306e-02,-1.1078994320e-01,-1.0303449562e-01,-9.5635026614e-02,-8.8127919395e-02
95,0.9500,-1.4145965028e-01,-1.2727335712e-01,-1.1427015875e-01,-1.0158642976e-01,-1.1280921144e-01,-1.0491350161e-01,-9.7379754861e-02,-8.9735962381e-02
96,0.9600,-1.4397997373e-01,-1.2954617792e-01,-1.1631468574e-01,-1.0340692121e-01,-1.1482847968e-01,-1.0679250759e-01,-9.9124483107e-02,-9.1344005366e-02
97,0.9700,-1.4650029717e-01,-1.3181899871e-01,-1.1835921272e-01,-1.0522741266e-01,-1.1684774791e-01,-1.0867151357e-01,-1.0086921135e-01,-9.2952048350e-02
98,0.9800,-1.4902062060e-01,-1.3409181951e-01,-1.2040373970e-01,-1.0704790410e-01,-1.1886701615e-01,-1.1055051956e-01,-1.0261393960e-01,-9.4560091333e-02
99,0.9900,-1.5151577542e-01,-1.3634244372e-01,-1.2242866604e-01,-1.0885119913e-01,-1.2086702120e-01,-1.1241166756e-01,-1.0434210570e-01,-9.6152840619e-02
100,1.0000,-1.5400349265e-01,-1.3858650859e-01,-1.2444780018e-01,-1.1064941242e-01,-1.2286133377e-01,-1.1426753835e-01,-1.0606537752e-01,-9.7741070454e-02
101,1.0100,-1.5719712538e-01,-1.4146825266e-01,-1.2704144479e-01,-1.1296003584e-01,-1.2542309675e-01,-1.1665210448e-01,-1.0828026415e-01,-9.9783205506e-02
102,1.0200,-1.6039075810e-01,-1.4434999673e-01,-1.2963508939e-01,-1.1527065926e-01,-1.2798485973e-01,-1.1903667061e-01,-1.1049515077e-01,-1.0182534056e-01
103,1.0300,-1.6355392210e-01,-1.4720537279e-01,-1.3220587585e-01,-1.1756160720e-01,-1.3052423227e-01,-1.2140067858e-01,-1.1269114591e-01,-1.0385019278e-01
104,1.0400,-1.6666390762e-01,-1.5001435641e-01,-1.3473612056e-01,-1.1981736030e-01,-1.3302383446e-01,-1.2372801401e-01,-1.1485330114e-01,-1.0584395422e-01
105,1.0500,-1.6972563685e-01,-1.5278045336e-01,-1.3722820288e-01,-1.2203936117e-01,-1.3548587878e-01,-1.2602038998e-01,-1.1698290510e-01,-1.0780753434e-01
106,1.0600,-1.7278736608e-01,-1.5554655031e-01,-1.3972028520e-01,-1.2426136203e-01,-1.3794792311e-01,-1.2831276595e-01,-1.1911250906e-01,-1.0977111445e-01
107,1.0700,-1.7584909532e-01,-1.5831264727e-01,-1.4221236752e-01,-1.2648336290e-01,-1.4040996744e-01,-1.3060514192e-01,-1.2124211302e-01,-1.1173469457e-01
108,1.0800,-1.7891082455e-01,-1.6107874422e-01,-1.4470444984e-01,-1.2870536376e-01,-1.4287201177e-01,-1.3289751789e-01,-1.2337171698e-01,-1.1369827469e-01
109,1.0900,-1.8197255379e-01,-1.6384484118e-01,-1.4719653217e-01,-1.3092736463e-01,-1.4533405610e-01,-1.3518989386e-01,-1.2550132095e-01,-1.1566185481e-01
110,1.1000,-1.8502405910e-01,-1.6660199563e-01,-1.4968078263e-01,-1.3314255371e-01,-1.4778841460e-01,-1.3747517628e-01,-1.2762437430e-01,-1.1761941255e-01
111,1.1100,-1.8801945419e-01,-1.6931007243e-01,-1.5212205080e-01,-1.3532035881e-01,-1.5020059225e-01,-1.3972152832e-01,-1.2971147706e-01,-1.1954391874e-01
112,1.1200,-1.9130003348e-01,-1.7227508987e-01,-1.5479428763e-01,-1.3770374670e-01,-1.5284080184e-01,-1.4218013878e-01,-1.3199577897e-01,-1.2165034109e-01
113,1.1300,-1.9574600117e-01,-1.7629007999e-01,-1.5841036413e-01,-1.4092723648e-01,-1.5641285050e-01,-1.4550613072e-01,-1.3508592350e-01,-1.2450015308e-01
114,1.1400,-2.0018047399e-01,-1.8029478059e-01,-1.6201721929e-01,-1.4414250976e-01,-1.5997581239e-01,-1.4882363249e-01,-1.3816813359e-01,-1.2734258037e-01
115,1.1500,-2.0453336141e-01,-1.8422817770e-01,-1.6556167268e-01,-1.4730354459e-01,-1.6347754818e-01,-1.5208463816e-01,-1.4119818229e-01,-1.3013706127e-01
116,1.1600,-2.0885364246e-01,-1.8813269437e-01,-1.6908051841e-01,-1.5044201959e-01,-1.6695409888e-01,-1.5532224708e-01,-1.4420648886e-01,-1.3291142501e-01
117,1.1700,-2.1316843356e-01,-1.9203232480e-01,-1.7259501116e-01,-1.5357664112e-01,-1.7042636476e-01,-1.5855586580e-01,-1.4721107874e-01,-1.3568234168e-01
118,1.1800,-2.1748322549e-01,-1.9593195608e-01,-1.7610950480e-01,-1.5671126360e-01,-1.7389863155e-01,-1.6178948545e-01,-1.5021566960e-01,-1.3845325938e-01
119,1.1900,-2.2179801741e-01,-1.9983158735e-01,-1.7962399843e-01,-1.5984588608e-01,-1.7737089833e-01,-1.6502310509e-01,-1.5322026045e-01,-1.4122417708e-01
120,1.2000,-2.2611280933e-01,-2.0373121862e-01,-1.8313849206e-01,-1.6298050855e-01,-1.8084316511e-01,-1.6825672473e-01,-1.5622485129e-01,-1.4399509478e-01
121,1.2100,-2.3040709994e-01,-2.0761288717e-01,-1.8663723407e-01,-1.6610141859e-01,-1.8429997175e-01,-1.7147606802e-01,-1.5921625382e-01,-1.4675388506e-01
122,1.2200,-2.3459275261e-01,-2.1139892281e-01,-1.9005171431e-01,-1.6914860061e-01,-1.8767400072e-01,-1.7461877981e-01,-1.6213668900e-01,-1.4944724746e-01
123,1.2300,-2.3878583419e-01,-2.1519130421e-01,-1.9347163480e-01,-1.7220041943e-01,-1.9105334807e-01,-1.7776635163e-01,-1.6506157182e-01,-1.5214466370e-01
124,1.2400,-2.4300428864e-01,-2.1900552087e-01,-1.9691040648e-01,-1.7526841763e-01,-1.9445114787e-01,-1.8093084359e-01,-1.6800198885e-01,-1.5485628343e-01
125,1.2500,-2.4716911990e-01,-2.2277167360e-01,-2.0030605854e-01,-1.7829796256e-01,-1.9780644973e-01,-1.8405561188e-01,-1.7090527041e-01,-1.5753333190e-01
126,1.2600,-2.5132448804e-01,-2.2652934429e-01,-2.0369410111e-01,-1.8132072148e-01,-2.0115425179e-01,-1.8717336997e-01,-1.7380199852e-01,-1.6020427944e-01
127,1.2700,-2.5547985618e-01,-2.3028701498e-01,-2.0708214368e-01,-1.8434348039e-01,-2.0450205385e-01,-1.9029112805e-01,-1.7669872662e-01,-1.6287522698e-01
128,1.2800,-2.5963522432e-01,-2.3404468566e-01,-2.1047018624e-01,-1.8736623931e-01,-2.0784985591e-01,-1.9340888614e-01,-1.7959545473e-01,-1.6554617452e-01
129,1.2900,-2.6379059247e-01,-2.3780235635e-01,-2.1385822881e-01,-1.9038899822e-01,-2.1119765797e-01,-1.9652664423e-01,-1.8249218283e-01,-1.6821712206e-01
130,1.3000,-2.6794596061e-01,-2.4156002704e-01,-2.1724627138e-01,-1.9341175714e-01,-2.1454546003e-01,-1.9964440231e-01,-1.8538891094e-01,-1.7088806960e-01
131,1.3100,-2.7209829621e-01,-2.4531501494e-01,-2.2063193926e-01,-1.9643242886e-01,-2.1789092739e-01,-2.0275999409e-01,-1.8828362860e-01,-1.7355715980e-01
132,1.3200,-2.7618876201e-01,-2.4901526860e-01,-2.2396915888e-01,-1.9941051774e-01,-2.2118876220e-01,-2.0583138885e-01,-1.9113732937e-01,-1.7618835670e-01
133,1.3300,-2.8027922780e-01,-2.5271552227e-01,-2.2730637849e-01,-2.0238860662e-01,-2.2448659700e-01,-2.0890278361e-01,-1.9399103013e-01,-1.7881955360e-01
134,1.3400,-2.8436466661e-01,-2.5641126414e-01,-2.3063954621e-01,-2.0536307906e-01,-2.2778043767e-01,-2.1197044339e-01,-1.9684123811e-01,-1.8144749805e-01
135,1.3500,-2.8842365680e-01,-2.6008326802e-01,-2.3395139559e-01,-2.0831852429e-01,-2.3105326388e-01,-2.1501845225e-01,-1.9967306946e-01,-1.8405833038e-01
136,1.3600,-2.9242809131e-01,-2.6370664788e-01,-2.3721987998e-01,-2.1123554785e-01,-2.3428339495e-01,-2.1802668731e-01,-2.0246784311e-01,-1.8663478592e-01
137,1.3700,-2.9640339837e-01,-2.6730385006e-01,-2.4046481905e-01,-2.1413151895e-01,-2.3749030954e-01,-2.2101319263e-01,-2.0524227677e-01,-1.8919228119e-01
138,1.3800,-3.0036739338e-01,-2.7089084589e-01,-2.4370054186e-01,-2.1701921496e-01,-2.4068813027e-01,-2.2399116803e-01,-2.0800870912e-01,-1.9174230142e-01
139,1.3900,-3.0433138835e-01,-2.7447784168e-01,-2.4693626462e-01,-2.1990691094e-01,-2.4388595096e-01,-2.2696914340e-01,-2.1077514143e-01,-1.9429232161e-01
140,1.4000,-3.0829538340e-01,-2.7806483756e-01,-2.5017198748e-01,-2.2279460702e-01,-2.4708377175e-01,-2.2994711887e-01,-2.1354157385e-01,-1.9684234191e-01
141,1.4100,-3.1225937842e-01,-2.8165183340e-01,-2.5340771030e-01,-2.2568230306e-01,-2.5028159250e-01,-2.3292509429e-01,-2.1630800622e-01,-1.9939236217e-01
142,1.4200,-3.1664124333e-01,-2.8561622361e-01,-2.5698337618e-01,-2.2887314299e-01,-2.5381513311e-01,-2.3621588702e-01,-2.1936532440e-01,-2.0221095169e-01
143,1.4300,-3.2132739232e-01,-2.8985542448e-01,-2.6080658144e-01,-2.3228472595e-01,-2.5759313787e-01,-2.3973446673e-01,-2.2263445953e-01,-2.0522510772e-01
144,1.4400,-3.2598787041e-01,-2.9407228442e-01,-2.6461034144e-01,-2.3567952401e-01,-2.6135208642e-01,-2.4323552102e-01,-2.2588747305e-01,-2.0822450648e-01
145,1.4500,-3.3058297672e-01,-2.9823097297e-01,-2.6836231934e-01,-2.3902854542e-01,-2.6506007386e-01,-2.4668915105e-01,-2.2909635109e-01,-2.1118301492e-01
146,1.4600,-3.3514331030e-01,-3.0235769963e-01,-2.7208495994e-01,-2.4235082085e-01,-2.6873903233e-01,-2.5011534266e-01,-2.3227931068e-01,-2.1411714647e-01
147,1.4700,-3.3970418631e-01,-3.0648440139e-01,-2.7580715327e-01,-2.4567232537e-01,-2.7241747651e-01,-2.5354085977e-01,-2.3546146971e-01,-2.1705037568e-01
148,1.4800,-3.4426506232e-01,-3.1061110316e-01,-2.7952934661e-01,-2.4899382989e-01,-2.7609592070e-01,-2.5696637687e-01,-2.3864362874e-01,-2.1998360490e-01
149,1.4900,-3.4881101550e-01,-3.1472468535e-01,-2.8324000630e-01,-2.5230527542e-01,-2.7976304109e-01,-2.6038142643e-01,-2.4181611113e-01,-2.2290793195e-01
150,1.5000,-3.5333897263e-01,-3.1882244613e-01,-2.8693675714e-01,-2.5560459042e-01,-2.8341650568e-01,-2.6378385278e-01,-2.4497692408e-01,-2.2582152354e-01
151,1.5100,-3.5781889190e-01,-3.2288487286e-01,-2.9060791667e-01,-2.5888617037e-01,-2.8704581931e-01,-2.6716629555e-01,-2.4812131030e-01,-2.2872189403e-01
152,1.5200,-3.6223995681e-01,-3.2689496061e-01,-2.9423250373e-01,-2.6212658635e-01,-2.9062929740e-01,-2.7050609324e-01,-2.5122601176e-01,-2.3158549583e-01
153,1.5300,-3.6658986769e-01,-3.3084246867e-01,-2.9780201974e-01,-2.6531889300e-01,-2.9415868245e-01,-2.7379586300e-01,-2.5428442720e-01,-2.3440646717e-01
154,1.5400,-3.7092759559e-01,-3.3477895784e-01,-3.0136156626e-01,-2.6850223381e-01,-2.9767822723e-01,-2.7707639538e-01,-2.5733417212e-01,-2.3721933397e-01
155,1.5500,-3.7525188725e-01,-3.3870306802e-01,-3.0490972663e-01,-2.7167517389e-01,-3.0118650159e-01,-2.8034626422e-01,-2.6037383509e-01,-2.4002271030e-01
156,1.5600,-3.7964040763e-01,-3.4268255608e-01,-3.0850576217e-01,-2.7488924307e-01,-3.0474164903e-01,-2.8365913300e-01,-2.6345298792e-01,-2.4286220011e-01
157,1.5700,-3.8401151048e-01,-3.4664673308e-01,-3.1208833652e-01,-2.7809157022e-01,-3.0828357651e-01,-2.8695978554e-01,-2.6652084901e-01,-2.4569130176e-01
158,1.5800,-3.8830189754e-01,-3.5053968673e-01,-3.1560806224e-01,-2.8123886694e-01,-3.1176374642e-01,-2.9020325182e-01,-2.6953575008e-01,-2.4847158856e-01
159,1.5900,-3.9386936151e-01,-3.5558734479e-01,-3.2016898127e-01,-2.8531555691e-01,-3.1627243091e-01,-2.9440542806e-01,-2.7344248538e-01,-2.5207561993e-01
160,1.6000,-3.9951894239e-01,-3.6070984663e-01,-3.2479771161e-01,-2.8945284686e-01,-3.2084824943e-01,-2.9867002114e-01,-2.7740701734e-01,-2.5573263942e-01
161,1.6100,-4.0509018707e-01,-3.6576322168e-01,-3.2936543171e-01,-2.9353669389e-01,-3.2536411726e-01,-3.0287908403e-01,-2.8132010494e-01,-2.5934222058e-01
162,1.6200,-4.1066143175e-01,-3.7081659673e-01,-3.3393315181e-01,-2.9762054093e-01,-3.2987998509e-01,-3.0708814693e-01,-2.8523319254e-01,-2.6295180174e-01
163,1.6300,-4.1623267644e-01,-3.7586997178e-01,-3.3850087191e-01,-3.0170438797e-01,-3.3439585293e-01,-3.1129720984e-01,-2.8914628015e-01,-2.6656138291e-01
164,1.6400,-4.2180392113e-01,-3.8092334684e-01,-3.4306859201e-01,-3.0578823502e-01,-3.3891172077e-01,-3.1550627274e-01,-2.9305936776e-01,-2.7017096408e-01
165,1.6500,-4.2732856715e-01,-3.8593558781e-01,-3.4760001037e-01,-3.0984030001e-01,-3.4339191654e-01,-3.1968230695e-01,-2.9694187233e-01,-2.7375236239e-01
166,1.6600,-4.3276954629e-01,-3.9087381885e-01,-3.5206597120e-01,-3.1383492165e-01,-3.4780776252e-01,-3.2379869159e-01,-3.0076908046e-01,-2.7728274174e-01
167,1.6700,-4.3819602888e-01,-3.9579886053e-01,-3.5651992817e-01,-3.1781868071e-01,-3.5221174786e-01,-3.2790390680e-01,-3.0458577178e-01,-2.8080325876e-01
168,1.6800,-4.4360492086e-01,-4.0070678815e-01,-3.6095738228e-01,-3.2178669030e-01,-3.5659926857e-01,-3.3199319162e-01,-3.0838708896e-01,-2.8430901085e-01
169,1.6900,-4.4905235134e-01,-4.0564786014e-01,-3.6542343716e-01,-3.2577923977e-01,-3.6101478474e-01,-3.3610814089e-01,-3.1221196626e-01,-2.8783630613e-01
170,1.7000,-4.5444643782e-01,-4.1054050695e-01,-3.6984554055e-01,-3.2973215125e-01,-3.6538689480e-01,-3.4018228794e-01,-3.1599849914e-01,-2.9132772028e-01
171,1.7100,-4.5961888124e-01,-4.1523390187e-01,-3.7408885479e-01,-3.3352616510e-01,-3.6958254828e-01,-3.4409229607e-01,-3.1963262006e-01,-2.9467859261e-01
172,1.7200,-4.6426218377e-01,-4.1945171177e-01,-3.7790554121e-01,-3.3694115842e-01,-3.7335714338e-01,-3.4761074794e-01,-3.2290328014e-01,-2.9769445147e-01
173,1.7300,-4.6885317030e-01,-4.2362302722e-01,-3.8168092584e-01,-3.4031974949e-01,-3.7709110649e-01,-3.5109145028e-01,-3.2613887263e-01,-3.0067788971e-01
174,1.7400,-4.7343203206e-01,-4.2778356709e-01,-3.8544673836e-01,-3.4368990396e-01,-3.8081565271e-01,-3.5456340378e-01,-3.2936633783e-01,-3.0365381413e-01
175,1.7500,-4.7800855477e-01,-4.3194079077e-01,-3.8920854419e-01,-3.4705556768e-01,-3.8453607058e-01,-3.5803101968e-01,-3.3258932413e-01,-3.0662517358e-01
176,1.7600,-4.8255338877e-01,-4.3606930955e-01,-3.9294438159e-01,-3.5039791691e-01,-3.8823085531e-01,-3.6147460225e-01,-3.3578978712e-01,-3.0957552238e-01
177,1.7700,-4.8703210285e-01,-4.4013817572e-01,-3.9662640671e-01,-3.5369204376e-01,-3.9187255202e-01,-3.6486844539e-01,-3.3894365634e-01,-3.1248241465e-01
178,1.7800,-4.9148996599e-01,-4.4418813801e-01,-4.0029129495e-01,-3.5697073398e-01,-3.9549732846e-01,-3.6824639225e-01,-3.4208259506e-01,-3.1537534355e-01
179,1.7900,-4.9594782912e-01,-4.4823810030e-01,-4.0395618319e-01,-3.6024942421e-01,-3.9912210490e-01,-3.7162433911e-01,-3.4522153377e-01,-3.1826827246e-01
180,1.8000,-5.0040569224e-01,-4.5228806258e-01,-4.0762107143e-01,-3.6352811443e-01,-4.0274688134e-01,-3.7500228597e-01,-3.4836047249e-01,-3.2116120136e-01
181,1.8100,-5.0590025888e-01,-4.5727763961e-01,-4.1213492117e-01,-3.6756599124e-01,-4.0721046885e-01,-3.7916298618e-01,-3.5222825700e-01,-3.2472791398e-01
182,1.8200,-5.1174983669e-01,-4.6258962531e-01,-4.1694055441e-01,-3.7186513505e-01,-4.1196248449e-01,-3.8359291395e-01,-3.5634673882e-01,-3.2852632729e-01
183,1.8300,-5.1747569718e-01,-4.6779118510e-01,-4.2164766081e-01,-3.7607701546e-01,-4.1661750539e-01,-3.8793248476e-01,-3.6038106074e-01,-3.3224671615e-01
184,1.8400,-5.2317715151e-01,-4.7297086958e-01,-4.2633517126e-01,-3.8027147264e-01,-4.2125321894e-01,-3.9225403838e-01,-3.6439857353e-01,-3.3595149613e-01
185,1.8500,-5.2894059005e-01,-4.7820489863e-01,-4.3107040912e-01,-3.8450757904e-01,-4.2593579289e-01,-3.9661891749e-01,-3.6845616758e-01,-3.3969319685e-01
186,1.8600,-5.3473759413e-01,-4.8346845184e-01,-4.3583167174e-01,-3.8876649326e-01,-4.3064393764e-01,-4.0100748835e-01,-3.7253572749e-01,-3.4345517986e-01
187,1.8700,-5.4047450389e-01,-4.8867890836e-01,-4.4054607998e-01,-3.9298442860e-01,-4.3530605564e-01,-4.0535344978e-01,-3.7657585617e-01,-3.4718086273e-01
188,1.8800,-5.4620588766e-01,-4.9388432608e-01,-4.4525589393e-01,-3.9719819996e-01,-4.3996363267e-01,-4.0969513172e-01,-3.8061195288e-01,-3.5090276251e-01
189,1.8900,-5.5180483910e-01,-4.9896937785e-01,-4.4985632052e-01,-4.0131317764e-01,-4.4451315222e-01,-4.1393516671e-01,-3.8455245587e-01,-3.5453513882e-01
190,1.9000,-5.5735802989e-01,-5.0401267946e-01,-4.5441865527e-01,-4.0539360442e-01,-4.4902501765e-01,-4.1813970116e-01,-3.8845949697e-01,-3.5813610315e-01
191,1.9100,-5.6291420909e-01,-5.0905863311e-01,-4.5898334727e-01,-4.0947611422e-01,-4.5353920255e-01,-4.2234639371e-01,-3.9236854687e-01,-3.6173892958e-01
192,1.9200,-5.6850027248e-01,-5.1413110727e-01,-4.6357161186e-01,-4.1357945426e-01,-4.5807658219e-01,-4.2657466734e-01,-3.9629768481e-01,-3.6536037700e-01
193,1.9300,-5.7406966913e-01,-5.1918872331e-01,-4.6814664712e-01,-4.1767111404e-01,-4.6260094448e-01,-4.3079083331e-01,-4.0021556647e-01,-3.6897141257e-01
194,1.9400,-5.7959159588e-01,-5.2420402078e-01,-4.7268400287e-01,-4.2172950635e-01,-4.6708823103e-01,-4.3497251453e-01,-4.0410138825e-01,-3.7255279336e-01
195,1.9500,-5.8506206255e-01,-5.2917251306e-01,-4.7717880306e-01,-4.2574945555e-01,-4.7153347813e-01,-4.3911464377e-01,-4.0795001126e-01,-3.7609933892e-01
196,1.9600,-5.9043328772e-01,-5.3405072900e-01,-4.8159151021e-01,-4.2969522976e-01,-4.7589762529e-01,-4.4318046362e-01,-4.1172685643e-01,-3.7957865791e-01
197,1.9700,-5.9578526354e-01,-5.3891143126e-01,-4.8598829067e-01,-4.3362661492e-01,-4.8024603922e-01,-4.4723147930e-01,-4.1548977738e-01,-3.8304493737e-01
198,1.9800,-6.0112321863e-01,-5.4375939166e-01,-4.9037349801e-01,-4.3754755858e-01,-4.8458302319e-01,-4.5127174746e-01,-4.1924259686e-01,-3.8650176449e-01
199,1.9900,-6.0648689917e-01,-5.4863003974e-01,-4.9477873964e-01,-4.4148607912e-01,-4.8893969653e-01,-4.5533026869e-01,-4.2301234492e-01,-3.8997422367e-01
200,2.0000,-6.1185818185e-01,-5.5350739227e-01,-4.9918990161e-01,-4.4542979382e-01,-4.9330218828e-01,-4.5939418390e-01,-4.2678709554e-01,-3.9345130229e-01
201,2.0100,-6.1717555588e-01,-5.5834684482e-01,-5.0357545574e-01,-4.4935775111e-01,-4.9764102767e-01,-4.6343943117e-01,-4.3054743186e-01,-3.9691778057e-01
202,2.0200,-6.2243936896e-01,-5.6313922236e-01,-5.0791968370e-01,-4.5324976460e-01,-5.0193928704e-01,-4.6744724958e-01,-4.3427324282e-01,-4.0035257207e-01
203,2.0300,-6.2764110584e-01,-5.6787502155e-01,-5.1221249818e-01,-4.5709547162e-01,-5.0618676709e-01,-4.7140737452e-01,-4.3795430252e-01,-4.0374558530e-01
204,2.0400,-6.3285299617e-01,-5.7261807236e-01,-5.1651026766e-01,-4.6094423331e-01,-5.1043885964e-01,-4.7537110386e-01,-4.4163811089e-01,-4.0714058386e-01
205,2.0500,-6.3810064077e-01,-5.7739246959e-01,-5.2083554901e-01,-4.6481697070e-01,-5.1471796123e-01,-4.7935978507e-01,-4.4534498021e-01,-4.1055679870e-01
206,2.0600,-6.4327335810e-01,-5.8209999499e-01,-5.2510118768e-01,-4.6863692850e-01,-5.1893833110e-01,-4.8329381197e-01,-4.4900099005e-01,-4.1392590353e-01
207,2.0700,-6.4964656514e-01,-5.8789816210e-01,-5.3035439642e-01,-4.7334187735e-01,-5.2413502810e-01,-4.8813957497e-01,-4.5350658825e-01,-4.1808105666e-01
208,2.0800,-6.5617231469e-01,-5.9383581836e-01,-5.3573457264e-01,-4.7816105047e-01,-5.2945743941e-01,-4.9310280728e-01,-4.5812161992e-01,-4.2233732066e-01
209,2.0900,-6.6262833567e-01,-5.9971065105e-01,-5.4105817446e-01,-4.8292963354e-01,-5.3472405509e-01,-4.9801382212e-01,-4.6268779157e-01,-4.2654806836e-01
210,2.1000,-6.6904608435e-01,-6.0555029548e-01,-5.4634947954e-01,-4.8766878692e-01,-5.3995871362e-01,-5.0289464053e-01,-4.6722545305e-01,-4.3073201954e-01
211,2.1100,-6.7549543010e-01,-6.1141637723e-01,-5.5166286300e-01,-4.9242612945e-01,-5.4521484715e-01,-5.0779474285e-01,-4.7178043212e-01,-4.3493141931e-01
212,2.1200,-6.8151673913e-01,-6.1689735360e-01,-5.5663040039e-01,-4.9687572681e-01,-5.5012973162e-01,-5.1237696132e-01,-4.7603969664e-01,-4.3885745499e-01
213,2.1300,-6.8693514699e-01,-6.2184065746e-01,-5.6111889493e-01,-5.0090241588e-01,-5.5457229399e-01,-5.1652146847e-01,-4.7989386229e-01,-4.4241109341e-01
214,2.1400,-6.9232268000e-01,-6.2675612812e-01,-5.6558213501e-01,-5.0490612512e-01,-5.5899002303e-01,-5.2064230366e-01,-4.8372536219e-01,-4.4594297553e-01
215,2.1500,-6.9774913930e-01,-6.3170416249e-01,-5.7007262849e-01,-5.0893240318e-01,-5.6343427608e-01,-5.2478702058e-01,-4.8757838714e-01,-4.4949415504e-01
216,2.1600,-7.0320892635e-01,-6.3668171624e-01,-5.7458929616e-01,-5.1298174019e-01,-5.6790427142e-01,-5.2895565186e-01,-4.9145363525e-01,-4.5306589677e-01
217,2.1700,-7.0865544250e-01,-6.4164691109e-01,-5.7909447050e-01,-5.1702045339e-01,-5.7236286925e-01,-5.3311343122e-01,-4.9531855912e-01,-4.5662785599e-01
218,2.1800,-7.1400361413e-01,-6.4652401785e-01,-5.8352086921e-01,-5.2098931630e-01,-5.7674388626e-01,-5.3719890772e-01,-4.9911613485e-01,-4.6012739710e-01
219,2.1900,-7.1932207888e-01,-6.5137413151e-01,-5.8792275975e-01,-5.2493608086e-01,-5.8110069657e-01,-5.4126163576e-01,-5.0289234080e-01,-4.6360695224e-01
220,2.2000,-7.2458147659e-01,-6.5617049959e-01,-5.9227578216e-01,-5.2883871426e-01,-5.8540922511e-01,-5.4527895825e-01,-5.0662586197e-01,-4.6704655559e-01
221,2.2100,-7.2981832594e-01,-6.6094607960e-01,-5.9660971809e-01,-5.3272399032e-01,-5.8969885855e-01,-5.4927846392e-01,-5.1034260143e-01,-4.7047043177e-01
222,2.2200,-7.3516621676e-01,-6.6581940832e-01,-6.0102978003e-01,-5.3668462556e-01,-5.9407310105e-01,-5.5335629650e-01,-5.1413187833e-01,-4.7396118336e-01
223,2.2300,-7.4051050861e-01,-6.7068948786e-01,-6.0544692130e-01,-5.4064266344e-01,-5.9844446649e-01,-5.5743144174e-01,-5.1791864934e-01,-4.7744961233e-01
224,2.2400,-7.4638813904e-01,-6.7604558106e-01,-6.1030528275e-01,-5.4499700626e-01,-6.0325216590e-01,-5.6191460541e-01,-5.2208603906e-01,-4.8129050617e-01
225,2.2500,-7.5312560620e-01,-6.8218404745e-01,-6.1587299378e-01,-5.4998775644e-01,-6.0876115388e-01,-5.6705326131e-01,-5.2686469244e-01,-4.8569730633e-01
226,2.2600,-7.5976130578e-01,-6.8823149020e-01,-6.2135946175e-01,-5.5490664915e-01,-6.1419016150e-01,-5.7211747448e-01,-5.3157410157e-01,-4.9004003257e-01
227,2.2700,-7.6631904689e-01,-6.9420804645e-01,-6.2678155498e-01,-5.5976751133e-01,-6.1955559305e-01,-5.7712193883e-01,-5.3622739368e-01,-4.9433029817e-01
228,2.2800,-7.7283383054e-01,-7.0014493018e-01,-6.3216702100e-01,-5.6459474324e-01,-6.2488474499e-01,-5.8209198077e-01,-5.4084803998e-01,-4.9858972349e-01
229,2.2900,-7.7924703784e-01,-7.0598983017e-01,-6.3746928812e-01,-5.6934727503e-01,-6.3013179627e-01,-5.8698500847e-01,-5.4539648054e-01,-5.0278176306e-01
230,2.3000,-7.8564859953e-01,-7.1182437405e-01,-6.4276237066e-01,-5.7409174281e-01,-6.3536981769e-01,-5.9186966109e-01,-5.4993715992e-01,-5.0696665067e-01
231,2.3100,-7.9196695418e-01,-7.1758316605e-01,-6.4798657171e-01,-5.7877403210e-01,-6.4053978436e-01,-5.9669032993e-01,-5.5441771392e-01,-5.1109529502e-01
232,2.3200,-7.9831175270e-01,-7.2336450265e-01,-6.5323002221e-01,-5.8347262477e-01,-6.4572855897e-01,-6.0152812061e-01,-5.5891387400e-01,-5.1523810008e-01
233,2.3300,-8.0463933008e-01,-7.2912988863e-01,-6.5845870321e-01,-5.8815761391e-01,-6.5090269683e-01,-6.0635200107e-01,-5.6339682031e-01,-5.1936840077e-01
234,2.3400,-8.1086282658e-01,-7.3479928370e-01,-6.6359890839e-01,-5.9276153141e-01,-6.5598922622e-01,-6.1109284532e-01,-5.6780110692e-01,-5.2342448329e-01
235,2.3500,-8.1705804039e-01,-7.4044316198e-01,-6.6871620607e-01,-5.9734511793e-01,-6.6105318935e-01,-6.1581264375e-01,-5.7218579597e-01,-5.2746243355e-01
236,2.3600,-8.2325445186e-01,-7.4608698420e-01,-6.7383251173e-01,-6.0192699851e-01,-6.6611600874e-01,-6.2053095079e-01,-5.7656872216e-01,-5.3149840481e-01
237,2.3700,-8.2941362679e-01,-7.5169620014e-01,-6.7891674274e-01,-6.0647937523e-01,-6.7114703395e-01,-6.2521907672e-01,-5.8092302843e-01,-5.3550735934e-01
238,2.3800,-8.3558436405e-01,-7.5731584825e-01,-6.8401039393e-01,-6.1104021009e-01,-6.7618735421e-01,-6.2991592126e-01,-5.8528551303e-01,-5.3952395427e-01
239,2.3900,-8.4172623640e-01,-7.6290873774e-01,-6.8907924931e-01,-6.1557819120e-01,-6.8120309856e-01,-6.3458940164e-01,-5.8962579648e-01,-5.4351953410e-01
240,2.4000,-8.4786755926e-01,-7.6850111784e-01,-6.9414763266e-01,-6.2011573725e-01,-6.8621837506e-01,-6.3926243725e-01,-5.9396565730e-01,-5.4751471386e-01
241,2.4100,-8.5396135081e-01,-7.7404995683e-01,-6.9917618308e-01,-6.2461709757e-01,-6.9119426496e-01,-6.4389830529e-01,-5.9827047088e-01,-5.5147699585e-01
242,2.4200,-8.5948606769e-01,-7.7908328119e-01,-7.0373880490e-01,-6.2870123727e-01,-6.9570991133e-01,-6.4810407309e-01,-6.0217402250e-01,-5.5506732228e-01
243,2.4300,-8.6461894201e-01,-7.8376214706e-01,-7.0798154893e-01,-6.3249944354e-01,-6.9990963401e-01,-6.5201493903e-01,-6.0580276816e-01,-5.5840325163e-01
244,2.4400,-8.6977414489e-01,-7.8846027847e-01,-7.1224091360e-01,-6.3631185950e-01,-7.0412561692e-01,-6.5594068896e-01,-6.0944514179e-01,-5.6175159470e-01
245,2.4500,-8.7499616585e-01,-7.9321786823e-01,-7.1655320599e-01,-6.4017106487e-01,-7.0839368840e-01,-6.5991491235e-01,-6.1313262735e-01,-5.6514173275e-01
246,2.4600,-8.8027277232e-01,-7.9802469844e-01,-7.2090994233e-01,-6.4407014702e-01,-7.1270560967e-01,-6.6393025029e-01,-6.1685866225e-01,-5.6856786519e-01
247,2.4700,-8.8556469395e-01,-8.0284536363e-01,-7.2527918384e-01,-6.4798046636e-01,-7.1702987208e-01,-6.6795716857e-01,-6.2059556331e-01,-5.7200415175e-01
248,2.4800,-8.9080635519e-01,-8.0762009176e-01,-7.2960650082e-01,-6.5185280339e-01,-7.2131268784e-01,-6.7194504585e-01,-6.2429571366e-01,-5.7540600197e-01
249,2.4900,-8.9600193207e-01,-8.1235148814e-01,-7.3389315272e-01,-6.5568721192e-01,-7.2555510964e-01,-6.7589429223e-01,-6.2795895481e-01,-5.7877272882e-01
250,2.5000,-9.0117836134e-01,-8.1706426929e-01,-7.3816180901e-01,-6.5950435994e-01,-7.2977956711e-01,-6.7982610929e-01,-6.3160531958e-01,-5.8212318372e-01
251,2.5100,-9.0766916480e-01,-8.2299138212e-01,-7.4354588008e-01,-6.6433406157e-01,-7.3510930921e-01,-6.8479696518e-01,-6.3622561317e-01,-5.8637971639e-01
252,2.5200,-9.1404237611e-01,-8.2881341976e-01,-7.4883652405e-01,-6.6908169629e-01,-7.4034715195e-01,-6.8968259901e-01,-6.4076698539e-01,-5.9056361665e-01
253,2.5300,-9.2045937781e-01,-8.3467306157e-01,-7.5415949273e-01,-6.7385689045e-01,-7.4561661700e-01,-6.9459711393e-01,-6.4533476230e-01,-5.9477154817e-01
254,2.5400,-9.2682075098e-01,-8.4048088247e-01,-7.5943424261e-01,-6.7858747898e-01,-7.5083825764e-01,-6.9946607860e-01,-6.4985918680e-01,-5.9893838318e-01
255,2.5500,-9.3309675077e-01,-8.4621218927e-01,-7.6464051109e-01,-6.8325722609e-01,-7.5599253841e-01,-7.0427203127e-01,-6.5432463698e-01,-6.0305020589e-01
256,2.5600,-9.4062007923e-01,-8.5308211539e-01,-7.7088190788e-01,-6.8885770530e-01,-7.6217115876e-01,-7.1003563481e-01,-6.5968326611e-01,-6.0798896885e-01
257,2.5700,-9.4800773949e-01,-8.5982853937e-01,-7.7701111192e-01,-6.9435709125e-01,-7.6823894792e-01,-7.1569515008e-01,-6.6494419803e-01,-6.1283646361e-01
258,2.5800,-9.5547536239e-01,-8.6664541863e-01,-7.8320239394e-01,-6.9991074523e-01,-7.7436772100e-01,-7.2141108870e-01,-6.7025734100e-01,-6.1773204209e-01
259,2.5900,-9.6160820315e-01,-8.7225482549e-01,-7.8830431121e-01,-7.0449137535e-01,-7.7942032580e-01,-7.2612349141e-01,-6.7463653424e-01,-6.2176452073e-01
260,2.6000,-9.6744795230e-01,-8.7759892379e-01,-7.9316690160e-01,-7.0885836084e-01,-7.8423663581e-01,-7.3061539840e-01,-6.7881032043e-01,-6.2560688773e-01
261,2.6100,-9.7329192306e-01,-8.8294397230e-01,-7.9802787484e-01,-7.1322165079e-01,-7.8905091664e-01,-7.3510423294e-01,-6.8298017896e-01,-6.2944460141e-01
262,2.6200,-9.7910601352e-01,-8.8826156115e-01,-8.0286365107e-01,-7.1756198300e-01,-7.9384026521e-01,-7.3956951167e-01,-6.8712779879e-01,-6.3326141412e-01
263,2.6300,-9.8486515339e-01,-8.9352880825e-01,-8.0765339739e-01,-7.2186055024e-01,-7.9858410351e-01,-7.4399187551e-01,-6.9123498873e-01,-6.3704032035e-01
264,2.6400,-9.9061864820e-01,-8.9879097265e-01,-8.1243858062e-01,-7.2615506094e-01,-8.0332344275e-01,-7.4841004491e-01,-6.9533827104e-01,-6.4081560545e-01
265,2.6500,-9.9636233318e-01,-9.0404346416e-01,-8.1721443851e-01,-7.3044078090e-01,-8.0805346476e-01,-7.5281929474e-01,-6.9943305236e-01,-6.4458285147e-01
266,2.6600,-1.0021663750e+00,-9.0934843628e-01,-8.2203590887e-01,-7.3476578341e-01,-8.1282819018e-01,-7.5726958229e-01,-7.0356551708e-01,-6.4838452599e-01
267,2.6700,-1.0078581621e+00,-9.1455161648e-01,-8.2676535939e-01,-7.3900838904e-01,-8.1751210972e-01,-7.6163484853e-01,-7.0761846312e-01,-6.5211222938e-01
268,2.6800,-1.0135863554e+00,-9.1978773615e-01,-8.3152463184e-01,-7.4327784063e-01,-8.2222546890e-01,-7.6602776448e-01,-7.1169737738e-01,-6.5586422309e-01
269,2.6900,-1.0193231844e+00,-9.2503088724e-01,-8.3628955565e-01,-7.4755169535e-01,-8.2694428079e-01,-7.7042544117e-01,-7.1578042839e-01,-6.5961975925e-01
270,2.7000,-1.0261219329e+00,-9.3124497325e-01,-8.4193851165e-01,-7.5262176008e-01,-8.3253774424e-01,-7.7564219570e-01,-7.2062863156e-01,-6.6408489983e-01
271,2.7100,-1.0331622771e+00,-9.3768114832e-01,-8.4779056239e-01,-7.5787533204e-01,-8.3833243726e-01,-7.8104742532e-01,-7.2565277605e-01,-6.6871290358e-01
272,2.7200,-1.0401293959e+00,-9.4405086759e-01,-8.5358245218e-01,-7.6307492061e-01,-8.4406773620e-01,-7.8639699791e-01,-7.3062480596e-01,-6.7329235442e-01
273,2.7300,-1.0470812932e+00,-9.5040422310e-01,-8.5935719525e-01,-7.6825687206e-01,-8.4978570241e-01,-7.9172912769e-01,-7.3557938624e-01,-6.7785445070e-01
274,2.7400,-1.0539004996e+00,-9.5663563809e-01,-8.6502010791e-01,-7.7333702736e-01,-8.5539304271e-01,-7.9695676575e-01,-7.4043535225e-01,-6.8232390397e-01
275,2.7500,-1.0606048523e+00,-9.6276082982e-01,-8.7058497933e-01,-7.7832734108e-01,-8.6090328252e-01,-8.0209238228e-01,-7.4520419153e-01,-6.8671123543e-01
276,2.7600,-1.0671985237e+00,-9.6878343374e-01,-8.7605503992e-01,-7.8323072890e-01,-8.6631959831e-01,-8.0713897779e-01,-7.4988875895e-01,-6.9101917289e-01
277,2.7700,-1.0738517585e+00,-9.7485954429e-01,-8.8157315951e-01,-7.8817698430e-01,-8.7178328999e-01,-8.1222985503e-01,-7.5461470995e-01,-6.9536561240e-01
278,2.7800,-1.0804186792e+00,-9.8085504170e-01,-8.8701609865e-01,-7.9305354172e-01,-8.7717238877e-01,-8.1724960533e-01,-7.5927289306e-01,-6.9964774065e-01
279,2.7900,-1.0869223359e+00,-9.8679290382e-01,-8.9240667109e-01,-7.9788293133e-01,-8.8250977009e-01,-8.2222077485e-01,-7.6388548677e-01,-7.0388730263e-01
280,2.8000,-1.0933546867e+00,-9.9266541612e-01,-8.9773748284e-01,-8.0265810650e-01,-8.8778804694e-01,-8.2713624442e-01,-7.6844563314e-01,-7.0807771535e-01
281,2.8100,-1.0987079984e+00,-9.9755966374e-01,-9.0218413604e-01,-8.0664232531e-01,-8.9219270918e-01,-8.3123628455e-01,-7.7224630185e-01,-7.1156579809e-01
282,2.8200,-1.1036910870e+00,-1.0021174862e+00,-9.0632611466e-01,-8.1035351036e-01,-8.9629617391e-01,-8.3505503811e-01,-7.7578490059e-01,-7.1481151204e-01
283,2.8300,-1.1088893976e+00,-1.0068692757e+00,-9.1064244372e-01,-8.1421990220e-01,-9.0057157464e-01,-8.3903417808e-01,-7.7947286400e-01,-7.1819543778e-01
284,2.8400,-1.1146953826e+00,-1.0121785006e+00,-9.1546774101e-01,-8.1854591782e-01,-9.0535047577e-01,-8.4348595092e-01,-7.8360321670e-01,-7.2199035774e-01
285,2.8500,-1.1203994340e+00,-1.0173951822e+00,-9.2020932651e-01,-8.2279695313e-01,-9.1004679449e-01,-8.4786034215e-01,-7.8766116590e-01,-7.2571791433e-01
286,2.8600,-1.1260039387e+00,-1.0225203370e+00,-9.2486697198e-01,-8.2697163112e-01,-9.1466006586e-01,-8.5215634334e-01,-7.9164519979e-01,-7.2937611582e-01
287,2.8700,-1.1315987684e+00,-1.0276342195e+00,-9.2951220626e-01,-8.3113311397e-01,-9.1926070193e-01,-8.5643941648e-01,-7.9561613849e-01,-7.3302116619e-01
288,2.8800,-1.1371575159e+00,-1.0327148074e+00,-9.3412679735e-01,-8.3526660696e-01,-9.2383102010e-01,-8.6069378139e-01,-7.9955992770e-01,-7.3664066388e-01
289,2.8900,-1.1427976221e+00,-1.0378683277e+00,-9.3880679873e-01,-8.3945839170e-01,-9.2846580842e-01,-8.6500837349e-01,-8.0355998781e-01,-7.4031251522e-01
290,2.9000,-1.1484202870e+00,-1.0430054179e+00,-9.4347144989e-01,-8.4363601530e-01,-9.3308535248e-01,-8.6930849597e-01,-8.0754634705e-01,-7.4397147302e-01
291,2.9100,-1.1539163491e+00,-1.0480245842e+00,-9.4802639291e-01,-8.4771217726e-01,-9.3759608844e-01,-8.7350499999e-01,-8.1143410459e-01,-7.4753697975e-01
292,2.9200,-1.1599323974e+00,-1.0535206497e+00,-9.5301629804e-01,-8.5218024200e-01,-9.4253723500e-01,-8.7810464063e-01,-8.1569820031e-01,-7.5145091880e-01
293,2.9300,-1.1666178611e+00,-1.0596318724e+00,-9.5856866010e-01,-8.5715671377e-01,-9.4803515735e-01,-8.8322675757e-01,-8.2045108206e-01,-7.5581856270e-01
294,2.9400,-1.1733083887e+00,-1.0657471771e+00,-9.6412440030e-01,-8.6213603821e-01,-9.5353638018e-01,-8.8835185959e-01,-8.2520670275e-01,-7.6018874216e-01
295,2.9500,-1.1800281565e+00,-1.0718884962e+00,-9.6970326490e-01,-8.6713574715e-01,-9.5906035700e-01,-8.9349809848e-01,-8.2998195230e-01,-7.6457705864e-01
296,2.9600,-1.1866999862e+00,-1.0779844105e+00,-9.7523944090e-01,-8.7209573264e-01,-9.6454197413e-01,-8.9860381068e-01,-8.3471853637e-01,-7.6892869113e-01
297,2.9700,-1.1932474977e+00,-1.0839645847e+00,-9.8066806573e-01,-8.7695644046e-01,-9.6991694464e-01,-9.0360807239e-01,-8.3935870438e-01,-7.7318908469e-01
298,2.9800,-1.1997424756e+00,-1.0898963290e+00,-9.8605220765e-01,-8.8177665829e-01,-9.7524791576e-01,-9.0857076008e-01,-8.4395965493e-01,-7.7741268331e-01
299,2.9900,-1.2062345822e+00,-1.0958254539e+00,-9.9143397022e-01,-8.8659473695e-01,-9.8057653919e-01,-9.1353124191e-01,-8.4855853704e-01,-7.8163435415e-01
300,3.0000,-1.2126704193e+00,-1.1017029135e+00,-9.9676844167e-01,-8.9136989593e-01,-9.8585841669e-01,-9.1844761257e-01,-8.5311585187e-01,-7.8581705603e-01
301,3.0100,-1.2189405915e+00,-1.1074439298e+00,-1.0019908747e+00,-8.9605435160e-01,-9.9103230610e-01,-9.2326685891e-01,-8.5758598886e-01,-7.8992216451e-01
302,3.0200,-1.2251684665e+00,-1.1131451721e+00,-1.0071762010e+00,-9.0070462142e-01,-9.9616931863e-01,-9.2805117900e-01,-8.6202309296e-01,-7.9399619666e-01
303,3.0300,-1.2314274619e+00,-1.1188725091e+00,-1.0123833110e+00,-9.0537278558e-01,-1.0013275122e+00,-9.3285449360e-01,-8.6647722274e-01,-7.9808537934e-01
304,3.0400,-1.2375906920e+00,-1.1245106653e+00,-1.0175075859e+00,-9.0996457885e-01,-1.0064035368e+00,-9.3757975643e-01,-8.7085726963e-01,-8.0210454658e-01
305,3.0500,-1.2449121416e+00,-1.1312137208e+00,-1.0236066359e+00,-9.1543895932e-01,-1.0124455454e+00,-9.4321100518e-01,-8.7608506996e-01,-8.0691137876e-01
306,3.0600,-1.2523774668e+00,-1.1380488575e+00,-1.0298266769e+00,-9.2102319044e-01,-1.0186075474e+00,-9.4895485214e-01,-8.8141832393e-01,-8.1181630822e-01
307,3.0700,-1.2585825843e+00,-1.1437387512e+00,-1.0350093902e+00,-9.2567751688e-01,-1.0237440304e+00,-9.5374075690e-01,-8.8585866476e-01,-8.1589481284e-01
308,3.0800,-1.2645079095e+00,-1.1491718809e+00,-1.0399572888e+00,-9.3011919837e-01,-1.0286480005e+00,-9.5830828485e-01,-8.9009429485e-01,-8.1978264733e-01
309,3.0900,-1.2703802927e+00,-1.1545552592e+00,-1.0448587117e+00,-9.3451791967e-01,-1.0335057888e+00,-9.6283196074e-01,-8.9428833470e-01,-8.2363122811e-01
310,3.1000,-1.2761867509e+00,-1.1598763578e+00,-1.0497014908e+00,-9.3886182093e-01,-1.0383052934e+00,-9.6729983783e-01,-8.9842903118e-01,-8.2742903902e-01
311,3.1100,-1.2820017371e+00,-1.1652051585e+00,-1.0545512480e+00,-9.4321202662e-01,-1.0431116876e+00,-9.7177420033e-01,-9.0257583811e-01,-8.3123259068e-01
312,3.1200,-1.2878637263e+00,-1.1705729762e+00,-1.0594331001e+00,-9.4758801838e-01,-1.0479492042e+00,-9.7627614073e-01,-9.0674701959e-01,-8.3505745579e-01
313,3.1300,-1.2929940972e+00,-1.1752726358e+00,-1.0637068168e+00,-9.5141598607e-01,-1.0521852564e+00,-9.8021429122e-01,-9.1039085734e-01,-8.3839240226e-01
314,3.1400,-1.2979858420e+00,-1.1798434306e+00,-1.0678613889e+00,-9.5513500111e-01,-1.0563031504e+00,-9.8404086164e-01,-9.1392959229e-01,-8.4162901044e-01
315,3.1500,-1.3029559000e+00,-1.1843937074e+00,-1.0719967193e+00,-9.5883620973e-01,-1.0604019194e+00,-9.8784925665e-01,-9.1745109791e-01,-8.4484938848e-01
316,3.1600,-1.3078771446e+00,-1.1888981412e+00,-1.0760890396e+00,-9.6249727685e-01,-1.0644579700e+00,-9.9161677396e-01,-9.2093351596e-01,-8.4803252901e-01
317,3.1700,-1.3138259182e+00,-1.1943481600e+00,-1.0810471868e+00,-9.6694213699e-01,-1.0693717388e+00,-9.9618914265e-01,-9.2516914812e-01,-8.5191533993e-01
318,3.1800,-1.3200959436e+00,-1.2000933625e+00,-1.0862755944e+00,-9.7163199468e-01,-1.0745531777e+00,-1.0010130094e+00,-9.2964053730e-01,-8.5601763544e-01
319,3.1900,-1.3263338828e+00,-1.2058082803e+00,-1.0914755284e+00,-9.7629529295e-01,-1.0797063130e+00,-1.0058098310e+00,-9.3408611416e-01,-8.6009540141e-01
320,3.2000,-1.3325461430e+00,-1.2114986271e+00,-1.0966521538e+00,-9.8093673050e-01,-1.0848362620e+00,-1.0105844172e+00,-9.3851042346e-01,-8.6415293739e-01
321,3.2100,-1.3398803687e+00,-1.2182233982e+00,-1.1027771959e+00,-9.8643765627e-01,-1.0909048725e+00,-1.0162419907e+00,-9.4376254754e-01,-8.6898044987e-01
322,3.2200,-1.3473041415e+00,-1.2250323134e+00,-1.1089807954e+00,-9.9201101763e-01,-1.0970515963e+00,-1.0219734768e+00,-9.4908426574e-01,-8.7387285339e-01
323,3.2300,-1.3546304273e+00,-1.2317500433e+00,-1.1150992800e+00,-9.9750544818e-01,-1.1031138746e+00,-1.0276244092e+00,-9.5432922937e-01,-8.7869243620e-01
324,3.2400,-1.3612210333e+00,-1.2377949169e+00,-1.1206045695e+00,-1.0024466201e+00,-1.1085696128e+00,-1.0327063321e+00,-9.5904152322e-01,-8.8301668612e-01
325,3.2500,-1.3668380050e+00,-1.2429509993e+00,-1.1253015495e+00,-1.0066602886e+00,-1.1132259326e+00,-1.0370395847e+00,-9.6305427030e-01,-8.8669186128e-01
326,3.2600,-1.3724567753e+00,-1.2481050822e+00,-1.1299934855e+00,-1.0108664243e+00,-1.1178766825e+00,-1.0413660759e+00,-9.6705927936e-01,-8.9035847978e-01
327,3.2700,-1.3781161544e+00,-1.2532948736e+00,-1.1347166999e+00,-1.0150996129e+00,-1.1225581205e+00,-1.0457207988e+00,-9.7109022489e-01,-8.9404876341e-01
328,3.2800,-1.3836591858e+00,-1.2583759887e+00,-1.1393387393e+00,-1.0192393385e+00,-1.1271392521e+00,-1.0499800033e+00,-9.7503035584e-01,-8.9765312080e-01
329,3.2900,-1.3892444584e+00,-1.2634938096e+00,-1.1439926230e+00,-1.0234064044e+00,-1.1317515939e+00,-1.0542677917e+00,-9.7899667079e-01,-9.0128133733e-01
330,3.3000,-1.3947552380e+00,-1.2685428407e+00,-1.1485832490e+00,-1.0275158691e+00,-1.1363012935e+00,-1.0584964799e+00,-9.8290730381e-01,-9.0485737218e-01
331,3.3100,-1.4003199760e+00,-1.2736404727e+00,-1.1532176391e+00,-1.0316644792e+00,-1.1408941387e+00,-1.0627655791e+00,-9.8685577624e-01,-9.0846868106e-01
332,3.3200,-1.4058854020e+00,-1.2787374739e+00,-1.1578502571e+00,-1.0358102914e+00,-1.1454850169e+00,-1.0670321978e+00,-9.9080131293e-01,-9.1207663307e-01
333,3.3300,-1.4113857861e+00,-1.2837738639e+00,-1.1624265903e+00,-1.0399042659e+00,-1.1500201193e+00,-1.0712457864e+00,-9.9469651640e-01,-9.1563705534e-01
334,3.3400,-1.4168727230e+00,-1.2887972147e+00,-1.1669906168e+00,-1.0439869556e+00,-1.1545430223e+00,-1.0754477915e+00,-9.9858082625e-01,-9.1918737154e-01
335,3.3500,-1.4223679541e+00,-1.2938262812e+00,-1.1715581190e+00,-1.0480710954e+00,-1.1590690409e+00,-1.0796518548e+00,-1.0024662436e+00,-9.2273789908e-01
336,3.3600,-1.4286491195e+00,-1.2995799283e+00,-1.1767898944e+00,-1.0527570442e+00,-1.1642528478e+00,-1.0844740108e+00,-1.0069306223e+00,-9.2682651932e-01
337,3.3700,-1.4354033458e+00,-1.3057710764e+00,-1.1824242131e+00,-1.0578092294e+00,-1.1698356311e+00,-1.0896717191e+00,-1.0117474007e+00,-9.3124327315e-01
338,3.3800,-1.4420798008e+00,-1.3118895142e+00,-1.1879906930e+00,-1.0627985280e+00,-1.1753511143e+00,-1.0948052409e+00,-1.0165030263e+00,-9.3560200797e-01
339,3.3900,-1.4485437029e+00,-1.3178091920e+00,-1.1933717703e+00,-1.0676160829e+00,-1.1806826547e+00,-1.0997634402e+00,-1.0210917431e+00,-9.3980254179e-01
340,3.4000,-1.4549171569e+00,-1.3236453622e+00,-1.1986760571e+00,-1.0723636809e+00,-1.1859382111e+00,-1.1046498368e+00,-1.0256127204e+00,-9.4393951414e-01
341,3.4100,-1.4612593388e+00,-1.3294520652e+00,-1.2039527869e+00,-1.0770858118e+00,-1.1911664279e+00,-1.1095102065e+00,-1.0301089952e+00,-9.4805319179e-01
342,3.4200,-1.4676877631e+00,-1.3353360233e+00,-1.2092985474e+00,-1.0818690272e+00,-1.1964626108e+00,-1.1144338534e+00,-1.0346641220e+00,-9.5222129640e-01
343,3.4300,-1.4740725994e+00,-1.3411776806e+00,-1.2146035743e+00,-1.0866133967e+00,-1.2017181902e+00,-1.1193181836e+00,-1.0391812901e+00,-9.5635294248e-01
344,3.4400,-1.4803762256e+00,-1.3469439294e+00,-1.2198388197e+00,-1.0912937411e+00,-1.2069046220e+00,-1.1241369624e+00,-1.0436364046e+00,-9.6042614103e-01
345,3.4500,-1.4865693135e+00,-1.3526069989e+00,-1.2249779954e+00,-1.0958852787e+00,-1.2119957574e+00,-1.1288650318e+00,-1.0480052765e+00,-9.6441771290e-01
346,3.4600,-1.4926948722e+00,-1.3582067009e+00,-1.2300578121e+00,-1.1004215483e+00,-1.2170279512e+00,-1.1335367771e+00,-1.0523203756e+00,-9.6835815259e-01
347,3.4700,-1.4987554981e+00,-1.3637451476e+00,-1.2350799144e+00,-1.1049037218e+00,-1.2220027848e+00,-1.1381535048e+00,-1.0565827487e+00,-9.7224824846e-01
348,3.4800,-1.5048308256e+00,-1.3692966529e+00,-1.2401136816e+00,-1.1093963042e+00,-1.2269891266e+00,-1.1427809691e+00,-1.0608551670e+00,-9.7614772850e-01
349,3.4900,-1.5108331329e+00,-1.3747796475e+00,-1.2450835205e+00,-1.1138298144e+00,-1.2319120993e+00,-1.1473480413e+00,-1.0650701764e+00,-9.7999295129e-01
350,3.5000,-1.5168363496e+00,-1.3802630119e+00,-1.2500533040e+00,-1.1182629231e+00,-1.2368349596e+00,-1.1519148081e+00,-1.0692847256e+00,-9.8383758527e-01
351,3.5100,-1.5213363030e+00,-1.3843905188e+00,-1.2538048003e+00,-1.1216133952e+00,-1.2405566209e+00,-1.1553622043e+00,-1.0724590717e+00,-9.8672315547e-01
352,3.5200,-1.5259116325e+00,-1.3885822072e+00,-1.2576105815e+00,-1.1250090153e+00,-1.2443310572e+00,-1.1588574125e+00,-1.0756766190e+00,-9.8964742013e-01
353,3.5300,-1.5304139721e+00,-1.3927043062e+00,-1.2613501435e+00,-1.1283419636e+00,-1.2480395549e+00,-1.1622890824e+00,-1.0788330016e+00,-9.9251301661e-01
354,3.5400,-1.5357385611e+00,-1.3975877247e+00,-1.2657907950e+00,-1.1323131458e+00,-1.2524432893e+00,-1.1663749414e+00,-1.0826031325e+00,-9.9595008594e-01
355,3.5500,-1.5420325711e+00,-1.4033663620e+00,-1.2710539332e+00,-1.1370314622e+00,-1.2576624091e+00,-1.1712270776e+00,-1.0870914063e+00,-1.0000552000e+00
356,3.5600,-1.5469164853e+00,-1.4078548537e+00,-1.2751412491e+00,-1.1406893830e+00,-1.2617176508e+00,-1.1749890287e+00,-1.0905607631e+00,-1.0032146363e+00
357,3.5700,-1.5517873563e+00,-1.4123278413e+00,-1.2792113668e+00,-1.1443290234e+00,-1.2657553459e+00,-1.1787330769e+00,-1.0940120516e+00,-1.0063560142e+00
358,3.5800,-1.5564476390e+00,-1.4166049473e+00,-1.2830998557e+00,-1.1478016163e+00,-1.2696129516e+00,-1.1823062534e+00,-1.0973013899e+00,-1.0093446098e+00
359,3.5900,-1.5610917097e+00,-1.4208664627e+00,-1.2869734535e+00,-1.1512601215e+00,-1.2734557442e+00,-1.1858651290e+00,-1.1005769667e+00,-1.0123200382e+00
360,3.6000,-1.5659060247e+00,-1.4252797541e+00,-1.2909818622e+00,-1.1548370168e+00,-1.2774311709e+00,-1.1895469221e+00,-1.1039663376e+00,-1.0154001830e+00
361,3.6100,-1.5712806242e+00,-1.4302129876e+00,-1.2954699414e+00,-1.1588513354e+00,-1.2818817421e+00,-1.1936772735e+00,-1.1077776210e+00,-1.0188740231e+00
362,3.6200,-1.5773558340e+00,-1.4357975539e+00,-1.3005599905e+00,-1.1634156323e+00,-1.2869288751e+00,-1.1983712202e+00,-1.1121194516e+00,-1.0228433841e+00
363,3.6300,-1.5833736677e+00,-1.4413286635e+00,-1.3056006216e+00,-1.1679348355e+00,-1.2919270472e+00,-1.2030189141e+00,-1.1164177055e+00,-1.0267719619e+00
364,3.6400,-1.5892623384e+00,-1.4467391144e+00,-1.3105289570e+00,-1.1723503828e+00,-1.2968138929e+00,-1.2075606469e+00,-1.1206152818e+00,-1.0306053626e+00
365,3.6500,-1.5964725274e+00,-1.4533742597e+00,-1.3165864081e+00,-1.1777952908e+00,-1.3028210526e+00,-1.2131567645e+00,-1.1258026499e+00,-1.0353613108e+00
366,3.6600,-1.6035241692e+00,-1.4598628635e+00,-1.3225091113e+00,-1.1831176221e+00,-1.3086947945e+00,-1.2186270580e+00,-1.1308715404e+00,-1.0400063163e+00
367,3.6700,-1.6106200109e+00,-1.4663889676e+00,-1.3284632999e+00,-1.1884657675e+00,-1.3145991728e+00,-1.2241247830e+00,-1.1359649000e+00,-1.0446728974e+00
368,3.6800,-1.6175016988e+00,-1.4727157524e+00,-1.3342327427e+00,-1.1936442073e+00,-1.3203204878e+00,-1.2294487828e+00,-1.1408936707e+00,-1.0491843500e+00
369,3.6900,-1.6242703026e+00,-1.4789369409e+00,-1.3399039246e+00,-1.1987319812e+00,-1.3259442939e+00,-1.2346801492e+00,-1.1457345489e+00,-1.0536128076e+00
370,3.7000,-1.6299571143e+00,-1.4841667257e+00,-1.3446703988e+00,-1.2030030034e+00,-1.3306726543e+00,-1.2390719239e+00,-1.1497901525e+00,-1.0573120608e+00
371,3.7100,-1.6351707821e+00,-1.4889566552e+00,-1.3490294643e+00,-1.2069000958e+00,-1.3349968333e+00,-1.2430812342e+00,-1.1534845983e+00,-1.0606723524e+00
372,3.7200,-1.6402851746e+00,-1.4936521079e+00,-1.3532991104e+00,-1.2107133333e+00,-1.3392320804e+00,-1.2470052630e+00,-1.1570974471e+00,-1.0639549793e+00
373,3.7300,-1.6453425431e+00,-1.4982942778e+00,-1.3575193921e+00,-1.2144814452e+00,-1.3434184681e+00,-1.2508829896e+00,-1.1606665789e+00,-1.0671966351e+00
374,3.7400,-1.6504854470e+00,-1.5030129776e+00,-1.3618078967e+00,-1.2183097134e+00,-1.3476719977e+00,-1.2548231054e+00,-1.1642936136e+00,-1.0704917100e+00
375,3.7500,-1.6557555065e+00,-1.5078484943e+00,-1.3662035379e+00,-1.2222355300e+00,-1.3520315180e+00,-1.2588633398e+00,-1.1680151432e+00,-1.0738755654e+00
376,3.7600,-1.6610889184e+00,-1.5127410255e+00,-1.3706504923e+00,-1.2262072472e+00,-1.3564415859e+00,-1.2629509798e+00,-1.1717811113e+00,-1.0773008915e+00
377,3.7700,-1.6662339949e+00,-1.5174562513e+00,-1.3749308684e+00,-1.2300234455e+00,-1.3606860978e+00,-1.2668803061e+00,-1.1753958234e+00,-1.0805822732e+00
378,3.7800,-1.6713699999e+00,-1.5221611956e+00,-1.3792000274e+00,-1.2338277076e+00,-1.3649191954e+00,-1.2707979491e+00,-1.1789986670e+00,-1.0838516764e+00
379,3.7900,-1.6764868161e+00,-1.5268467405e+00,-1.3834499093e+00,-1.2376131209e+00,-1.3691330252e+00,-1.2746966278e+00,-1.1825829769e+00,-1.0871031162e+00
380,3.8000,-1.6815195149e+00,-1.5314517696e+00,-1.3876230524e+00,-1.2413259514e+00,-1.3732704251e+00,-1.2785217016e+00,-1.1860965297e+00,-1.0902868415e+00
381,3.8100,-1.6867299619e+00,-1.5362204858e+00,-1.3919456546e+00,-1.2451731219e+00,-1.3775558644e+00,-1.2824849913e+00,-1.1897385158e+00,-1.0935886850e+00
382,3.8200,-1.6928972542e+00,-1.5418803118e+00,-1.3970932145e+00,-1.2497751435e+00,-1.3826598196e+00,-1.2872209630e+00,-1.1941075284e+00,-1.0975693674e+00
383,3.8300,-1.6988786273e+00,-1.5473687183e+00,-1.4020835685e+00,-1.2542346074e+00,-1.3876082004e+00,-1.2918104793e+00,-1.1983390411e+00,-1.1014218568e+00
384,3.8400,-1.7041792806e+00,-1.5522305670e+00,-1.4064999089e+00,-1.2581738144e+00,-1.3919884556e+00,-1.2958655839e+00,-1.2020692421e+00,-1.1048074575e+00
385,3.8500,-1.7094550705e+00,-1.5570661949e+00,-1.4108891149e+00,-1.2620853808e+00,-1.3963412887e+00,-1.2998933021e+00,-1.2057722094e+00,-1.1081661140e+00
386,3.8600,-1.7147575605e+00,-1.5619246400e+00,-1.4152976898e+00,-1.2660130976e+00,-1.4007130192e+00,-1.3039380771e+00,-1.2094905468e+00,-1.1115385062e+00
387,3.8700,-1.7200415988e+00,-1.5667642622e+00,-1.4196873090e+00,-1.2699219485e+00,-1.4050657254e+00,-1.3079639969e+00,-1.2131902799e+00,-1.1148926403e+00
388,3.8800,-1.7251719545e+00,-1.5714586916e+00,-1.4239402247e+00,-1.2737030465e+00,-1.4092825730e+00,-1.3118598678e+00,-1.2167657083e+00,-1.1181284922e+00
389,3.8900,-1.7302702998e+00,-1.5761226110e+00,-1.4281642622e+00,-1.2774571087e+00,-1.4134706709e+00,-1.3157282467e+00,-1.2203149087e+00,-1.1213394625e+00
390,3.9000,-1.7352868926e+00,-1.5807078886e+00,-1.4323128865e+00,-1.2811392941e+00,-1.4175835844e+00,-1.3195239093e+00,-1.2237938811e+00,-1.1244828677e+00
391,3.9100,-1.7409442369e+00,-1.5858890734e+00,-1.4370118064e+00,-1.2853232569e+00,-1.4222412742e+00,-1.3238344412e+00,-1.2277573585e+00,-1.1280782993e+00
392,3.9200,-1.7466357950e+00,-1.5911114821e+00,-1.4417568081e+00,-1.2895564723e+00,-1.4269453420e+00,-1.3281935831e+00,-1.2317706405e+00,-1.1317238480e+00
393,3.9300,-1.7515825636e+00,-1.5956477786e+00,-1.4458729779e+00,-1.2932198436e+00,-1.4310267851e+00,-1.3319674925e+00,-1.2352355032e+00,-1.1348593815e+00
394,3.9400,-1.7563371522e+00,-1.6000015635e+00,-1.4498165025e+00,-1.2967211243e+00,-1.4349366737e+00,-1.3355765355e+00,-1.2385422693e+00,-1.1378440470e+00
395,3.9500,-1.7609603559e+00,-1.6042316061e+00,-1.4536439088e+00,-1.3001142953e+00,-1.4387312534e+00,-1.3390753814e+00,-1.2417439069e+00,-1.1407289053e+00
396,3.9600,-1.7656651870e+00,-1.6085352090e+00,-1.4575373458e+00,-1.3035661241e+00,-1.4425908416e+00,-1.3426349516e+00,-1.2450021728e+00,-1.1436662563e+00
397,3.9700,-1.7704420371e+00,-1.6129048380e+00,-1.4614913918e+00,-1.3070733405e+00,-1.4465104921e+00,-1.3462512414e+00,-1.2483140465e+00,-1.1466541238e+00
398,3.9800,-1.7751156390e+00,-1.6171764144e+00,-1.4653528241e+00,-1.3104938896e+00,-1.4503380773e+00,-1.3497793254e+00,-1.2515416119e+00,-1.1495618402e+00
399,3.9900,-1.7796725899e+00,-1.6213381107e+00,-1.4691110741e+00,-1.3138182580e+00,-1.4540631508e+00,-1.3532094317e+00,-1.2546756632e+00,-1.1523807055e+00
400,4.0000,-1.7841565978e+00,-1.6254287397e+00,-1.4728002042e+00,-1.3170756818e+00,-1.4577191465e+00,-1.3565721496e+00,-1.2577440455e+00,-1.1551357702e+00
401,4.0100,-1.7885870827e+00,-1.6294876112e+00,-1.4764758004e+00,-1.3203351540e+00,-1.4613658202e+00,-1.3599313881e+00,-1.2608144270e+00,-1.1578981304e+00
402,4.0200,-1.7930066312e+00,-1.6335343020e+00,-1.4801386074e+00,-1.3235817606e+00,-1.4649996217e+00,-1.3632777723e+00,-1.2638721638e+00,-1.1606482400e+00
403,4.0300,-1.7974075676e+00,-1.6375623775e+00,-1.4837829200e+00,-1.3268101431e+00,-1.4686148062e+00,-1.3666059485e+00,-1.2669120829e+00,-1.1633809442e+00
404,4.0400,-1.8042139987e+00,-1.6438362650e+00,-1.4895122144e+00,-1.3319526493e+00,-1.4743004373e+00,-1.3718909832e+00,-1.2717962347e+00,-1.1678393775e+00
405,4.0500,-1.8099403294e+00,-1.6491189629e+00,-1.4943358885e+00,-1.3362766637e+00,-1.4790891744e+00,-1.3763351245e+00,-1.2758936553e+00,-1.1715667496e+00
406,4.0600,-1.8153226245e+00,-1.6540774229e+00,-1.4988550918e+00,-1.3403171268e+00,-1.4835750800e+00,-1.3804905932e+00,-1.2797163874e+00,-1.1750341159e+00
407,4.0700,-1.8204387529e+00,-1.6587861385e+00,-1.5031409876e+00,-1.3441416156e+00,-1.4878292930e+00,-1.3844256285e+00,-1.2833296916e+00,-1.1783034792e+00
408,4.0800,-1.8255455494e+00,-1.6634834775e+00,-1.5074140108e+00,-1.3479521558e+00,-1.4920704569e+00,-1.3883470048e+00,-1.2869289709e+00,-1.1815586508e+00
409,4.0900,-1.8306068989e+00,-1.6681342174e+00,-1.5116397505e+00,-1.3517151609e+00,-1.4962640974e+00,-1.3922210344e+00,-1.2904812816e+00,-1.1847674509e+00
410,4.1000,-1.8355653142e+00,-1.6726874079e+00,-1.5157736853e+00,-1.3553927248e+00,-1.5003664734e+00,-1.3960079895e+00,-1.2939507065e+00,-1.1878977972e+00
411,4.1100,-1.8404914502e+00,-1.6772105946e+00,-1.5198798967e+00,-1.3590449905e+00,-1.5044412712e+00,-1.3997690683e+00,-1.2973958604e+00,-1.1910054926e+00
412,4.1200,-1.8454845355e+00,-1.6817958095e+00,-1.5240435058e+00,-1.3627500436e+00,-1.5085729267e+00,-1.4035841625e+00,-1.3008922884e+00,-1.1941616567e+00
413,4.1300,-1.8514588661e+00,-1.6872965281e+00,-1.5290567788e+00,-1.3672350164e+00,-1.5135488998e+00,-1.4081962207e+00,-1.3051391990e+00,-1.1980197825e+00
414,4.1400,-1.8578220867e+00,-1.6931595802e+00,-1.5344063939e+00,-1.3720293082e+00,-1.5188591312e+00,-1.4131241261e+00,-1.3096839503e+00,-1.2021570064e+00
415,4.1500,-1.8641209744e+00,-1.6989607450e+00,-1.5396968773e+00,-1.3767676550e+00,-1.5241105098e+00,-1.4179952571e+00,-1.3141741014e+00,-1.2062420199e+00
416,4.1600,-1.8702251215e+00,-1.7045777672e+00,-1.5448138059e+00,-1.3813436194e+00,-1.5291893117e+00,-1.4227011863e+00,-1.3185062926e+00,-1.2101766301e+00
417,4.1700,-1.8752307723e+00,-1.7091826482e+00,-1.5490027777e+00,-1.3850783601e+00,-1.5333486061e+00,-1.4265436898e+00,-1.3220298155e+00,-1.2133593423e+00
418,4.1800,-1.8798422887e+00,-1.7134179998e+00,-1.5528465027e+00,-1.3884932609e+00,-1.5371648105e+00,-1.4300600627e+00,-1.3252439668e+00,-1.2162502769e+00
419,4.1900,-1.8842428331e+00,-1.7174530359e+00,-1.5565006766e+00,-1.3917300994e+00,-1.5407923942e+00,-1.4333955196e+00,-1.3282848213e+00,-1.2189759184e+00
420,4.2000,-1.8886159406e+00,-1.7214611522e+00,-1.5601288096e+00,-1.3949421724e+00,-1.5443939519e+00,-1.4367059172e+00,-1.3313016620e+00,-1.2216787315e+00
421,4.2100,-1.8918043154e+00,-1.7243737794e+00,-1.5627495045e+00,-1.3972382132e+00,-1.5469979356e+00,-1.4390762125e+00,-1.3334354787e+00,-1.2235584831e+00
422,4.2200,-1.8946958095e+00,-1.7270052741e+00,-1.5651048615e+00,-1.3992857115e+00,-1.5493379832e+00,-1.4411938098e+00,-1.3353278921e+00,-1.2252088767e+00
423,4.2300,-1.8974910820e+00,-1.7295452210e+00,-1.5673736672e+00,-1.4012522423e+00,-1.5515918893e+00,-1.4432290475e+00,-1.3371417368e+00,-1.2267847334e+00
424,4.2400,-1.9003500192e+00,-1.7321410599e+00,-1.5696910832e+00,-1.4032602663e+00,-1.5538932942e+00,-1.4453078617e+00,-1.3389953861e+00,-1.2283965811e+00
425,4.2500,-1.9037475551e+00,-1.7352391670e+00,-1.5724733776e+00,-1.4056930361e+00,-1.5566548140e+00,-1.4478224347e+00,-1.3412598366e+00,-1.2303923374e+00
426,4.2600,-1.9073274299e+00,-1.7385070960e+00,-1.5754129842e+00,-1.4082699476e+00,-1.5595721800e+00,-1.4504846705e+00,-1.3436636985e+00,-1.2325187075e+00
427,4.2700,-1.9107286167e+00,-1.7416055013e+00,-1.5781923380e+00,-1.4106964823e+00,-1.5623302259e+00,-1.4529939909e+00,-1.3459210500e+00,-1.2345053499e+00
428,4.2800,-1.9152345538e+00,-1.7457385134e+00,-1.5819350151e+00,-1.4140099882e+00,-1.5660452353e+00,-1.4564093389e+00,-1.3490336633e+00,-1.2372935975e+00
429,4.2900,-1.9199827658e+00,-1.7500992393e+00,-1.5858907486e+00,-1.4175209475e+00,-1.5699720280e+00,-1.4600259827e+00,-1.3523370619e+00,-1.2402614588e+00
430,4.3000,-1.9247382637e+00,-1.7544648994e+00,-1.5898494482e+00,-1.4210331585e+00,-1.5739015270e+00,-1.4636443566e+00,-1.3556413685e+00,-1.2432295010e+00
431,4.3100,-1.9305353343e+00,-1.7598093629e+00,-1.5947211501e+00,-1.4253864757e+00,-1.5787361897e+00,-1.4681231493e+00,-1.3597597413e+00,-1.2469611311e+00
432,4.3200,-1.9363749632e+00,-1.7651937978e+00,-1.5996301669e+00,-1.4297741859e+00,-1.5836079572e+00,-1.4726370359e+00,-1.3639111016e+00,-1.2507234064e+00
433,4.3300,-1.9420944466e+00,-1.7704633240e+00,-1.6044298576e+00,-1.4340587573e+00,-1.5883709703e+00,-1.4770461808e+00,-1.3679618356e+00,-1.2543895010e+00
434,4.3400,-1.9476200249e+00,-1.7755472363e+00,-1.6090527671e+00,-1.4381763742e+00,-1.5929580005e+00,-1.4812858959e+00,-1.3718498214e+00,-1.2579000439e+00
435,4.3500,-1.9530347819e+00,-1.7805260409e+00,-1.6135765206e+00,-1.4422013213e+00,-1.5974464892e+00,-1.4854312536e+00,-1.3756476776e+00,-1.2613249703e+00
436,4.3600,-1.9575083832e+00,-1.7846312214e+00,-1.6172935022e+00,-1.4454891962e+00,-1.6011352852e+00,-1.4888214443e+00,-1.3787344502e+00,-1.2640850380e+00
437,4.3700,-1.9614463389e+00,-1.7882376878e+00,-1.6205486277e+00,-1.4483539877e+00,-1.6043659693e+00,-1.4917786036e+00,-1.3814131855e+00,-1.2664634510e+00
438,4.3800,-1.9653644383e+00,-1.7918245548e+00,-1.6237846432e+00,-1.4512004145e+00,-1.6075775209e+00,-1.4947172460e+00,-1.3840740650e+00,-1.2688247547e+00
439,4.3900,-1.9694090435e+00,-1.7955272110e+00,-1.6271262235e+00,-1.4541421268e+00,-1.6108933913e+00,-1.4977539639e+00,-1.3868269985e+00,-1.2712719624e+00
440,4.4000,-1.9733926907e+00,-1.7991699244e+00,-1.6304092339e+00,-1.4570270816e+00,-1.6141507561e+00,-1.5007335064e+00,-1.3895242408e+00,-1.2736652032e+00
441,4.4100,-1.9773315809e+00,-1.8027685909e+00,-1.6336492225e+00,-1.4598703954e+00,-1.6173651623e+00,-1.5036710781e+00,-1.3921806274e+00,-1.2760188895e+00
442,4.4200,-1.9811479539e+00,-1.8062498252e+00,-1.6367769639e+00,-1.4626070450e+00,-1.6204677822e+00,-1.5065005996e+00,-1.3947327392e+00,-1.2782723443e+00
443,4.4300,-1.9848313686e+00,-1.8096032985e+00,-1.6397825670e+00,-1.4652279488e+00,-1.6234485911e+00,-1.5092128805e+00,-1.3971722280e+00,-1.2804181336e+00
444,4.4400,-1.9884589603e+00,-1.8129015796e+00,-1.6427337693e+00,-1.4677954820e+00,-1.6263749250e+00,-1.5118716408e+00,-1.3995592215e+00,-1.2825125961e+00
445,4.4500,-1.9920643430e+00,-1.8161765514e+00,-1.6456607708e+00,-1.4703380975e+00,-1.6292768276e+00,-1.5145057718e+00,-1.4019214758e+00,-1.2845822965e+00
446,4.4600,-1.9956719007e+00,-1.8194532405e+00,-1.6485893852e+00,-1.4728825037e+00,-1.6321804645e+00,-1.5171415434e+00,-1.4042854392e+00,-1.2866539143e+00
447,4.4700,-1.9992016900e+00,-1.8226551774e+00,-1.6514463655e+00,-1.4753586694e+00,-1.6350127397e+00,-1.5197082356e+00,-1.4065826467e+00,-1.2886612794e+00
448,4.4800,-2.0036269701e+00,-1.8266981945e+00,-1.6550871960e+00,-1.4785557902e+00,-1.6386229912e+00,-1.5230121630e+00,-1.4095754006e+00,-1.2913191910e+00
449,4.4900,-2.0083463095e+00,-1.8310168837e+00,-1.6589850826e+00,-1.4819901038e+00,-1.6424884018e+00,-1.5265583912e+00,-1.4127974936e+00,-1.2941926118e+00
450,4.5000,-2.0129440744e+00,-1.8352200712e+00,-1.6627737520e+00,-1.4853220227e+00,-1.6462451758e+00,-1.5300004999e+00,-1.4159199916e+00,-1.2969712333e+00
451,4.5100,-2.0174034863e+00,-1.8393137470e+00,-1.6664788160e+00,-1.4885943376e+00,-1.6499240241e+00,-1.5333747717e+00,-1.4189845457e+00,-1.2997019875e+00
452,4.5200,-2.0218129969e+00,-1.8433578886e+00,-1.6701352485e+00,-1.4918195077e+00,-1.6535542224e+00,-1.5367015733e+00,-1.4220029759e+00,-1.3023882104e+00
453,4.5300,-2.0262882596e+00,-1.8474616139e+00,-1.6738453379e+00,-1.4950921482e+00,-1.6572383462e+00,-1.5400768073e+00,-1.4250647289e+00,-1.3051126386e+00
454,4.5400,-2.0308781877e+00,-1.8516849142e+00,-1.6776788334e+00,-1.4984905775e+00,-1.6610492136e+00,-1.5435752078e+00,-1.4282466941e+00,-1.3079544855e+00
455,4.5500,-2.0344756736e+00,-1.8549860688e+00,-1.6806599963e+00,-1.5011099637e+00,-1.6640140499e+00,-1.5462762848e+00,-1.4306793253e+00,-1.3100972264e+00
456,4.5600,-2.0379552224e+00,-1.8581745151e+00,-1.6835340089e+00,-1.5036285009e+00,-1.6668717830e+00,-1.5488751997e+00,-1.4330145170e+00,-1.3121473863e+00
457,4.5700,-2.0414547263e+00,-1.8613786198e+00,-1.6864199637e+00,-1.5061556459e+00,-1.6697409450e+00,-1.5514836681e+00,-1.4353576380e+00,-1.3142039979e+00
458,4.5800,-2.0450092314e+00,-1.8646302547e+00,-1.6893464238e+00,-1.5087163596e+00,-1.6726497026e+00,-1.5541276416e+00,-1.4377324357e+00,-1.3162884910e+00
459,4.5900,-2.0484106868e+00,-1.8677360982e+00,-1.6921344432e+00,-1.5111465400e+00,-1.6754204895e+00,-1.5566392245e+00,-1.4399802960e+00,-1.3182517322e+00
460,4.6000,-2.0517546364e+00,-1.8707878143e+00,-1.6948718979e+00,-1.5135301119e+00,-1.6781409482e+00,-1.5591032418e+00,-1.4421832843e+00,-1.3201729048e+00
461,4.6100,-2.0543689876e+00,-1.8731549846e+00,-1.6969699144e+00,-1.5153217874e+00,-1.6802266203e+00,-1.5609631364e+00,-1.4438128609e+00,-1.3215532066e+00
462,4.6200,-2.0586310223e+00,-1.8770866034e+00,-1.7005423375e+00,-1.5184861413e+00,-1.6837792778e+00,-1.5642208231e+00,-1.4467690460e+00,-1.3241827464e+00
463,4.6300,-2.0627878276e+00,-1.8809168171e+00,-1.7040179091e+00,-1.5215591670e+00,-1.6872354512e+00,-1.5673858024e+00,-1.4496364744e+00,-1.3267278399e+00
464,4.6400,-2.0668189513e+00,-1.8846258862e+00,-1.7073775770e+00,-1.5245224848e+00,-1.6905761779e+00,-1.5704395016e+00,-1.4523969731e+00,-1.3291707853e+00
465,4.6500,-2.0694051761e+00,-1.8869914060e+00,-1.7094944634e+00,-1.5263489124e+00,-1.6926831864e+00,-1.5723298636e+00,-1.4540632777e+00,-1.3305917111e+00
466,4.6600,-2.0720689204e+00,-1.8894251550e+00,-1.7116706058e+00,-1.5282255308e+00,-1.6948482663e+00,-1.5742729667e+00,-1.4557772555e+00,-1.3320552152e+00
467,4.6700,-2.0745279147e+00,-1.8916635565e+00,-1.7136614368e+00,-1.5299279992e+00,-1.6968290688e+00,-1.5760390102e+00,-1.4573215572e+00,-1.3333570098e+00
468,4.6800,-2.0770449857e+00,-1.8939526694e+00,-1.7156961536e+00,-1.5316677798e+00,-1.6988527601e+00,-1.5778442594e+00,-1.4589016054e+00,-1.3346911369e+00
469,4.6900,-2.0794851475e+00,-1.8961653492e+00,-1.7176551544e+00,-1.5333328648e+00,-1.7008006734e+00,-1.5795746630e+00,-1.4604079032e+00,-1.3359528376e+00
470,4.7000,-2.0818970046e+00,-1.8983504394e+00,-1.7195874336e+00,-1.5349722942e+00,-1.7027218996e+00,-1.5812791708e+00,-1.4618891363e+00,-1.3371903947e+00
471,4.7100,-2.0843874585e+00,-1.9006087413e+00,-1.7215883398e+00,-1.5366762544e+00,-1.7047112241e+00,-1.5830492669e+00,-1.4634336636e+00,-1.3384890137e+00
472,4.7200,-2.0872682207e+00,-1.9032326499e+00,-1.7239288081e+00,-1.5386911964e+00,-1.7070368534e+00,-1.5851381638e+00,-1.4652788505e+00,-1.3400685396e+00
473,4.7300,-2.0910850572e+00,-1.9067410552e+00,-1.7270989721e+00,-1.5414751515e+00,-1.7101858269e+00,-1.5880122841e+00,-1.4678695492e+00,-1.3423500824e+00
474,4.7400,-2.0948213714e+00,-1.9101727736e+00,-1.7301966237e+00,-1.5441913073e+00,-1.7132626295e+00,-1.5908174340e+00,-1.4703945145e+00,-1.3445693495e+00
475,4.7500,-2.0991805666e+00,-1.9141923043e+00,-1.7338454738e+00,-1.5474182350e+00,-1.7168886504e+00,-1.5941425727e+00,-1.4734102985e+00,-1.3472484624e+00
476,4.7600,-2.1038288295e+00,-1.9184835039e+00,-1.7377482784e+00,-1.5508799753e+00,-1.7207676481e+00,-1.5977068591e+00,-1.4766515285e+00,-1.3501385665e+00
477,4.7700,-2.1084201031e+00,-1.9227179417e+00,-1.7415952118e+00,-1.5542873891e+00,-1.7245909035e+00,-1.6012163807e+00,-1.4798392578e+00,-1.3529767701e+00
478,4.7800,-2.1129737516e+00,-1.9269163787e+00,-1.7454083648e+00,-1.5576638959e+00,-1.7283806223e+00,-1.6046942089e+00,-1.4829972741e+00,-1.3557874743e+00
479,4.7900,-2.1174969840e+00,-1.9310838097e+00,-1.7491899172e+00,-1.5610082399e+00,-1.7321384339e+00,-1.6081402018e+00,-1.4861235085e+00,-1.3585664623e+00
480,4.8000,-2.1219615088e+00,-1.9351927233e+00,-1.7529134282e+00,-1.5642953591e+00,-1.7358380491e+00,-1.6115289032e+00,-1.4891934415e+00,-1.3612902933e+00
481,4.8100,-2.1260307949e+00,-1.9389305111e+00,-1.7562904998e+00,-1.5672626009e+00,-1.7391935685e+00,-1.6145909885e+00,-1.4919542621e+00,-1.3637235727e+00
482,4.8200,-2.1288868288e+00,-1.9415329788e+00,-1.7586109958e+00,-1.5692570420e+00,-1.7415002268e+00,-1.6166589199e+00,-1.4937755928e+00,-1.3652752221e+00
483,4.8300,-2.1315848378e+00,-1.9439814874e+00,-1.7607816758e+00,-1.5711062218e+00,-1.7436571654e+00,-1.6185806704e+00,-1.4954543515e+00,-1.3666882249e+00
484,4.8400,-2.1342108884e+00,-1.9463601728e+00,-1.7628850131e+00,-1.5728910567e+00,-1.7457468497e+00,-1.6204374046e+00,-1.4970704123e+00,-1.3680410773e+00
485,4.8500,-2.1367646406e+00,-1.9486667653e+00,-1.7649166193e+00,-1.5746047663e+00,-1.7477645737e+00,-1.6222230615e+00,-1.4986163681e+00,-1.3693249651e+00
486,4.8600,-2.1392829318e+00,-1.9509384164e+00,-1.7669141176e+00,-1.5762855554e+00,-1.7497482189e+00,-1.6239755239e+00,-1.5001301271e+00,-1.3705778222e+00
487,4.8700,-2.1417627429e+00,-1.9531719486e+00,-1.7688740448e+00,-1.5779295622e+00,-1.7516942220e+00,-1.6256910890e+00,-1.5016077952e+00,-1.3717955146e+00
488,4.8800,-2.1442478414e+00,-1.9554073491e+00,-1.7708328007e+00,-1.5795696105e+00,-1.7536385648e+00,-1.6274035380e+00,-1.5030810643e+00,-1.3730076337e+00
489,4.8900,-2.1465956698e+00,-1.9575106261e+00,-1.7726649795e+00,-1.5810893691e+00,-1.7554566524e+00,-1.6289942359e+00,-1.5044371538e+00,-1.3741074975e+00
490,4.9000,-2.1489311025e+00,-1.9595997152e+00,-1.7744813030e+00,-1.5825916546e+00,-1.7572585887e+00,-1.6305679790e+00,-1.5057755668e+00,-1.3751890077e+00
491,4.9100,-2.1506123403e+00,-1.9610768475e+00,-1.7757291420e+00,-1.5835721654e+00,-1.7584971965e+00,-1.6316074239e+00,-1.5066093548e+00,-1.3757978237e+00
492,4.9200,-2.1515501636e+00,-1.9618555905e+00,-1.7763248516e+00,-1.5839503487e+00,-1.7590888659e+00,-1.6320313980e+00,-1.5068598099e+00,-1.3758579253e+00
493,4.9300,-2.1531852101e+00,-1.9632943161e+00,-1.7775407133e+00,-1.5849041544e+00,-1.7602970913e+00,-1.6330421907e+00,-1.5076665282e+00,-1.3764411493e+00
494,4.9400,-2.1555465364e+00,-1.9654210405e+00,-1.7794047494e+00,-1.5864626021e+00,-1.7621497991e+00,-1.6346685779e+00,-1.5090593990e+00,-1.3775788043e+00
495,4.9500,-2.1579328022e+00,-1.9675695642e+00,-1.7812877520e+00,-1.5880373670e+00,-1.7640209396e+00,-1.6363121239e+00,-1.5104681842e+00,-1.3787310979e+00
496,4.9600,-2.1608014745e+00,-1.9701762271e+00,-1.7836017869e+00,-1.5900120978e+00,-1.7663189675e+00,-1.6383646408e+00,-1.5122661876e+00,-1.3802500258e+00
497,4.9700,-2.1635554397e+00,-1.9726717577e+00,-1.7858085710e+00,-1.5918840083e+00,-1.7685100139e+00,-1.6403132837e+00,-1.5139635492e+00,-1.3816718681e+00
498,4.9800,-2.1662039547e+00,-1.9750636427e+00,-1.7879142199e+00,-1.5936581269e+00,-1.7706000766e+00,-1.6421633389e+00,-1.5155650177e+00,-1.3830009545e+00
499,4.9900,-2.1688270235e+00,-1.9774292831e+00,-1.7899931591e+00,-1.5954053705e+00,-1.7726633809e+00,-1.6439865616e+00,-1.5171397652e+00,-1.3843036155e+00
500,5.0000,-2.1713183569e+00,-1.9796672440e+00,-1.7919486576e+00,-1.5970338435e+00,-1.7746035241e+00,-1.6456899315e+00,-1.5185980507e+00,-1.3854934949e+00
501,5.0100,-2.1748325996e+00,-1.9828991379e+00,-1.7948606843e+00,-1.5995710367e+00,-1.7774977727e+00,-1.6483134687e+00,-1.5209390250e+00,-1.3875229176e+00
502,5.0200,-2.1782501432e+00,-1.9860363877e+00,-1.7976807967e+00,-1.6020198881e+00,-1.7803002210e+00,-1.6508478390e+00,-1.5231936933e+00,-1.3894692848e+00
503,5.0300,-2.1821107325e+00,-1.9895918389e+00,-1.8008939824e+00,-1.6048344388e+00,-1.7834963325e+00,-1.6537527614e+00,-1.5257969040e+00,-1.3917416743e+00
504,5.0400,-2.1841140008e+00,-1.9914183762e+00,-1.8025077378e+00,-1.6061867781e+00,-1.7851070393e+00,-1.6551595051e+00,-1.5269891752e+00,-1.3926954637e+00
505,5.0500,-2.1857522784e+00,-1.9928978071e+00,-1.8037929992e+00,-1.6072311567e+00,-1.7863903721e+00,-1.6562535311e+00,-1.5278834517e+00,-1.3933669956e+00
506,5.0600,-2.1873885201e+00,-1.9943722463e+00,-1.8050712364e+00,-1.6082673211e+00,-1.7876662319e+00,-1.6573397692e+00,-1.5287698693e+00,-1.3940308502e+00
507,5.0700,-2.1892263111e+00,-1.9960331814e+00,-1.8065212247e+00,-1.6094600286e+00,-1.7891122838e+00,-1.6585865384e+00,-1.5298075278e+00,-1.3948364599e+00
508,5.0800,-2.1908902278e+00,-1.9975255364e+00,-1.8078081156e+00,-1.6104957627e+00,-1.7903951238e+00,-1.6596752230e+00,-1.5306920852e+00,-1.3954941769e+00
509,5.0900,-2.1925035838e+00,-1.9989682930e+00,-1.8090471965e+00,-1.6114863789e+00,-1.7916302598e+00,-1.6607181067e+00,-1.5315329833e+00,-1.3961107347e+00
510,5.1000,-2.1943429202e+00,-2.0006220019e+00,-1.8104820729e+00,-1.6126566365e+00,-1.7930600623e+00,-1.6619445295e+00,-1.5325465839e+00,-1.3968887710e+00
511,5.1100,-2.1972002297e+00,-2.0032415071e+00,-1.8128280956e+00,-1.6146771843e+00,-1.7954000537e+00,-1.6640337474e+00,-1.5343763948e+00,-1.3984341154e+00
512,5.1200,-2.1998388058e+00,-2.0056517132e+00,-1.8149747010e+00,-1.6165092765e+00,-1.7975411776e+00,-1.6659319729e+00,-1.5360230171e+00,-1.3998045113e+00
513,5.1300,-2.2013613850e+00,-2.0070141374e+00,-1.8161426974e+00,-1.6174369493e+00,-1.7987088588e+00,-1.6669079177e+00,-1.5367977775e+00,-1.4003559050e+00
514,5.1400,-2.2024801020e+00,-2.0079936385e+00,-1.8169492841e+00,-1.6180266607e+00,-1.7995164316e+00,-1.6675405006e+00,-1.5372459442e+00,-1.4005985673e+00
515,5.1500,-2.2037229719e+00,-2.0090883554e+00,-1.8178612119e+00,-1.6187105114e+00,-1.8004278777e+00,-1.6682704497e+00,-1.5377844391e+00,-1.4009236496e+00
516,5.1600,-2.2060357436e+00,-2.0112018016e+00,-1.8197365075e+00,-1.6202953206e+00,-1.8022965618e+00,-1.6699178234e+00,-1.5391983869e+00,-1.4020776958e+00
517,5.1700,-2.2083330466e+00,-2.0132993641e+00,-1.8215959225e+00,-1.6218646154e+00,-1.8041494741e+00,-1.6715495079e+00,-1.5405969521e+00,-1.4032168722e+00
518,5.1800,-2.2105402203e+00,-2.0153089507e+00,-1.8233702704e+00,-1.6233526161e+00,-1.8059176278e+00,-1.6730989008e+00,-1.5419159998e+00,-1.4042797460e+00
519,5.1900,-2.2127632407e+00,-2.0173303090e+00,-1.8251529716e+00,-1.6248460666e+00,-1.8076935075e+00,-1.6746546652e+00,-1.5432402685e+00,-1.4053468393e+00
520,5.2000,-2.2148515062e+00,-2.0192199332e+00,-1.8268073385e+00,-1.6262151742e+00,-1.8093413005e+00,-1.6760851418e+00,-1.5444422883e+00,-1.4062951386e+00
521,5.2100,-2.2168407905e+00,-2.0210137437e+00,-1.8283693593e+00,-1.6274959012e+00,-1.8108970282e+00,-1.6774262650e+00,-1.5455577898e+00,-1.4071600457e+00
522,5.2200,-2.2188138252e+00,-2.0227897801e+00,-1.8299122826e+00,-1.6287563771e+00,-1.8124332177e+00,-1.6787476499e+00,-1.5466533536e+00,-1.4080048267e+00
523,5.2300,-2.2220382249e+00,-2.0257558805e+00,-1.8325802249e+00,-1.6310689433e+00,-1.8150915826e+00,-1.6811373235e+00,-1.5487631587e+00,-1.4098062065e+00
524,5.2400,-2.2252359714e+00,-2.0286954092e+00,-1.8352222968e+00,-1.6333569693e+00,-1.8177242060e+00,-1.6835020404e+00,-1.5508490102e+00,-1.4115848924e+00
525,5.2500,-2.2277144669e+00,-2.0309543103e+00,-1.8372245802e+00,-1.6350502304e+00,-1.8197216137e+00,-1.6852600674e+00,-1.5523576345e+00,-1.4128183847e+00
526,5.2600,-2.2298439256e+00,-2.0328798945e+00,-1.8389100028e+00,-1.6364447594e+00,-1.8214036699e+00,-1.6867148131e+00,-1.5535753851e+00,-1.4137744917e+00
527,5.2700,-2.2319621729e+00,-2.0347918239e+00,-1.8405795747e+00,-1.6378214436e+00,-1.8230692506e+00,-1.6881525113e+00,-1.5547755339e+00,-1.4147124558e+00
528,5.2800,-2.2328554599e+00,-2.0355500404e+00,-1.8411688415e+00,-1.6381975058e+00,-1.8236606061e+00,-1.6885699894e+00,-1.5550095551e+00,-1.4147417596e+00
529,5.2900,-2.2332442417e+00,-2.0358266325e+00,-1.8412998536e+00,-1.6381406101e+00,-1.8237953179e+00,-1.6885485672e+00,-1.5548225041e+00,-1.4143690209e+00
530,5.3000,-2.2335731991e+00,-2.0360438344e+00,-1.8413718714e+00,-1.6380251708e+00,-1.8238708440e+00,-1.6884686685e+00,-1.5545776964e+00,-1.4139393234e+00
531,5.3100,-2.2327955879e+00,-2.0352192266e+00,-1.8404702967e+00,-1.6370110191e+00,-1.8229807298e+00,-1.6874700545e+00,-1.5534628223e+00,-1.4126925872e+00
532,5.3200,-2.2325653249e+00,-2.0349191335e+00,-1.8400663969e+00,-1.6364626390e+00,-1.8225837673e+00,-1.6869467789e+00,-1.5528030253e+00,-1.4118772282e+00
533,5.3300,-2.2329169285e+00,-2.0351742528e+00,-1.8401878377e+00,-1.6364051494e+00,-1.8227076573e+00,-1.6869243435e+00,-1.5526219810e+00,-1.4115152861e+00
534,5.3400,-2.2334134795e+00,-2.0355634685e+00,-1.8404330130e+00,-1.6364609519e+00,-1.8229543395e+00,-1.6870178105e+00,-1.5525503394e+00,-1.4112562351e+00
535,5.3500,-2.2338071640e+00,-2.0358516168e+00,-1.8405795694e+00,-1.6364214166e+00,-1.8231023778e+00,-1.6870152738e+00,-1.5523855513e+00,-1.4109072907e+00
536,5.3600,-2.2340999696e+00,-2.0360401617e+00,-1.8406281148e+00,-1.6362859458e+00,-1.8231522373e+00,-1.6869165028e+00,-1.5521265776e+00,-1.4104664677e+00
537,5.3700,-2.2342660254e+00,-2.0361047902e+00,-1.8405562716e+00,-1.6360344973e+00,-1.8230821155e+00,-1.6867005771e+00,-1.5517536679e+00,-1.4099154971e+00
538,5.3800,-2.2344993342e+00,-2.0362323728e+00,-1.8405430579e+00,-1.6358371013e+00,-1.8230701716e+00,-1.6865398992e+00,-1.5514331177e+00,-1.4094138712e+00
539,5.3900,-2.2353162873e+00,-2.0369174082e+00,-1.8410585732e+00,-1.6361354333e+00,-1.8235850803e+00,-1.6868827549e+00,-1.5515919889e+00,-1.4093653085e+00
540,5.4000,-2.2366308119e+00,-2.0380766895e+00,-1.8420232058e+00,-1.6368543809e+00,-1.8245477663e+00,-1.6876527126e+00,-1.5521568015e+00,-1.4096997307e+00
541,5.4100,-2.2379999915e+00,-2.0392863778e+00,-1.8430332025e+00,-1.6376127320e+00,-1.8255545972e+00,-1.6884641180e+00,-1.5527597369e+00,-1.4100681995e+00
542,5.4200,-2.2402667447e+00,-2.0413557597e+00,-1.8448592736e+00,-1.6391357063e+00,-1.8273712849e+00,-1.6900547522e+00,-1.5541077887e+00,-1.4111423665e+00
543,5.4300,-2.2426186428e+00,-2.0435030622e+00,-1.8467565485e+00,-1.6407232610e+00,-1.8292585941e+00,-1.6917116062e+00,-1.5555180035e+00,-1.4122747064e+00
544,5.4400,-2.2447984342e+00,-2.0454835838e+00,-1.8484935576e+00,-1.6421585461e+00,-1.8309864161e+00,-1.6932140186e+00,-1.5567793528e+00,-1.4132645672e+00
545,5.4500,-2.2469818388e+00,-2.0474663280e+00,-1.8502316987e+00,-1.6435940859e+00,-1.8327153954e+00,-1.6947168086e+00,-1.5580404991e+00,-1.4142537957e+00
546,5.4600,-2.2490219910e+00,-2.0493098416e+00,-1.8518351386e+00,-1.6449002356e+00,-1.8343101083e+00,-1.6960888548e+00,-1.5591747043e+00,-1.4151203891e+00
547,5.4700,-2.2509574554e+00,-2.0510516075e+00,-1.8533404562e+00,-1.6461127986e+00,-1.8358069190e+00,-1.6973662250e+00,-1.5602176864e+00,-1.4158996441e+00
548,5.4800,-2.2517473009e+00,-2.0517100825e+00,-1.8538279269e+00,-1.6463794552e+00,-1.8362921940e+00,-1.6976793829e+00,-1.5603448406e+00,-1.4158153078e+00
549,5.4900,-2.2521232242e+00,-2.0519731726e+00,-1.8539394954e+00,-1.6462917457e+00,-1.8364033446e+00,-1.6976327849e+00,-1.5601270775e+00,-1.4154022487e+00
550,5.5000,-2.2523435464e+00,-2.0520834332e+00,-1.8539016651e+00,-1.6460589640e+00,-1.8363653566e+00,-1.6974400646e+00,-1.5597666040e+00,-1.4148504992e+00
551,5.5100,-2.2524397179e+00,-2.0520924039e+00,-1.8537844536e+00,-1.6457683821e+00,-1.8362539910e+00,-1.6971812461e+00,-1.5593477913e+00,-1.4142489075e+00
552,5.5200,-2.2525685893e+00,-2.0521302417e+00,-1.8536923681e+00,-1.6454991760e+00,-1.8361669002e+00,-1.6969451007e+00,-1.5589499737e+00,-1.4136664960e+00
553,5.5300,-2.2535010473e+00,-2.0529383267e+00,-1.8543357649e+00,-1.6459265984e+00,-1.8368164748e+00,-1.6974122451e+00,-1.5592230666e+00,-1.4137213436e+00
554,5.5400,-2.2536359372e+00,-2.0529968043e+00,-1.8542780979e+00,-1.6457050738e+00,-1.8367683352e+00,-1.6972180691e+00,-1.5588705868e+00,-1.4131880478e+00
555,5.5500,-2.2536503603e+00,-2.0529385701e+00,-1.8541080391e+00,-1.6453764561e+00,-1.8366075027e+00,-1.6969158982e+00,-1.5584146790e+00,-1.4125561168e+00
556,5.5600,-2.2537897962e+00,-2.0529960837e+00,-1.8540448700e+00,-1.6451457223e+00,-1.8365530321e+00,-1.6967136964e+00,-1.5580528715e+00,-1.4120125295e+00
557,5.5700,-2.2538603412e+00,-2.0529846908e+00,-1.8539128347e+00,-1.6448463345e+00,-1.8364292404e+00,-1.6964431215e+00,-1.5576235981e+00,-1.4114024429e+00
558,5.5800,-2.2539894717e+00,-2.0530282733e+00,-1.8538324713e+00,-1.6445955121e+00,-1.8363564434e+00,-1.6962221159e+00,-1.5572424057e+00,-1.4108388368e+00
559,5.5900,-2.2540537033e+00,-2.0530061020e+00,-1.8536859049e+00,-1.6442784511e+00,-1.8362172024e+00,-1.6959350343e+00,-1.5567957438e+00,-1.4102106445e+00
560,5.6000,-2.2562071118e+00,-2.0549866680e+00,-1.8554461450e+00,-1.6457562550e+00,-1.8379822790e+00,-1.6974666670e+00,-1.5580802214e+00,-1.4112184424e+00
561,5.6100,-2.2583674674e+00,-2.0569728558e+00,-1.8572116363e+00,-1.6472398948e+00,-1.8397523295e+00,-1.6990040799e+00,-1.5593714292e+00,-1.4122341264e+00
562,5.6200,-2.2577963678e+00,-2.0563747924e+00,-1.8565484098e+00,-1.6464670916e+00,-1.8391073084e+00,-1.6982420485e+00,-1.5584810987e+00,-1.4111954450e+00
563,5.6300,-2.2571919627e+00,-2.0557399245e+00,-1.8558447592e+00,-1.6456501063e+00,-1.8384210814e+00,-1.6974371354e+00,-1.5575463077e+00,-1.4101107846e+00
564,5.6400,-2.2565481590e+00,-2.0550626784e+00,-1.8550961826e+00,-1.6447861295e+00,-1.8376891687e+00,-1.6965861039e+00,-1.5565651192e+00,-1.4089796425e+00
565,5.6500,-2.2558397138e+00,-2.0543204829e+00,-1.8542825614e+00,-1.6438573106e+00,-1.8368918832e+00,-1.6956704154e+00,-1.5555200955e+00,-1.4077856667e+00
566,5.6600,-2.2552194447e+00,-2.0536618247e+00,-1.8535464465e+00,-1.6429983657e+00,-1.8361706403e+00,-1.6948272201e+00,-1.5545430928e+00,-1.4066541166e+00
567,5.6700,-2.2551175334e+00,-2.0534990627e+00,-1.8532808485e+00,-1.6425805159e+00,-1.8359156966e+00,-1.6944339219e+00,-1.5539976167e+00,-1.4059327847e+00
568,5.6800,-2.2550449132e+00,-2.0533622511e+00,-1.8530382151e+00,-1.6421828606e+00,-1.8356832260e+00,-1.6940616609e+00,-1.5534718703e+00,-1.4052299246e+00
569,5.6900,-2.2550110609e+00,-2.0532609760e+00,-1.8528282474e+00,-1.6418151958e+00,-1.8354830669e+00,-1.6937201150e+00,-1.5529753895e+00,-1.4045549345e+00
570,5.7000,-2.2548001041e+00,-2.0529876092e+00,-1.8524516952e+00,-1.6412873425e+00,-1.8351164694e+00,-1.6932170210e+00,-1.5523223813e+00,-1.4037289018e+00
571,5.7100,-2.2568050257e+00,-2.0548454484e+00,-1.8541102532e+00,-1.6426812431e+00,-1.8367775980e+00,-1.6946633660e+00,-1.5535355501e+00,-1.4046757784e+00
572,5.7200,-2.2586136776e+00,-2.0565185429e+00,-1.8555973971e+00,-1.6439193142e+00,-1.8382693367e+00,-1.6959493323e+00,-1.5545981383e+00,-1.4054831037e+00
573,5.7300,-2.2593126084e+00,-2.0571357895e+00,-1.8560872281e+00,-1.6442262136e+00,-1.8387700998e+00,-1.6962867499e+00,-1.5547567334e+00,-1.4054356049e+00
574,5.7400,-2.2599598751e+00,-2.0577005820e+00,-1.8565240161e+00,-1.6444797016e+00,-1.8392176711e+00,-1.6965709273e+00,-1.5548622329e+00,-1.4053353719e+00
575,5.7500,-2.2596443138e+00,-2.0573491684e+00,-1.8560938246e+00,-1.6439210751e+00,-1.8388011939e+00,-1.6960302705e+00,-1.5541824505e+00,-1.4044922366e+00
576,5.7600,-2.2588825036e+00,-2.0565712544e+00,-1.8552578862e+00,-1.6429798473e+00,-1.8379796994e+00,-1.6951020407e+00,-1.5531326262e+00,-1.4032978164e+00
577,5.7700,-2.2580795654e+00,-2.0557498675e+00,-1.8543762442e+00,-1.6419907822e+00,-1.8371118514e+00,-1.6941268439e+00,-1.5520352807e+00,-1.4020553873e+00
578,5.7800,-2.2572979884e+00,-2.0549460344e+00,-1.8535088350e+00,-1.6410129629e+00,-1.8362580545e+00,-1.6931635442e+00,-1.5509480708e+00,-1.4008216143e+00
579,5.7900,-2.2563802058e+00,-2.0540089407e+00,-1.8525118608e+00,-1.6399102419e+00,-1.8352750610e+00,-1.6920741331e+00,-1.5497382237e+00,-1.3994692729e+00
580,5.8000,-2.2554327854e+00,-2.0530406313e+00,-1.8514822072e+00,-1.6387734686e+00,-1.8342588939e+00,-1.6909512893e+00,-1.5484947275e+00,-1.3980831183e+00
581,5.8100,-2.2545694177e+00,-2.0521500664e+00,-1.8505237343e+00,-1.6377007401e+00,-1.8333130838e+00,-1.6898944683e+00,-1.5473128861e+00,-1.3967539764e+00
582,5.8200,-2.2535615484e+00,-2.0511164835e+00,-1.8494243858e+00,-1.6364902041e+00,-1.8322259236e+00,-1.6886995394e+00,-1.5459963510e+00,-1.3952939810e+00
583,5.8300,-2.2525201596e+00,-2.0500478894e+00,-1.8482891890e+00,-1.6352436042e+00,-1.8311027815e+00,-1.6874686178e+00,-1.5446441201e+00,-1.3937989131e+00
584,5.8400,-2.2525608080e+00,-2.0500231385e+00,-1.8481521928e+00,-1.6349396094e+00,-1.8309718933e+00,-1.6871957027e+00,-1.5442113565e+00,-1.3931783351e+00
585,5.8500,-2.2527949996e+00,-2.0501836731e+00,-1.8481920386e+00,-1.6348032882e+00,-1.8310171726e+00,-1.6870926833e+00,-1.5439421074e+00,-1.3927143657e+00
586,5.8600,-2.2539697798e+00,-2.0512504408e+00,-1.8490999880e+00,-1.6354904532e+00,-1.8319299272e+00,-1.6878223510e+00,-1.5444698171e+00,-1.3930084084e+00
587,5.8700,-2.2553665541e+00,-2.0525298829e+00,-1.8502108518e+00,-1.6363696619e+00,-1.8330454250e+00,-1.6887462461e+00,-1.5451831744e+00,-1.3934789033e+00
588,5.8800,-2.2565910096e+00,-2.0536400417e+00,-1.8511569323e+00,-1.6370903616e+00,-1.8339964699e+00,-1.6895100579e+00,-1.5457414578e+00,-1.3938002563e+00
589,5.8900,-2.2578051788e+00,-2.0547367310e+00,-1.8520865844e+00,-1.6377917678e+00,-1.8349307408e+00,-1.6902553639e+00,-1.5462797415e+00,-1.3941002699e+00
590,5.9000,-2.2589422244e+00,-2.0557572221e+00,-1.8529415769e+00,-1.6384208239e+00,-1.8357900214e+00,-1.6909280530e+00,-1.5467478799e+00,-1.3943328732e+00
591,5.9100,-2.2601004843e+00,-2.0567969356e+00,-1.8538143966e+00,-1.6390668068e+00,-1.8366671198e+00,-1.6916177809e+00,-1.5472325687e+00,-1.3945817760e+00
592,5.9200,-2.2612174686e+00,-2.0577946590e+00,-1.8546444819e+00,-1.6396692930e+00,-1.8375011795e+00,-1.6922643894e+00,-1.5476740588e+00,-1.3947874199e+00
593,5.9300,-2.2614254591e+00,-2.0579250324e+00,-1.8546522742e+00,-1.6395004958e+00,-1.8375165861e+00,-1.6921271866e+00,-1.5473677274e+00,-1.3942845088e+00
594,5.9400,-2.2608760269e+00,-2.0573304743e+00,-1.8539695571e+00,-1.6386795770e+00,-1.8368439700e+00,-1.6913287126e+00,-1.5464275728e+00,-1.3931775922e+00
595,5.9500,-2.2601397092e+00,-2.0565527575e+00,-1.8531079190e+00,-1.6376847597e+00,-1.8359929170e+00,-1.6903550295e+00,-1.5453158932e+00,-1.3919035148e+00
596,5.9600,-2.2587260062e+00,-2.0551262637e+00,-1.8516295396e+00,-1.6361101341e+00,-1.8345291930e+00,-1.6887914460e+00,-1.5436390935e+00,-1.3900924307e+00
597,5.9700,-2.2573420772e+00,-2.0537260883e+00,-1.8501741911e+00,-1.6345553260e+00,-1.8330879161e+00,-1.6872486758e+00,-1.5419815153e+00,-1.3882989541e+00
598,5.9800,-2.2560940482e+00,-2.0524533112e+00,-1.8488372747e+00,-1.6331091377e+00,-1.8317638356e+00,-1.6858173069e+00,-1.5404293657e+00,-1.3866044540e+00
599,5.9900,-2.2547754280e+00,-2.0511102300e+00,-1.8474305408e+00,-1.6315939102e+00,-1.8303697615e+00,-1.6843168666e+00,-1.5388091737e+00,-1.3848431353e+00
600,6.0000,-2.2535068231e+00,-2.0498128504e+00,-1.8460657450e+00,-1.6301172000e+00,-1.8290173297e+00,-1.6828557381e+00,-1.5372262514e+00,-1.3831172069e+00
601,6.0100,-2.2510323867e+00,-2.0473844854e+00,-1.8436512419e+00,-1.6276817077e+00,-1.8266299652e+00,-1.6804075210e+00,-1.5347085527e+00,-1.3805158703e+00
602,6.0200,-2.2485243695e+00,-2.0449197293e+00,-1.8411973762e+00,-1.6252038056e+00,-1.8242020848e+00,-1.6779182948e+00,-1.5321491558e+00,-1.3778720140e+00
603,6.0300,-2.2477248276e+00,-2.0441183459e+00,-1.8403511086e+00,-1.6242633549e+00,-1.8233781341e+00,-1.6769832678e+00,-1.5310888092e+00,-1.3766631823e+00
604,6.0400,-2.2464522962e+00,-2.0428686875e+00,-1.8390820314e+00,-1.6229281747e+00,-1.8221311983e+00,-1.6756481896e+00,-1.5296505063e+00,-1.3750991900e+00
605,6.0500,-2.2461855646e+00,-2.0425904730e+00,-1.8387450980e+00,-1.6224784161e+00,-1.8218133472e+00,-1.6752099052e+00,-1.5290741301e+00,-1.3743576450e+00
606,6.0600,-2.2460515076e+00,-2.0424355890e+00,-1.8385213503e+00,-1.6221303028e+00,-1.8216079140e+00,-1.6748761154e+00,-1.5285942571e+00,-1.3737040455e+00
607,6.0700,-2.2455779475e+00,-2.0419499258e+00,-1.8379773482e+00,-1.6214750327e+00,-1.8210826733e+00,-1.6742321752e+00,-1.5278145423e+00,-1.3727622219e+00
608,6.0800,-2.2452144908e+00,-2.0415672591e+00,-1.8375293290e+00,-1.6209084646e+00,-1.8206524613e+00,-1.6736789948e+00,-1.5271213487e+00,-1.3719024629e+00
609,6.0900,-2.2457223804e+00,-2.0420229458e+00,-1.8378844350e+00,-1.6211045599e+00,-1.8210286927e+00,-1.6738939756e+00,-1.5271592664e+00,-1.3717353533e+00
610,6.1000,-2.2463712691e+00,-2.0426155918e+00,-1.8383727362e+00,-1.6214299730e+00,-1.8215393547e+00,-1.6742380207e+00,-1.5273213084e+00,-1.3716874960e+00
611,6.1100,-2.2465801975e+00,-2.0428041135e+00,-1.8384895162e+00,-1.6214159658e+00,-1.8216741156e+00,-1.6742398685e+00,-1.5271697929e+00,-1.3713518826e+00
612,6.1200,-2.2471274011e+00,-2.0433177431e+00,-1.8389161799e+00,-1.6216937003e+00,-1.8221164289e+00,-1.6745387641e+00,-1.5273035027e+00,-1.3712876363e+00
613,6.1300,-2.2475867921e+00,-2.0437406164e+00,-1.8392504825e+00,-1.6218787535e+00,-1.8224660632e+00,-1.6747451608e+00,-1.5273456090e+00,-1.3711334313e+00
614,6.1400,-2.2479050634e+00,-2.0440237681e+00,-1.8394468833e+00,-1.6219283805e+00,-1.8226774414e+00,-1.6748158926e+00,-1.5272548190e+00,-1.3708494873e+00
615,6.1500,-2.2479298973e+00,-2.0440228211e+00,-1.8393705321e+00,-1.6217191726e+00,-1.8226174449e+00,-1.6746240403e+00,-1.5269114007e+00,-1.3703245589e+00
616,6.1600,-2.2469572134e+00,-2.0430673312e+00,-1.8383876948e+00,-1.6206592126e+00,-1.8216556454e+00,-1.6735671635e+00,-1.5257421230e+00,-1.3690175484e+00
617,6.1700,-2.2458463430e+00,-2.0419761374e+00,-1.8372715112e+00,-1.6194683939e+00,-1.8205601873e+00,-1.6723792137e+00,-1.5244442730e+00,-1.3675845899e+00
618,6.1800,-2.2447384703e+00,-2.0408840422e+00,-1.8361509934e+00,-1.6182701598e+00,-1.8194601354e+00,-1.6711845671e+00,-1.5231380131e+00,-1.3661418246e+00
619,6.1900,-2.2443157676e+00,-2.0404517614e+00,-1.8356627956e+00,-1.6176723579e+00,-1.8189940430e+00,-1.6705954071e+00,-1.5224091479e+00,-1.3652468357e+00
620,6.2000,-2.2445095896e+00,-2.0406141662e+00,-1.8357458392e+00,-1.6176190157e+00,-1.8190998168e+00,-1.6705553877e+00,-1.5222066418e+00,-1.3648538817e+00
621,6.2100,-2.2446866316e+00,-2.0407578798e+00,-1.8358087611e+00,-1.6175446737e+00,-1.8191847154e+00,-1.6704949991e+00,-1.5219842912e+00,-1.3644417020e+00
622,6.2200,-2.2449146046e+00,-2.0409489009e+00,-1.8359158307e+00,-1.6175116119e+00,-1.8193135225e+00,-1.6704765526e+00,-1.5218021758e+00,-1.3640681990e+00
623,6.2300,-2.2437700068e+00,-2.0398261264e+00,-1.8347724049e+00,-1.6163001077e+00,-1.8181936498e+00,-1.6692643082e+00,-1.5204815850e+00,-1.3626155508e+00
624,6.2400,-2.2425166337e+00,-2.0385948150e+00,-1.8335208483e+00,-1.6149812200e+00,-1.8169650063e+00,-1.6679450057e+00,-1.5190557064e+00,-1.3610596100e+00
625,6.2500,-2.2413632469e+00,-2.0374563514e+00,-1.8323545749e+00,-1.6137392236e+00,-1.8158206782e+00,-1.6667049552e+00,-1.5177039478e+00,-1.3595722909e+00
626,6.2600,-2.2401894938e+00,-2.0362942294e+00,-1.8311618115e+00,-1.6124682935e+00,-1.8146492805e+00,-1.6654368070e+00,-1.5163232849e+00,-1.3580554530e+00
627,6.2700,-2.2395398074e+00,-2.0356396525e+00,-1.8304562039e+00,-1.6116589335e+00,-1.8139626536e+00,-1.6646371272e+00,-1.5153925356e+00,-1.3569666465e+00
628,6.2800,-2.2395817262e+00,-2.0356547439e+00,-1.8303945018e+00,-1.6114622535e+00,-1.8139171144e+00,-1.6644583807e+00,-1.5150603180e+00,-1.3564503824e+00
629,6.2900,-2.2397280981e+00,-2.0357673627e+00,-1.8304241740e+00,-1.6113512078e+00,-1.8139626643e+00,-1.6643664741e+00,-1.5148111995e+00,-1.3560137227e+00
630,6.3000,-2.2397541630e+00,-2.0357617085e+00,-1.8303383437e+00,-1.6111284515e+00,-1.8138923634e+00,-1.6641623106e+00,-1.5144535869e+00,-1.3554727654e+00
631,6.3100,-2.2397381971e+00,-2.0357136958e+00,-1.8302102588e+00,-1.6108639813e+00,-1.8137800570e+00,-1.6639161262e+00,-1.5140543279e+00,-1.3548909272e+00
632,6.3200,-2.2388488299e+00,-2.0348245546e+00,-1.8292783099e+00,-1.6098396502e+00,-1.8128692558e+00,-1.6628975625e+00,-1.5129118791e+00,-1.3535997156e+00
633,6.3300,-2.2378779957e+00,-2.0338608418e+00,-1.8282794369e+00,-1.6087564535e+00,-1.8118963335e+00,-1.6618151509e+00,-1.5117054334e+00,-1.3522457196e+00
634,6.3400,-2.2374800922e+00,-2.0334520281e+00,-1.8278153435e+00,-1.6081843969e+00,-1.8114582228e+00,-1.6612484268e+00,-1.5109948876e+00,-1.3513659287e+00
635,6.3500,-2.2371228760e+00,-2.0330791055e+00,-1.8273822848e+00,-1.6076383466e+00,-1.8110500393e+00,-1.6607094554e+00,-1.5103098079e+00,-1.3505091097e+00
636,6.3600,-2.2368777385e+00,-2.0328121721e+00,-1.8270490850e+00,-1.6071856735e+00,-1.8107408735e+00,-1.6602656916e+00,-1.5097160639e+00,-1.3497394722e+00
637,6.3700,-2.2369917807e+00,-2.0328934450e+00,-1.8270500216e+00,-1.6070494009e+00,-1.8107619399e+00,-1.6601447511e+00,-1.5094352026e+00,-1.3492697266e+00
638,6.3800,-2.2370957358e+00,-2.0329653516e+00,-1.8270413642e+00,-1.6069023973e+00,-1.8107723205e+00,-1.6600141865e+00,-1.5091448964e+00,-1.3487898433e+00
639,6.3900,-2.2365297139e+00,-2.0323930624e+00,-1.8264178381e+00,-1.6061751900e+00,-1.8101698003e+00,-1.6592951436e+00,-1.5082918858e+00,-1.3477759271e+00
640,6.4000,-2.2354158887e+00,-2.0312934374e+00,-1.8252897053e+00,-1.6049699617e+00,-1.8090631317e+00,-1.6580925423e+00,-1.5069765177e+00,-1.3463228226e+00
641,6.4100,-2.2349604115e+00,-2.0308382736e+00,-1.8247862859e+00,-1.6043625831e+00,-1.8085763847e+00,-1.6574969055e+00,-1.5062508700e+00,-1.3454368344e+00
642,6.4200,-2.2339397970e+00,-2.0298443362e+00,-1.8237743656e+00,-1.6032821869e+00,-1.8075847036e+00,-1.6564187462e+00,-1.5050670363e+00,-1.3441201292e+00
643,6.4300,-2.2326793627e+00,-2.0286134758e+00,-1.8225292943e+00,-1.6019736351e+00,-1.8063599293e+00,-1.6551113934e+00,-1.5036584851e+00,-1.3425840726e+00
644,6.4400,-2.2314391573e+00,-2.0273975616e+00,-1.8212936789e+00,-1.6006686835e+00,-1.8051437266e+00,-1.6538094079e+00,-1.5022521199e+00,-1.3410469296e+00
645,6.4500,-2.2300240636e+00,-2.0260085710e+00,-1.8198879343e+00,-1.5991979194e+00,-1.8037577981e+00,-1.6523404027e+00,-1.5006821665e+00,-1.3393505814e+00
646,6.4600,-2.2287451499e+00,-2.0247496854e+00,-1.8186056924e+00,-1.5978432411e+00,-1.8024943250e+00,-1.6509896769e+00,-1.4992259856e+00,-1.3377629406e+00
647,6.4700,-2.2274839846e+00,-2.0235041878e+00,-1.8173325848e+00,-1.5964933358e+00,-1.8012396545e+00,-1.6496447971e+00,-1.4977729507e+00,-1.3361758566e+00
648,6.4800,-2.2262170981e+00,-2.0222499840e+00,-1.8160486963e+00,-1.5951313957e+00,-1.7999741680e+00,-1.6482880458e+00,-1.4963075599e+00,-1.3345764781e+00
649,6.4900,-2.2250654597e+00,-2.0211054279e+00,-1.8148684560e+00,-1.5938663948e+00,-1.7988114844e+00,-1.6470301548e+00,-1.4949368389e+00,-1.3330670875e+00
650,6.5000,-2.2240839647e+00,-2.0201231679e+00,-1.8138420331e+00,-1.5927456636e+00,-1.7978014419e+00,-1.6459192472e+00,-1.4937070945e+00,-1.3316919812e+00
651,6.5100,-2.2242089460e+00,-2.0202385932e+00,-1.8138991306e+00,-1.5926867341e+00,-1.7978816786e+00,-1.6458695178e+00,-1.4935075191e+00,-1.3313120308e+00
652,6.5200,-2.2244406977e+00,-2.0204559606e+00,-1.8140534073e+00,-1.5927199818e+00,-1.7980592986e+00,-1.6459127247e+00,-1.4933966430e+00,-1.3310164525e+00
653,6.5300,-2.2257173045e+00,-2.0217090785e+00,-1.8152269571e+00,-1.5937468512e+00,-1.7992575056e+00,-1.6469539136e+00,-1.4942568208e+00,-1.3316588364e+00
654,6.5400,-2.2265668152e+00,-2.0225481168e+00,-1.8160010590e+00,-1.5943919107e+00,-1.8000548822e+00,-1.6476107485e+00,-1.4947489890e+00,-1.3319506223e+00
655,6.5500,-2.2273284560e+00,-2.0232973344e+00,-1.8166841207e+00,-1.5949454425e+00,-1.8007609968e+00,-1.6481762827e+00,-1.4951504158e+00,-1.3321528382e+00
656,6.5600,-2.2279234853e+00,-2.0238817233e+00,-1.8172046576e+00,-1.5953395435e+00,-1.8013045086e+00,-1.6485818431e+00,-1.4953948710e+00,-1.3322016058e+00
657,6.5700,-2.2284903698e+00,-2.0244357602e+00,-1.8176933974e+00,-1.5957011839e+00,-1.8018156511e+00,-1.6489553777e+00,-1.4956078993e+00,-1.3322199381e+00
658,6.5800,-2.2293739656e+00,-2.0252967269e+00,-1.8184783694e+00,-1.5963462097e+00,-1.8026262375e+00,-1.6496125073e+00,-1.4960895710e+00,-1.3324917161e+00
659,6.5900,-2.2309764743e+00,-2.0268534101e+00,-1.8199349291e+00,-1.5976355234e+00,-1.8041126724e+00,-1.6509159757e+00,-1.4971893319e+00,-1.3333525660e+00
660,6.6000,-2.2302130505e+00,-2.0261341709e+00,-1.8192161778e+00,-1.5968678262e+00,-1.8034252818e+00,-1.6501380093e+00,-1.4963022767e+00,-1.3323295686e+00
661,6.6100,-2.2293143917e+00,-2.0252796575e+00,-1.8183624157e+00,-1.5959658268e+00,-1.8026024579e+00,-1.6492259322e+00,-1.4952827638e+00,-1.3311762420e+00
662,6.6200,-2.2284619522e+00,-2.0244649653e+00,-1.8175416230e+00,-1.5950891867e+00,-1.8018115133e+00,-1.6483415243e+00,-1.4942866506e+00,-1.3300417744e+00
663,6.6300,-2.2277083279e+00,-2.0237430681e+00,-1.8168078387e+00,-1.5942937268e+00,-1.8011068856e+00,-1.6475398648e+00,-1.4933698515e+00,-1.3289831283e+00
664,6.6400,-2.2270616633e+00,-2.0231216443e+00,-1.8161673063e+00,-1.5935831263e+00,-1.8004947835e+00,-1.6468252915e+00,-1.4925345531e+00,-1.3279999185e+00
665,6.6500,-2.2262842084e+00,-2.0223692209e+00,-1.8153958765e+00,-1.5927422369e+00,-1.7997507452e+00,-1.6459810510e+00,-1.4915718367e+00,-1.3268917219e+00
666,6.6600,-2.2253720696e+00,-2.0214851364e+00,-1.8144976848e+00,-1.5917815281e+00,-1.7988811607e+00,-1.6450146641e+00,-1.4904915795e+00,-1.3256719608e+00
667,6.6700,-2.2239532774e+00,-2.0201078971e+00,-1.8131232438e+00,-1.5903657793e+00,-1.7975380752e+00,-1.6435869887e+00,-1.4889645781e+00,-1.3240232093e+00
668,6.6800,-2.2235342559e+00,-2.0197051767e+00,-1.8126947158e+00,-1.5898610627e+00,-1.7971466864e+00,-1.6430729409e+00,-1.4883135675e+00,-1.3232106204e+00
669,6.6900,-2.2232335422e+00,-2.0194156221e+00,-1.8123740394e+00,-1.5894584623e+00,-1.7968627722e+00,-1.6426623272e+00,-1.4877618334e+00,-1.3224928037e+00
670,6.7000,-2.2229959989e+00,-2.0191844344e+00,-1.8121069861e+00,-1.5891046633e+00,-1.7966313517e+00,-1.6423022253e+00,-1.4872585097e+00,-1.3218210845e+00
671,6.7100,-2.2207353774e+00,-2.0170063160e+00,-1.8099792933e+00,-1.5869919395e+00,-1.7945452792e+00,-1.6401588424e+00,-1.4850474899e+00,-1.3195260718e+00
672,6.7200,-2.2190536731e+00,-2.0153980840e+00,-1.8084072945e+00,-1.5854143880e+00,-1.7930128730e+00,-1.6385563980e+00,-1.4833611928e+00,-1.3177351527e+00
673,6.7300,-2.2176910090e+00,-2.0141002465e+00,-1.8071333884e+00,-1.5841183477e+00,-1.7917748213e+00,-1.6372416900e+00,-1.4819533133e+00,-1.3162100610e+00
674,6.7400,-2.2170805185e+00,-2.0135411516e+00,-1.8065782781e+00,-1.5835134218e+00,-1.7912493718e+00,-1.6366284231e+00,-1.4812303925e+00,-1.3153470597e+00
675,6.7500,-2.2166137394e+00,-2.0131176488e+00,-1.8061510958e+00,-1.5830287832e+00,-1.7908516427e+00,-1.6361370115e+00,-1.4806240499e+00,-1.3145955655e+00
676,6.7600,-2.2161015413e+00,-2.0126464185e+00,-1.8056741996e+00,-1.5824927028e+00,-1.7904039066e+00,-1.6355946958e+00,-1.4799662306e+00,-1.3137923238e+00
677,6.7700,-2.2154559855e+00,-2.0120406530e+00,-1.8050625280e+00,-1.5818226145e+00,-1.7898212449e+00,-1.6349182728e+00,-1.4791757620e+00,-1.3128586507e+00
678,6.7800,-2.2145621020e+00,-2.0111898325e+00,-1.8042093997e+00,-1.5809154629e+00,-1.7889961773e+00,-1.6340046456e+00,-1.4781533137e+00,-1.3116986493e+00
679,6.7900,-2.2137549518e+00,-2.0104209861e+00,-1.8034331514e+00,-1.5800794780e+00,-1.7882475121e+00,-1.6331636450e+00,-1.4771996295e+00,-1.3106032430e+00
680,6.8000,-2.2130336512e+00,-2.0097321843e+00,-1.8027317436e+00,-1.5793133934e+00,-1.7875738234e+00,-1.6323933168e+00,-1.4763128903e+00,-1.3095713915e+00
681,6.8100,-2.2143963189e+00,-2.0110887546e+00,-1.8040244462e+00,-1.5804729298e+00,-1.7888918298e+00,-1.6335643079e+00,-1.4773093508e+00,-1.3103529753e+00
682,6.8200,-2.2160137531e+00,-2.0126890772e+00,-1.8055496119e+00,-1.5818527425e+00,-1.7904412862e+00,-1.6349586070e+00,-1.4785208659e+00,-1.3113407233e+00
683,6.8300,-2.2177361750e+00,-2.0143879798e+00,-1.8071676676e+00,-1.5833202518e+00,-1.7920831833e+00,-1.6364418139e+00,-1.4798182421e+00,-1.3124115984e+00
684,6.8400,-2.2182244427e+00,-2.0148890776e+00,-1.8076328482e+00,-1.5836909993e+00,-1.7925777386e+00,-1.6368129581e+00,-1.4800438331e+00,-1.3124583344e+00
685,6.8500,-2.2185767177e+00,-2.0152562531e+00,-1.8079672120e+00,-1.5839354033e+00,-1.7929417778e+00,-1.6370566125e+00,-1.4801456593e+00,-1.3123859117e+00
686,6.8600,-2.2179130248e+00,-2.0146403702e+00,-1.8073554058e+00,-1.5832772470e+00,-1.7923597676e+00,-1.6363890638e+00,-1.4793722190e+00,-1.3114775727e+00
687,6.8700,-2.2168635515e+00,-2.0136476407e+00,-1.8063773917e+00,-1.5822661270e+00,-1.7914114309e+00,-1.6353660178e+00,-1.4782549047e+00,-1.3102385542e+00
688,6.8800,-2.2159416122e+00,-2.0127752881e+00,-1.8055115215e+00,-1.5813573786e+00,-1.7905744712e+00,-1.6344478759e+00,-1.4772357377e+00,-1.3090902821e+00
689,6.8900,-2.2149939921e+00,-2.0118750746e+00,-1.8046155034e+00,-1.5804159899e+00,-1.7897069013e+00,-1.6334979369e+00,-1.4761835679e+00,-1.3079077305e+00
690,6.9000,-2.2138824781e+00,-2.0108109536e+00,-1.8035560066e+00,-1.5793121200e+00,-1.7886754598e+00,-1.6323856155e+00,-1.4749708828e+00,-1.3065670580e+00
691,6.9100,-2.2126136319e+00,-2.0095911227e+00,-1.8023426399e+00,-1.5780566754e+00,-1.7874896852e+00,-1.6311216304e+00,-1.4736093093e+00,-1.3050806018e+00
692,6.9200,-2.2113132344e+00,-2.0083379396e+00,-1.8010945064e+00,-1.5767654099e+00,-1.7862688436e+00,-1.6298222085e+00,-1.4722121564e+00,-1.3035586684e+00
693,6.9300,-2.2099633621e+00,-2.0070329115e+00,-1.7997918998e+00,-1.5754166554e+00,-1.7849930658e+00,-1.6284662649e+00,-1.4707568900e+00,-1.3019769569e+00
694,6.9400,-2.2086415237e+00,-2.0057524338e+00,-1.7985105654e+00,-1.5740859304e+00,-1.7837382759e+00,-1.6271291534e+00,-1.4693184886e+00,-1.3004102198e+00
695,6.9500,-2.2079997528e+00,-2.0051375252e+00,-1.7978766061e+00,-1.5733793664e+00,-1.7831283287e+00,-1.6264227172e+00,-1.4684939029e+00,-1.2994366924e+00
696,6.9600,-2.2082250797e+00,-2.0053740821e+00,-1.7980735842e+00,-1.5734766452e+00,-1.7833468951e+00,-1.6265273967e+00,-1.4684595632e+00,-1.2992276787e+00
697,6.9700,-2.2090636572e+00,-2.0062119150e+00,-1.7988571690e+00,-1.5741416913e+00,-1.7841536204e+00,-1.6272024202e+00,-1.4689766522e+00,-1.2995488617e+00
698,6.9800,-2.2102686635e+00,-2.0074091992e+00,-1.7999916221e+00,-1.5751465443e+00,-1.7853123430e+00,-1.6282185831e+00,-1.4698233517e+00,-1.3001867052e+00
699,6.9900,-2.2113060281e+00,-2.0084381506e+00,-1.8009584181e+00,-1.5759860629e+00,-1.7863029002e+00,-1.6290692228e+00,-1.4705079396e+00,-1.3006668466e+00
700,7.0000,-2.2123154074e+00,-2.0094368609e+00,-1.8018927706e+00,-1.5767909334e+00,-1.7872604988e+00,-1.6298860090e+00,-1.4711578249e+00,-1.3011114584e+00
701,7.0100,-2.2132569876e+00,-2.0103848497e+00,-1.8027954738e+00,-1.5775861667e+00,-1.7881934540e+00,-1.6306833446e+00,-1.4717949135e+00,-1.3015517295e+00
702,7.0200,-2.2144370049e+00,-2.0115634052e+00,-1.8039207068e+00,-1.5785949204e+00,-1.7893512817e+00,-1.6316941904e+00,-1.4726350222e+00,-1.3021846192e+00
703,7.0300,-2.2140746486e+00,-2.0112551526e+00,-1.8036257510e+00,-1.5782648740e+00,-1.7891013802e+00,-1.6313406513e+00,-1.4721612034e+00,-1.3015641243e+00
704,7.0400,-2.2134264758e+00,-2.0106657067e+00,-1.8030549796e+00,-1.5776658594e+00,-1.7885741672e+00,-1.6307178602e+00,-1.4714261555e+00,-1.3006910528e+00
705,7.0500,-2.2116868896e+00,-2.0090130086e+00,-1.8014547150e+00,-1.5760791030e+00,-1.7870192426e+00,-1.6290977964e+00,-1.4697273734e+00,-1.2988929094e+00
706,7.0600,-2.2097671837e+00,-2.0071816938e+00,-1.7996779918e+00,-1.5743191200e+00,-1.7852862778e+00,-1.6273049987e+00,-1.4678611180e+00,-1.2969329372e+00
707,7.0700,-2.2080163248e+00,-2.0055091595e+00,-1.7980485918e+00,-1.5726930129e+00,-1.7836986251e+00,-1.6256502518e+00,-1.4661249207e+00,-1.2950938734e+00
708,7.0800,-2.2077460574e+00,-2.0052931145e+00,-1.7978452891e+00,-1.5724527318e+00,-1.7835437381e+00,-1.6253845273e+00,-1.4657322913e+00,-1.2945476899e+00
709,7.0900,-2.2067228458e+00,-2.0043486123e+00,-1.7969400246e+00,-1.5715416619e+00,-1.7826825353e+00,-1.6244450016e+00,-1.4646970973e+00,-1.2933912432e+00
710,7.1000,-2.2053525949e+00,-2.0030659050e+00,-1.7957058545e+00,-1.5703124760e+00,-1.7814899030e+00,-1.6231871519e+00,-1.4633560859e+00,-1.2919418332e+00
711,7.1100,-2.2035968921e+00,-2.0014119398e+00,-1.7941176587e+00,-1.5687502516e+00,-1.7799449144e+00,-1.6215909716e+00,-1.4616923469e+00,-1.2901875514e+00
712,7.1200,-2.2023109604e+00,-2.0002254777e+00,-1.7929909068e+00,-1.5676389687e+00,-1.7788574668e+00,-1.6204510016e+00,-1.4604798988e+00,-1.2888755170e+00
713,7.1300,-2.2011918868e+00,-1.9991966243e+00,-1.7920123009e+00,-1.5666655939e+00,-1.7779178903e+00,-1.6194511082e+00,-1.4594000784e+00,-1.2876885779e+00
714,7.1400,-2.2001462918e+00,-1.9982351074e+00,-1.7910949457e+00,-1.5657472262e+00,-1.7770383835e+00,-1.6185082511e+00,-1.4583742581e+00,-1.2865524770e+00
715,7.1500,-2.1990136382e+00,-1.9971846455e+00,-1.7900867931e+00,-1.5647362640e+00,-1.7760674017e+00,-1.6174736559e+00,-1.4572565537e+00,-1.2853245249e+00
716,7.1600,-2.1979397199e+00,-1.9961908673e+00,-1.7891320929e+00,-1.5637738476e+00,-1.7751508874e+00,-1.6164879354e+00,-1.4561819048e+00,-1.2841331879e+00
717,7.1700,-2.1988521452e+00,-1.9971537397e+00,-1.7900972156e+00,-1.5646829225e+00,-1.7761636000e+00,-1.6173761691e+00,-1.4569236435e+00,-1.2846944463e+00
718,7.1800,-2.1996847347e+00,-1.9980339939e+00,-1.7909774804e+00,-1.5655056537e+00,-1.7770901907e+00,-1.6181791852e+00,-1.4575812581e+00,-1.2851730054e+00
719,7.1900,-2.1997933042e+00,-1.9982088375e+00,-1.7911734452e+00,-1.5656697692e+00,-1.7773295296e+00,-1.6183206610e+00,-1.4576030025e+00,-1.2850431288e+00
720,7.2000,-2.1993342429e+00,-1.9978302973e+00,-1.7908323791e+00,-1.5653169203e+00,-1.7770295514e+00,-1.6179428996e+00,-1.4571258155e+00,-1.2844362572e+00
721,7.2100,-2.1987549725e+00,-1.9973306590e+00,-1.7903696206e+00,-1.5648421267e+00,-1.7766074683e+00,-1.6174435708e+00,-1.4565279595e+00,-1.2837100775e+00
722,7.2200,-2.1991280942e+00,-1.9977746040e+00,-1.7908332247e+00,-1.5652663956e+00,-1.7771055463e+00,-1.6178538269e+00,-1.4568220908e+00,-1.2838499159e+00
723,7.2300,-2.1997451108e+00,-1.9984550888e+00,-1.7915255412e+00,-1.5659105659e+00,-1.7778318761e+00,-1.6184860224e+00,-1.4573316960e+00,-1.2841981579e+00
724,7.2400,-2.2004036424e+00,-1.9991724378e+00,-1.7922502213e+00,-1.5665824768e+00,-1.7785904804e+00,-1.6191469056e+00,-1.4578667647e+00,-1.2845688018e+00
725,7.2500,-2.2009309016e+00,-1.9997552470e+00,-1.7928385081e+00,-1.5671175783e+00,-1.7792127585e+00,-1.6196708822e+00,-1.4582654140e+00,-1.2848046596e+00
726,7.2600,-2.2012803133e+00,-2.0001586058e+00,-1.7932463317e+00,-1.5674719603e+00,-1.7796533378e+00,-1.6200150802e+00,-1.4584865134e+00,-1.2848657209e+00
727,7.2700,-2.2010829743e+00,-2.0000261754e+00,-1.7931336357e+00,-1.5673264778e+00,-1.7795753628e+00,-1.6198537366e+00,-1.4582178178e+00,-1.2844563906e+00
728,7.2800,-2.2003556095e+00,-1.9993757857e+00,-1.7925189171e+00,-1.5666998723e+00,-1.7789976784e+00,-1.6192053372e+00,-1.4574773616e+00,-1.2835941535e+00
729,7.2900,-2.2007810443e+00,-1.9998616866e+00,-1.7930200976e+00,-1.5671622987e+00,-1.7795436545e+00,-1.6196454026e+00,-1.4577895963e+00,-1.2837458820e+00
730,7.3000,-2.2010910553e+00,-2.0002302356e+00,-1.7934021185e+00,-1.5675039454e+00,-1.7799693164e+00,-1.6199658698e+00,-1.4579829988e+00,-1.2837796654e+00
731,7.3100,-2.2010979175e+00,-2.0002990253e+00,-1.7934882111e+00,-1.5675543918e+00,-1.7800981579e+00,-1.6199949049e+00,-1.4578905256e+00,-1.2835337333e+00
732,7.3200,-2.2012316344e+00,-2.0004886178e+00,-1.7936887855e+00,-1.5677124902e+00,-1.7803398835e+00,-1.6201340660e+00,-1.4579050365e+00,-1.2833910998e+00
733,7.3300,-2.2009969135e+00,-2.0003194704e+00,-1.7935429457e+00,-1.5675403965e+00,-1.7802335273e+00,-1.6199409430e+00,-1.4576036772e+00,-1.2829507053e+00
734,7.3400,-2.2000046894e+00,-1.9994084200e+00,-1.7926732270e+00,-1.5666664764e+00,-1.7794019528e+00,-1.6190426912e+00,-1.4566181559e+00,-1.2818494214e+00
735,7.3500,-2.1989322583e+00,-1.9984148559e+00,-1.7917190258e+00,-1.5657063611e+00,-1.7784859470e+00,-1.6180585424e+00,-1.4555458235e+00,-1.2806609378e+00
736,7.3600,-2.1978041537e+00,-1.9973645252e+00,-1.7907069837e+00,-1.5646872632e+00,-1.7775121840e+00,-1.6170155858e+00,-1.4544138034e+00,-1.2794120066e+00
737,7.3700,-2.1962630491e+00,-1.9959070263e+00,-1.7892964443e+00,-1.5632816537e+00,-1.7761420507e+00,-1.6155821225e+00,-1.4528994288e+00,-1.2777916742e+00
738,7.3800,-2.1946510836e+00,-1.9943782384e+00,-1.7878154019e+00,-1.5618076243e+00,-1.7747020172e+00,-1.6140792997e+00,-1.4513171804e+00,-1.2761060102e+00
739,7.3900,-2.1939591638e+00,-1.9937610319e+00,-1.7872313060e+00,-1.5612081354e+00,-1.7741565852e+00,-1.6134574456e+00,-1.4505973964e+00,-1.2752581771e+00
740,7.4000,-2.1934177410e+00,-1.9932913078e+00,-1.7867906064e+00,-1.5607464891e+00,-1.7737541356e+00,-1.6129748942e+00,-1.4500125314e+00,-1.2745398708e+00
741,7.4100,-2.1920820347e+00,-1.9920410117e+00,-1.7855905590e+00,-1.5595555861e+00,-1.7725977900e+00,-1.6117527784e+00,-1.4487080086e+00,-1.2731285888e+00
742,7.4200,-2.1902116067e+00,-1.9902639747e+00,-1.7838746788e+00,-1.5578634887e+00,-1.7709272119e+00,-1.6100253339e+00,-1.4469092456e+00,-1.2712370705e+00
743,7.4300,-2.1886102233e+00,-1.9887470831e+00,-1.7824090113e+00,-1.5564100559e+00,-1.7695059323e+00,-1.6085394737e+00,-1.4453438461e+00,-1.2695697039e+00
744,7.4400,-2.1886558703e+00,-1.9888650148e+00,-1.7825548700e+00,-1.5565308665e+00,-1.7696926635e+00,-1.6086384374e+00,-1.4453314825e+00,-1.2694124440e+00
745,7.4500,-2.1893472762e+00,-1.9896210170e+00,-1.7833272584e+00,-1.5572617443e+00,-1.7705043705e+00,-1.6093520156e+00,-1.4459204671e+00,-1.2698393583e+00
746,7.4600,-2.1897196265e+00,-1.9900607477e+00,-1.7837873527e+00,-1.5576859817e+00,-1.7710032815e+00,-1.6097581974e+00,-1.4462082128e+00,-1.2699723944e+00
747,7.4700,-2.1900519256e+00,-1.9904575885e+00,-1.7842021318e+00,-1.5580628796e+00,-1.7714566576e+00,-1.6101175356e+00,-1.4464482123e+00,-1.2700571884e+00
748,7.4800,-2.1904821906e+00,-1.9909469406e+00,-1.7847039224e+00,-1.5585210034e+00,-1.7719967403e+00,-1.6105593996e+00,-1.4467667368e+00,-1.2702164768e+00
749,7.4900,-2.1908813844e+00,-1.9914034700e+00,-1.7851714959e+00,-1.5589438298e+00,-1.7725025833e+00,-1.6109661486e+00,-1.4470495558e+00,-1.2703397350e+00
750,7.5000,-2.1912748594e+00,-1.9918516040e+00,-1.7856288084e+00,-1.5593553292e+00,-1.7729984874e+00,-1.6113614405e+00,-1.4473201253e+00,-1.2704506614e+00
751,7.5100,-2.1914406254e+00,-1.9921122675e+00,-1.7859378232e+00,-1.5596590141e+00,-1.7733446588e+00,-1.6116422240e+00,-1.4475070231e+00,-1.2705057486e+00
752,7.5200,-2.1915959732e+00,-1.9923614775e+00,-1.7862356387e+00,-1.5599528085e+00,-1.7736843709e+00,-1.6119092176e+00,-1.4476749956e+00,-1.2705385765e+00
753,7.5300,-2.1903476333e+00,-1.9912447602e+00,-1.7852154780e+00,-1.5589905027e+00,-1.7727131156e+00,-1.6109021343e+00,-1.4466120336e+00,-1.2693927904e+00
754,7.5400,-2.1890650830e+00,-1.9900901033e+00,-1.7841530839e+00,-1.5579810160e+00,-1.7716978395e+00,-1.6098502133e+00,-1.4455030399e+00,-1.2681994614e+00
755,7.5500,-2.1878842053e+00,-1.9890325238e+00,-1.7831822386e+00,-1.5570561469e+00,-1.7707739598e+00,-1.6088844733e+00,-1.4444748066e+00,-1.2670809163e+00
756,7.5600,-2.1867067070e+00,-1.9879722895e+00,-1.7822028273e+00,-1.5561167669e+00,-1.7698400113e+00,-1.6079064292e+00,-1.4434320123e+00,-1.2659454931e+00
757,7.5700,-2.1858168828e+00,-1.9871928934e+00,-1.7814975030e+00,-1.5554438272e+00,-1.7691860453e+00,-1.6071918340e+00,-1.4426379334e+00,-1.2650447875e+00
758,7.5800,-2.1852698634e+00,-1.9867560775e+00,-1.7811349777e+00,-1.5551141339e+00,-1.7688799864e+00,-1.6068162729e+00,-1.4421747901e+00,-1.2644671467e+00
759,7.5900,-2.1838862362e+00,-1.9854985490e+00,-1.7799690308e+00,-1.5540018638e+00,-1.7677633130e+00,-1.6056594370e+00,-1.4409583289e+00,-1.2631649026e+00
760,7.6000,-2.1826085282e+00,-1.9843423915e+00,-1.7788993166e+00,-1.5529796836e+00,-1.7667426976e+00,-1.6045940897e+00,-1.4398287629e+00,-1.2619446330e+00
761,7.6100,-2.1813088875e+00,-1.9831592188e+00,-1.7777974298e+00,-1.5519199208e+00,-1.7656883426e+00,-1.6034933875e+00,-1.4386621637e+00,-1.2606855458e+00
762,7.6200,-2.1805085087e+00,-1.9824696519e+00,-1.7771810190e+00,-1.5513339074e+00,-1.7651209956e+00,-1.6028676632e+00,-1.4379571056e+00,-1.2598722672e+00
763,7.6300,-2.1803196007e+00,-1.9823866051e+00,-1.7771630998e+00,-1.5513342798e+00,-1.7651525348e+00,-1.6028304557e+00,-1.4378278858e+00,-1.2596190326e+00
764,7.6400,-2.1809840087e+00,-1.9831530119e+00,-1.7779848856e+00,-1.5521574402e+00,-1.7660196966e+00,-1.6036227732e+00,-1.4385166460e+00,-1.2601657406e+00
765,7.6500,-2.1822403689e+00,-1.9845024545e+00,-1.7793790278e+00,-1.5535393713e+00,-1.7674608246e+00,-1.6049753417e+00,-1.4397512871e+00,-1.2612422359e+00
766,7.6600,-2.1843014298e+00,-1.9866475791e+00,-1.7815596254e+00,-1.5556967830e+00,-1.7696995277e+00,-1.6070968710e+00,-1.4417283731e+00,-1.2630349055e+00
767,7.6700,-2.1861816258e+00,-1.9886098758e+00,-1.7835558422e+00,-1.5576688563e+00,-1.7717524018e+00,-1.6090343116e+00,-1.4435233489e+00,-1.2646478836e+00
768,7.6800,-2.1869469745e+00,-1.9894793545e+00,-1.7844849889e+00,-1.5586063428e+00,-1.7727311957e+00,-1.6099359290e+00,-1.4443206752e+00,-1.2653040349e+00
769,7.6900,-2.1874190002e+00,-1.9900585765e+00,-1.7851272168e+00,-1.5592609020e+00,-1.7734214748e+00,-1.6105551186e+00,-1.4448416250e+00,-1.2656902546e+00
770,7.7000,-2.1878403165e+00,-1.9905836771e+00,-1.7857119139e+00,-1.5598542986e+00,-1.7740537773e+00,-1.6111142248e+00,-1.4453006180e+00,-1.2660127693e+00
771,7.7100,-2.1878262647e+00,-1.9906775853e+00,-1.7858715096e+00,-1.5600312370e+00,-1.7742605566e+00,-1.6112554642e+00,-1.4453506248e+00,-1.2659369777e+00
772,7.7200,-2.1868455497e+00,-1.9898174343e+00,-1.7850958750e+00,-1.5592996927e+00,-1.7735337727e+00,-1.6104815252e+00,-1.4445081950e+00,-1.2649972945e+00
773,7.7300,-2.1856471149e+00,-1.9887391242e+00,-1.7841047883e+00,-1.5583587407e+00,-1.7725943956e+00,-1.6094946480e+00,-1.4434553245e+00,-1.2638527555e+00
774,7.7400,-2.1836084214e+00,-1.9868306590e+00,-1.7823001718e+00,-1.5566286478e+00,-1.7708457983e+00,-1.6077103342e+00,-1.4416219393e+00,-1.2619509761e+00
775,7.7500,-2.1814258316e+00,-1.9847784918e+00,-1.7803511069e+00,-1.5547524677e+00,-1.7689512110e+00,-1.6057815201e+00,-1.4396448116e+00,-1.2599055888e+00
776,7.7600,-2.1792983142e+00,-1.9827774420e+00,-1.7784488514e+00,-1.5529181507e+00,-1.7671032199e+00,-1.6038957055e+00,-1.4377070611e+00,-1.2578957169e+00
777,7.7700,-2.1784149506e+00,-1.9820075084e+00,-1.7777618073e+00,-1.5522781303e+00,-1.7664791226e+00,-1.6032015375e+00,-1.4369282724e+00,-1.2570095128e+00
778,7.7800,-2.1780169925e+00,-1.9817152918e+00,-1.7775427775e+00,-1.5520935131e+00,-1.7663231311e+00,-1.6029652067e+00,-1.4365958210e+00,-1.2565560829e+00
779,7.7900,-2.1779884731e+00,-1.9817922445e+00,-1.7776888725e+00,-1.5522657122e+00,-1.7665268080e+00,-1.6030917962e+00,-1.4366255907e+00,-1.2564597882e+00
780,7.8000,-2.1778205738e+00,-1.9817286179e+00,-1.7776934550e+00,-1.5522959118e+00,-1.7665877392e+00,-1.6030773828e+00,-1.4365161935e+00,-1.2562264626e+00
781,7.8100,-2.1755154331e+00,-1.9795610786e+00,-1.7756410440e+00,-1.5503340387e+00,-1.7645935023e+00,-1.6010562298e+00,-1.4344568670e+00,-1.2541122624e+00
782,7.8200,-2.1742270235e+00,-1.9784140625e+00,-1.7746030856e+00,-1.5493691914e+00,-1.7636044079e+00,-1.6000435248e+00,-1.4333999957e+00,-1.2529839155e+00
783,7.8300,-2.1732272497e+00,-1.9775557499e+00,-1.7738510337e+00,-1.5486839790e+00,-1.7629009805e+00,-1.5993120468e+00,-1.4326177472e+00,-1.2521210072e+00
784,7.8400,-2.1728619006e+00,-1.9773283387e+00,-1.7737227275e+00,-1.5486106541e+00,-1.7628213108e+00,-1.5991949073e+00,-1.4324375473e+00,-1.2518441456e+00
785,7.8500,-2.1721620194e+00,-1.9767661495e+00,-1.7732606074e+00,-1.5482060589e+00,-1.7624075173e+00,-1.5987461851e+00,-1.4319294480e+00,-1.2512445850e+00
786,7.8600,-2.1712957146e+00,-1.9760370232e+00,-1.7726313886e+00,-1.5476346735e+00,-1.7618258650e+00,-1.5981311898e+00,-1.4312569073e+00,-1.2504828130e+00
787,7.8700,-2.1704571287e+00,-1.9753314186e+00,-1.7720212895e+00,-1.5470775867e+00,-1.7612631074e+00,-1.5975316030e+00,-1.4305964814e+00,-1.2497299165e+00
788,7.8800,-2.1696701167e+00,-1.9746741317e+00,-1.7714561509e+00,-1.5465618271e+00,-1.7607449936e+00,-1.5969742682e+00,-1.4299759270e+00,-1.2490143963e+00
789,7.8900,-2.1688873345e+00,-1.9740170524e+00,-1.7708875694e+00,-1.5460392360e+00,-1.7602230193e+00,-1.5964110217e+00,-1.4293477882e+00,-1.2482899053e+00
790,7.9000,-2.1683354521e+00,-1.9735841189e+00,-1.7705360175e+00,-1.5457256977e+00,-1.7599185012e+00,-1.5960580158e+00,-1.4289228060e+00,-1.2477611986e+00
791,7.9100,-2.1688356684e+00,-1.9742004601e+00,-1.7712255002e+00,-1.5464379225e+00,-1.7606556701e+00,-1.5967335121e+00,-1.4295087170e+00,-1.2482199293e+00
792,7.9200,-2.1706378087e+00,-1.9761146276e+00,-1.7732027154e+00,-1.5484199843e+00,-1.7626813270e+00,-1.5986819900e+00,-1.4313470826e+00,-1.2499038515e+00
793,7.9300,-2.1724673877e+00,-1.9780491347e+00,-1.7751940032e+00,-1.5504105886e+00,-1.7647198757e+00,-1.6006408526e+00,-1.4331939854e+00,-1.2515950663e+00
794,7.9400,-2.1741902290e+00,-1.9798744129e+00,-1.7770741608e+00,-1.5522887917e+00,-1.7666469543e+00,-1.6024877692e+00,-1.4349290403e+00,-1.2531751808e+00
795,7.9500,-2.1752818477e+00,-1.9810741080e+00,-1.7783384154e+00,-1.5535658231e+00,-1.7679597245e+00,-1.6037292527e+00,-1.4360707057e+00,-1.2541779527e+00
796,7.9600,-2.1753251265e+00,-1.9812373843e+00,-1.7785835116e+00,-1.5538478721e+00,-1.7682551783e+00,-1.6039694835e+00,-1.4362312186e+00,-1.2542250892e+00
797,7.9700,-2.1746791038e+00,-1.9807198263e+00,-1.7781593100e+00,-1.5534766678e+00,-1.7678793457e+00,-1.6035547285e+00,-1.4357546654e+00,-1.2536559078e+00
798,7.9800,-2.1735450522e+00,-1.9797186288e+00,-1.7772579270e+00,-1.5526376632e+00,-1.7670246588e+00,-1.6026715503e+00,-1.4348212166e+00,-1.2526432633e+00
799,7.9900,-2.1724357779e+00,-1.9787383370e+00,-1.7763725566e+00,-1.5518083728e+00,-1.7661854041e+00,-1.6017998399e+00,-1.4338948373e+00,-1.2516326388e+00
800,8.0000,-2.1712519789e+00,-1.9776809546e+00,-1.7754078741e+00,-1.5508978593e+00,-1.7652666042e+00,-1.6008474260e+00,-1.4328870254e+00,-1.2505402904e+00
801,8.0100,-2.1699642423e+00,-1.9765342288e+00,-1.7743704796e+00,-1.5499347273e+00,-1.7642814106e+00,-1.5998331478e+00,-1.4318229322e+00,-1.2493988169e+00
802,8.0200,-2.1690453509e+00,-1.9757549146e+00,-1.7736991691e+00,-1.5493361009e+00,-1.7636675347e+00,-1.5991795331e+00,-1.4311097107e+00,-1.2485985795e+00
803,8.0300,-2.1678593696e+00,-1.9747180727e+00,-1.7727815858e+00,-1.5485055477e+00,-1.7628073629e+00,-1.5982908525e+00,-1.4301728244e+00,-1.2475872635e+00
804,8.0400,-2.1666207313e+00,-1.9736253917e+00,-1.7718045489e+00,-1.5476112764e+00,-1.7618861532e+00,-1.5973405863e+00,-1.4291735895e+00,-1.2465125854e+00
805,8.0500,-2.1655160301e+00,-1.9726601171e+00,-1.7709476626e+00,-1.5468286569e+00,-1.7610841315e+00,-1.5965043928e+00,-1.4282829442e+00,-1.2455402930e+00
806,8.0600,-2.1645795583e+00,-1.9718580521e+00,-1.7702483122e+00,-1.5461968140e+00,-1.7604388126e+00,-1.5958209673e+00,-1.4275407707e+00,-1.2447115305e+00
807,8.0700,-2.1652605347e+00,-1.9726721008e+00,-1.7711590250e+00,-1.5471618439e+00,-1.7614164665e+00,-1.5967272281e+00,-1.4283529278e+00,-1.2453967842e+00
808,8.0800,-2.1650445341e+00,-1.9726090204e+00,-1.7712172280e+00,-1.5473064721e+00,-1.7615380910e+00,-1.5968090029e+00,-1.4283729707e+00,-1.2453257493e+00
809,8.0900,-2.1653732141e+00,-1.9730932914e+00,-1.7718226882e+00,-1.5479947911e+00,-1.7622092773e+00,-1.5974334489e+00,-1.4289264195e+00,-1.2457759527e+00
810,8.1000,-2.1654828835e+00,-1.9733555803e+00,-1.7722038968e+00,-1.5484573982e+00,-1.7626551780e+00,-1.5978332613e+00,-1.4292566991e+00,-1.2460053701e+00
811,8.1100,-2.1652162271e+00,-1.9732427915e+00,-1.7722146014e+00,-1.5485578290e+00,-1.7627333756e+00,-1.5978669877e+00,-1.4292256127e+00,-1.2458816571e+00
812,8.1200,-2.1640858530e+00,-1.9722705601e+00,-1.7713766595e+00,-1.5478280896e+00,-1.7619672236e+00,-1.5970633443e+00,-1.4283698715e+00,-1.2449528113e+00
813,8.1300,-2.1628761880e+00,-1.9712182365e+00,-1.7704569063e+00,-1.5470138826e+00,-1.7611171540e+00,-1.5961774429e+00,-1.4274326527e+00,-1.2439424655e+00
814,8.1400,-2.1617740542e+00,-1.9702716646e+00,-1.7696400078e+00,-1.5462981131e+00,-1.7603698154e+00,-1.5953910725e+00,-1.4265911855e+00,-1.2430231328e+00
815,8.1500,-2.1629123273e+00,-1.9715678937e+00,-1.7710587687e+00,-1.5477984745e+00,-1.7618638603e+00,-1.5968208475e+00,-1.4279332329e+00,-1.2442437493e+00
816,8.1600,-2.1638542728e+00,-1.9726642257e+00,-1.7722759113e+00,-1.5490978322e+00,-1.7631543193e+00,-1.5980508036e+00,-1.4290803883e+00,-1.2452760758e+00
817,8.1700,-2.1627494586e+00,-1.9717364166e+00,-1.7714993048e+00,-1.5484458340e+00,-1.7624397468e+00,-1.5973294395e+00,-1.4283326501e+00,-1.2444765951e+00
818,8.1800,-2.1616148261e+00,-1.9707741950e+00,-1.7706831417e+00,-1.5477482576e+00,-1.7616846213e+00,-1.5965645012e+00,-1.4275382445e+00,-1.2436272075e+00
819,8.1900,-2.1604119034e+00,-1.9697409455e+00,-1.7697929788e+00,-1.5469732452e+00,-1.7608552903e+00,-1.5957229957e+00,-1.4266649899e+00,-1.2426966463e+00
820,8.2000,-2.1592152088e+00,-1.9687108025e+00,-1.7689027178e+00,-1.5461946482e+00,-1.7600259565e+00,-1.5948785292e+00,-1.4257861335e+00,-1.2417580756e+00
821,8.2100,-2.1590307917e+00,-1.9686996873e+00,-1.7690292849e+00,-1.5464201827e+00,-1.7602049936e+00,-1.5950480543e+00,-1.4259178985e+00,-1.2418163879e+00
822,8.2200,-2.1578630857e+00,-1.9677097361e+00,-1.7681900726e+00,-1.5457031367e+00,-1.7594237151e+00,-1.5942658194e+00,-1.4251138557e+00,-1.2409635721e+00
823,8.2300,-2.1563624316e+00,-1.9663860527e+00,-1.7670172734e+00,-1.5446538530e+00,-1.7583077785e+00,-1.5931518854e+00,-1.4239819036e+00,-1.2397879076e+00
824,8.2400,-2.1548029343e+00,-1.9650000939e+00,-1.7657790135e+00,-1.5435360706e+00,-1.7571263389e+00,-1.5919700429e+00,-1.4227801118e+00,-1.2385409086e+00
825,8.2500,-2.1537694504e+00,-1.9641379785e+00,-1.7650608933e+00,-1.5429323826e+00,-1.7564699546e+00,-1.5912996577e+00,-1.4220756883e+00,-1.2377757761e+00
826,8.2600,-2.1535885992e+00,-1.9641225054e+00,-1.7651825590e+00,-1.5431596290e+00,-1.7566624984e+00,-1.5914546842e+00,-1.4221738998e+00,-1.2377898563e+00
827,8.2700,-2.1533948940e+00,-1.9640911501e+00,-1.7652850716e+00,-1.5433641773e+00,-1.7568338092e+00,-1.5915892996e+00,-1.4222521553e+00,-1.2377841272e+00
828,8.2800,-2.1534072537e+00,-1.9642684143e+00,-1.7655969333e+00,-1.5437766976e+00,-1.7572139890e+00,-1.5919325904e+00,-1.4225369242e+00,-1.2379806433e+00
829,8.2900,-2.1528864725e+00,-1.9639279645e+00,-1.7654074142e+00,-1.5437069211e+00,-1.7570854140e+00,-1.5917954111e+00,-1.4223674117e+00,-1.2377487421e+00
830,8.3000,-2.1523967885e+00,-1.9636127847e+00,-1.7652374781e+00,-1.5436508154e+00,-1.7569767428e+00,-1.5916728163e+00,-1.4222078537e+00,-1.2375225868e+00
831,8.3100,-2.1521024105e+00,-1.9634868289e+00,-1.7652500221e+00,-1.5437693212e+00,-1.7570499528e+00,-1.5917268416e+00,-1.4222193988e+00,-1.2374613877e+00
832,8.3200,-2.1517432467e+00,-1.9632944088e+00,-1.7651945685e+00,-1.5438183145e+00,-1.7570557682e+00,-1.5917112080e+00,-1.4221595156e+00,-1.2373274025e+00
833,8.3300,-2.1521010081e+00,-1.9638282956e+00,-1.7658689515e+00,-1.5445940195e+00,-1.7577862131e+00,-1.5924274345e+00,-1.4228322849e+00,-1.2379198013e+00
834,8.3400,-2.1527243781e+00,-1.9646247070e+00,-1.7668015481e+00,-1.5456220071e+00,-1.7587737541e+00,-1.5933980432e+00,-1.4237557780e+00,-1.2387579886e+00
835,8.3500,-2.1532916168e+00,-1.9653625121e+00,-1.7676728109e+00,-1.5465855264e+00,-1.7596994937e+00,-1.5943051888e+00,-1.4246141821e+00,-1.2395294495e+00
836,8.3600,-2.1537635934e+00,-1.9659998808e+00,-1.7684393616e+00,-1.5474409129e+00,-1.7605202973e+00,-1.5951049385e+00,-1.4253636920e+00,-1.2401914935e+00
837,8.3700,-2.1541155390e+00,-1.9665141727e+00,-1.7690799943e+00,-1.5481676169e+00,-1.7612148646e+00,-1.5957767965e+00,-1.4259840547e+00,-1.2407234711e+00
838,8.3800,-2.1543488974e+00,-1.9669085392e+00,-1.7695997985e+00,-1.5487730196e+00,-1.7617889362e+00,-1.5963271800e+00,-1.4264825726e+00,-1.2411338772e+00
839,8.3900,-2.1545173393e+00,-1.9672470527e+00,-1.7700772885e+00,-1.5493548570e+00,-1.7623316335e+00,-1.5968414174e+00,-1.4269441971e+00,-1.2415108542e+00
840,8.4000,-2.1545839831e+00,-1.9674817502e+00,-1.7704499477e+00,-1.5498319772e+00,-1.7627697999e+00,-1.5972505917e+00,-1.4273011693e+00,-1.2417846255e+00
841,8.4100,-2.1544925872e+00,-1.9675562910e+00,-1.7706604381e+00,-1.5501450376e+00,-1.7630447878e+00,-1.5974968609e+00,-1.4274957192e+00,-1.2418967870e+00
842,8.4200,-2.1546536312e+00,-1.9678782404e+00,-1.7711126536e+00,-1.5506930871e+00,-1.7635611392e+00,-1.5979796998e+00,-1.4279216785e+00,-1.2422344715e+00
843,8.4300,-2.1549668948e+00,-1.9683505217e+00,-1.7717128500e+00,-1.5513860940e+00,-1.7642254906e+00,-1.5986080744e+00,-1.4284904149e+00,-1.2427116910e+00
844,8.4400,-2.1536598821e+00,-1.9672071554e+00,-1.7707130686e+00,-1.5505084259e+00,-1.7632924442e+00,-1.5976574185e+00,-1.4275073910e+00,-1.2416756356e+00
845,8.4500,-2.1514386850e+00,-1.9651525796e+00,-1.7688083654e+00,-1.5487363574e+00,-1.7614539714e+00,-1.5958105994e+00,-1.4256401366e+00,-1.2397709719e+00
846,8.4600,-2.1492558831e+00,-1.9631320558e+00,-1.7669325904e+00,-1.5469868903e+00,-1.7596438740e+00,-1.5939880961e+00,-1.4237927843e+00,-1.2378811871e+00
847,8.4700,-2.1471893673e+00,-1.9612250201e+00,-1.7651665064e+00,-1.5453420152e+00,-1.7579422024e+00,-1.5922722225e+00,-1.4220494829e+00,-1.2360918863e+00
848,8.4800,-2.1450680769e+00,-1.9592626152e+00,-1.7633437572e+00,-1.5436383491e+00,-1.7561828011e+00,-1.5904988788e+00,-1.4202484375e+00,-1.2342440214e+00
849,8.4900,-2.1431070819e+00,-1.9574642416e+00,-1.7616864496e+00,-1.5420989055e+00,-1.7545856636e+00,-1.5888927600e+00,-1.4186170811e+00,-1.2325655272e+00
850,8.5000,-2.1413995447e+00,-1.9559227710e+00,-1.7602865904e+00,-1.5408141575e+00,-1.7532424654e+00,-1.5875449297e+00,-1.4172454267e+00,-1.2311448593e+00
851,8.5100,-2.1397720139e+00,-1.9544846057e+00,-1.7590202815e+00,-1.5397024930e+00,-1.7520467344e+00,-1.5863506600e+00,-1.4160375803e+00,-1.2299035158e+00
852,8.5200,-2.1389957135e+00,-1.9539065932e+00,-1.7586190890e+00,-1.5394564959e+00,-1.7517170142e+00,-1.5860215319e+00,-1.4156901702e+00,-1.2295129247e+00
853,8.5300,-2.1382950190e+00,-1.9534176823e+00,-1.7583178249e+00,-1.5393193198e+00,-1.7514816950e+00,-1.5858039266e+00,-1.4154672533e+00,-1.2292560977e+00
854,8.5400,-2.1375490683e+00,-1.9528769202e+00,-1.7579581630e+00,-1.5391168695e+00,-1.7511873387e+00,-1.5855229340e+00,-1.4151772487e+00,-1.2289289719e+00
855,8.5500,-2.1374134808e+00,-1.9529470221e+00,-1.7582087132e+00,-1.5395223256e+00,-1.7515071396e+00,-1.5858470464e+00,-1.4154821094e+00,-1.2291848552e+00
856,8.5600,-2.1379088711e+00,-1.9536476584e+00,-1.7590882311e+00,-1.5405534342e+00,-1.7524612564e+00,-1.5867932381e+00,-1.4163964114e+00,-1.2300362945e+00
857,8.5700,-2.1390014710e+00,-1.9549478625e+00,-1.7605711201e+00,-1.5421933339e+00,-1.7540311062e+00,-1.5883370855e+00,-1.4178926012e+00,-1.2314552204e+00
858,8.5800,-2.1391058890e+00,-1.9552649871e+00,-1.7610768017e+00,-1.5428642051e+00,-1.7546118973e+00,-1.5889194764e+00,-1.4184535047e+00,-1.2319656140e+00
859,8.5900,-2.1392226526e+00,-1.9555897901e+00,-1.7615852606e+00,-1.5435322898e+00,-1.7551952995e+00,-1.5895003779e+00,-1.4190091039e+00,-1.2324668897e+00
860,8.6000,-2.1392181216e+00,-1.9557887033e+00,-1.7619635165e+00,-1.5440660424e+00,-1.7556472379e+00,-1.5899487030e+00,-1.4194314084e+00,-1.2328346175e+00
861,8.6100,-2.1401525260e+00,-1.9569360610e+00,-1.7632932228e+00,-1.5455465490e+00,-1.7570452551e+00,-1.5913495748e+00,-1.4208059065e+00,-1.2341462414e+00
862,8.6200,-2.1407343668e+00,-1.9577312585e+00,-1.7642721699e+00,-1.5466792447e+00,-1.7580875792e+00,-1.5924059223e+00,-1.4218471400e+00,-1.2351365392e+00
863,8.6300,-2.1405706364e+00,-1.9577811183e+00,-1.7645092309e+00,-1.5470775973e+00,-1.7583866319e+00,-1.5927274721e+00,-1.4221648980e+00,-1.2354183592e+00
864,8.6400,-2.1404411996e+00,-1.9578664196e+00,-1.7647909331e+00,-1.5475386384e+00,-1.7587515638e+00,-1.5930908482e+00,-1.4225095537e+00,-1.2357207991e+00
865,8.6500,-2.1400569837e+00,-1.9576955254e+00,-1.7648163179e+00,-1.5477448845e+00,-1.7588596403e+00,-1.5931994048e+00,-1.4226023615e+00,-1.2357756392e+00
866,8.6600,-2.1386557911e+00,-1.9565122273e+00,-1.7638344629e+00,-1.5469511992e+00,-1.7579476048e+00,-1.5923165946e+00,-1.4217309063e+00,-1.2348936997e+00
867,8.6700,-2.1372958265e+00,-1.9553661797e+00,-1.7628848579e+00,-1.5461832561e+00,-1.7570667687e+00,-1.5914617208e+00,-1.4208835487e+00,-1.2340312007e+00
868,8.6800,-2.1358599754e+00,-1.9541432162e+00,-1.7618566573e+00,-1.5453341562e+00,-1.7561066196e+00,-1.5905268464e+00,-1.4199551158e+00,-1.2330861070e+00
869,8.6900,-2.1345540026e+00,-1.9530447587e+00,-1.7609475358e+00,-1.5445982517e+00,-1.7552659330e+00,-1.5897060111e+00,-1.4191356697e+00,-1.2322450253e+00
870,8.7000,-2.1332058513e+00,-1.9519008456e+00,-1.7599895497e+00,-1.5438097092e+00,-1.7543759341e+00,-1.5888336532e+00,-1.4182626182e+00,-1.2313482473e+00
871,8.7100,-2.1319604660e+00,-1.9508561351e+00,-1.7591266067e+00,-1.5431110882e+00,-1.7535803515e+00,-1.5880527452e+00,-1.4174777089e+00,-1.2305357554e+00
872,8.7200,-2.1305952057e+00,-1.9496887544e+00,-1.7581378178e+00,-1.5422829093e+00,-1.7526575111e+00,-1.5871441414e+00,-1.4165644484e+00,-1.2295940632e+00
873,8.7300,-2.1292951059e+00,-1.9485855580e+00,-1.7572117228e+00,-1.5415152356e+00,-1.7517974586e+00,-1.5862964279e+00,-1.4157098665e+00,-1.2287083538e+00
874,8.7400,-2.1297934626e+00,-1.9492948608e+00,-1.7581102797e+00,-1.5425816894e+00,-1.7527811935e+00,-1.5872656197e+00,-1.4166437755e+00,-1.2295794818e+00
875,8.7500,-2.1311000143e+00,-1.9508173215e+00,-1.7598241464e+00,-1.5444622448e+00,-1.7545810482e+00,-1.5890485915e+00,-1.4183859546e+00,-1.2312495381e+00
876,8.7600,-2.1329318179e+00,-1.9528719696e+00,-1.7620737022e+00,-1.5468781751e+00,-1.7569125547e+00,-1.5913704339e+00,-1.4206700690e+00,-1.2334601847e+00
877,8.7700,-2.1335991859e+00,-1.9537638319e+00,-1.7631644682e+00,-1.5481433216e+00,-1.7580742854e+00,-1.5925484250e+00,-1.4218368117e+00,-1.2345823406e+00
878,8.7800,-2.1338828454e+00,-1.9542717080e+00,-1.7638722302e+00,-1.5490279964e+00,-1.7588526728e+00,-1.5933457101e+00,-1.4226267694e+00,-1.2353332965e+00
879,8.7900,-2.1336602245e+00,-1.9542688598e+00,-1.7640686631e+00,-1.5494049777e+00,-1.7591229416e+00,-1.5936318714e+00,-1.4229067038e+00,-1.2355799186e+00
880,8.8000,-2.1333792536e+00,-1.9542055085e+00,-1.7642021094e+00,-1.5497159145e+00,-1.7593306086e+00,-1.5938523403e+00,-1.4231179754e+00,-1.2357548479e+00
881,8.8100,-2.1329020283e+00,-1.9539432424e+00,-1.7641338481e+00,-1.5498221318e+00,-1.7593346889e+00,-1.5938701856e+00,-1.4231275044e+00,-1.2357289171e+00
882,8.8200,-2.1313856623e+00,-1.9526325115e+00,-1.7630173404e+00,-1.5488910181e+00,-1.7582989333e+00,-1.5928412980e+00,-1.4220929049e+00,-1.2346721232e+00
883,8.8300,-2.1294905494e+00,-1.9509388332e+00,-1.7615156436e+00,-1.5475747473e+00,-1.7568771211e+00,-1.5914278242e+00,-1.4206770736e+00,-1.2332396150e+00
884,8.8400,-2.1269495080e+00,-1.9485969316e+00,-1.7593662483e+00,-1.5456147381e+00,-1.7548066976e+00,-1.5893704462e+00,-1.4186246068e+00,-1.2311808418e+00
885,8.8500,-2.1250257148e+00,-1.9468786944e+00,-1.7578417235e+00,-1.5442746559e+00,-1.7533552445e+00,-1.5879391915e+00,-1.4172000488e+00,-1.2297454917e+00
886,8.8600,-2.1239011453e+00,-1.9459680813e+00,-1.7571285998e+00,-1.5437443767e+00,-1.7527100101e+00,-1.5873226854e+00,-1.4165937595e+00,-1.2291260829e+00
887,8.8700,-2.1238426611e+00,-1.9461321984e+00,-1.7574984499e+00,-1.5443047382e+00,-1.7531618050e+00,-1.5877838589e+00,-1.4170456231e+00,-1.2295442706e+00
888,8.8800,-2.1236339941e+00,-1.9461422362e+00,-1.7577104333e+00,-1.5447035439e+00,-1.7534537565e+00,-1.5880857433e+00,-1.4173389884e+00,-1.2298051197e+00
889,8.8900,-2.1234021941e+00,-1.9461264794e+00,-1.7578935202e+00,-1.5450696951e+00,-1.7537158285e+00,-1.5883565214e+00,-1.4175997969e+00,-1.2300316624e+00
890,8.9000,-2.1230172364e+00,-1.9459551810e+00,-1.7579187643e+00,-1.5452757642e+00,-1.7538193705e+00,-1.5884681895e+00,-1.4177011874e+00,-1.2300988169e+00
891,8.9100,-2.1223392624e+00,-1.9455050533e+00,-1.7576787407e+00,-1.5452301963e+00,-1.7536489110e+00,-1.5883328775e+00,-1.4175801685e+00,-1.2299661805e+00
892,8.9200,-2.1205304443e+00,-1.9439243913e+00,-1.7563133629e+00,-1.5440707134e+00,-1.7523499201e+00,-1.5870837492e+00,-1.4163639931e+00,-1.2287624080e+00
893,8.9300,-2.1186649183e+00,-1.9422837668e+00,-1.7548843396e+00,-1.5428431664e+00,-1.7509873533e+00,-1.5857674046e+00,-1.4150770127e+00,-1.2274842069e+00
894,8.9400,-2.1169060121e+00,-1.9407457121e+00,-1.7535533527e+00,-1.5417083447e+00,-1.7497224004e+00,-1.5845451561e+00,-1.4138804598e+00,-1.2262924414e+00
895,8.9500,-2.1157526857e+00,-1.9398222130e+00,-1.7528430175e+00,-1.5411970312e+00,-1.7490782525e+00,-1.5839458327e+00,-1.4133053003e+00,-1.2257166197e+00
896,8.9600,-2.1152252098e+00,-1.9395256297e+00,-1.7527594689e+00,-1.5413108758e+00,-1.7490628390e+00,-1.5839703669e+00,-1.4133477963e+00,-1.2257505886e+00
897,8.9700,-2.1146456145e+00,-1.9391749485e+00,-1.7526194668e+00,-1.5413653557e+00,-1.7489904411e+00,-1.5839365686e+00,-1.4133304885e+00,-1.2257230494e+00
898,8.9800,-2.1140357341e+00,-1.9387895737e+00,-1.7524404014e+00,-1.5413762626e+00,-1.7488784516e+00,-1.5838605001e+00,-1.4132686473e+00,-1.2256490012e+00
899,8.9900,-2.1136337952e+00,-1.9386086331e+00,-1.7524617993e+00,-1.5415828796e+00,-1.7489672273e+00,-1.5839808233e+00,-1.4133986730e+00,-1.2257618762e+00
900,9.0000,-2.1132792884e+00,-1.9384715212e+00,-1.7525230573e+00,-1.5418247619e+00,-1.7490955740e+00,-1.5841375434e+00,-1.4135618687e+00,-1.2259044677e+00
901,9.0100,-2.1127826423e+00,-1.9382014985e+00,-1.7524633303e+00,-1.5419621471e+00,-1.7491079927e+00,-1.5841818566e+00,-1.4136175084e+00,-1.2259463296e+00
902,9.0200,-2.1133898579e+00,-1.9390634392e+00,-1.7535616191e+00,-1.5432822737e+00,-1.7502875177e+00,-1.5853967358e+00,-1.4148432347e+00,-1.2271533927e+00
903,9.0300,-2.1145158373e+00,-1.9404596912e+00,-1.7552075770e+00,-1.5451619364e+00,-1.7520131934e+00,-1.5871699410e+00,-1.4166355577e+00,-1.2289317811e+00
904,9.0400,-2.1157724020e+00,-1.9419786797e+00,-1.7569683534e+00,-1.5471478487e+00,-1.7538542754e+00,-1.5890506397e+00,-1.4185281740e+00,-1.2308035397e+00
905,9.0500,-2.1167675779e+00,-1.9432305106e+00,-1.7584564980e+00,-1.5488558234e+00,-1.7554208376e+00,-1.5906559314e+00,-1.4201451378e+00,-1.2324001628e+00
906,9.0600,-2.1181181408e+00,-1.9448395194e+00,-1.7603054883e+00,-1.5509302068e+00,-1.7573603032e+00,-1.5926168525e+00,-1.4221034458e+00,-1.2343258831e+00
907,9.0700,-2.1184433058e+00,-1.9454200638e+00,-1.7611291601e+00,-1.5519907871e+00,-1.7582724935e+00,-1.5935625652e+00,-1.4230634174e+00,-1.2352767018e+00
908,9.0800,-2.1181665537e+00,-1.9453960923e+00,-1.7613467836e+00,-1.5524452801e+00,-1.7585726664e+00,-1.5939069204e+00,-1.4234332029e+00,-1.2356498110e+00
909,9.0900,-2.1170191513e+00,-1.9444940641e+00,-1.7606816529e+00,-1.5520155769e+00,-1.7579849358e+00,-1.5933713930e+00,-1.4229337340e+00,-1.2351676380e+00
910,9.1000,-2.1158498684e+00,-1.9435675004e+00,-1.7599885561e+00,-1.5515532025e+00,-1.7573694640e+00,-1.5928040617e+00,-1.4223981853e+00,-1.2346446518e+00
911,9.1100,-2.1146735969e+00,-1.9426317389e+00,-1.7592834647e+00,-1.5510751986e+00,-1.7567402635e+00,-1.5922232365e+00,-1.4218488274e+00,-1.2341069674e+00
912,9.1200,-2.1134705558e+00,-1.9416687247e+00,-1.7585498145e+00,-1.5505661878e+00,-1.7560822342e+00,-1.5916122110e+00,-1.4212673579e+00,-1.2335345546e+00
913,9.1300,-2.1128950421e+00,-1.9413346664e+00,-1.7584481650e+00,-1.5506938296e+00,-1.7560695978e+00,-1.5916260060e+00,-1.4212925926e+00,-1.2335521371e+00
914,9.1400,-2.1126223105e+00,-1.9413029564e+00,-1.7586498143e+00,-1.5511271948e+00,-1.7563680435e+00,-1.5919386210e+00,-1.4216061880e+00,-1.2338489596e+00
915,9.1500,-2.1100962541e+00,-1.9390081935e+00,-1.7565871693e+00,-1.5493058618e+00,-1.7543936049e+00,-1.5900007445e+00,-1.4196983074e+00,-1.2319633013e+00
916,9.1600,-2.1074386660e+00,-1.9365806559e+00,-1.7543891229e+00,-1.5473446604e+00,-1.7522813495e+00,-1.5879260042e+00,-1.4176534404e+00,-1.2299392746e+00
917,9.1700,-2.1047181903e+00,-1.9340885410e+00,-1.7521242343e+00,-1.5453134731e+00,-1.7501017498e+00,-1.5857823726e+00,-1.4155378064e+00,-1.2278421117e+00
918,9.1800,-2.1022498222e+00,-1.9318498615e+00,-1.7501125143e+00,-1.5435331448e+00,-1.7481751216e+00,-1.5838903526e+00,-1.4136709265e+00,-1.2259889387e+00
919,9.1900,-2.1009445377e+00,-1.9307914177e+00,-1.7492939725e+00,-1.5429544237e+00,-1.7474401517e+00,-1.5831997397e+00,-1.4130093945e+00,-1.2253388702e+00
920,9.2000,-2.1007606950e+00,-1.9308761769e+00,-1.7496361900e+00,-1.5435496831e+00,-1.7478662666e+00,-1.5836805559e+00,-1.4135238723e+00,-1.2258631519e+00
921,9.2100,-2.0998463439e+00,-1.9302202073e+00,-1.7492349206e+00,-1.5434071781e+00,-1.7475556848e+00,-1.5834165322e+00,-1.4132931668e+00,-1.2256507181e+00
922,9.2200,-2.0989691051e+00,-1.9296006623e+00,-1.7488689742e+00,-1.5432983107e+00,-1.7472805968e+00,-1.5831864015e+00,-1.4130945911e+00,-1.2254682702e+00
923,9.2300,-2.1002278572e+00,-1.9311526370e+00,-1.7507049884e+00,-1.5454166178e+00,-1.7492169028e+00,-1.5851715642e+00,-1.4151089758e+00,-1.2274881711e+00
924,9.2400,-2.1012767832e+00,-1.9324892164e+00,-1.7523196579e+00,-1.5473070791e+00,-1.7509290727e+00,-1.5869323755e+00,-1.4168987555e+00,-1.2292833611e+00
925,9.2500,-2.1017584052e+00,-1.9332512057e+00,-1.7533529763e+00,-1.5486102292e+00,-1.7520525935e+00,-1.5881127613e+00,-1.4181165599e+00,-1.2305159696e+00
926,9.2600,-2.1014943048e+00,-1.9332634511e+00,-1.7536325974e+00,-1.5491561715e+00,-1.7524134605e+00,-1.5885437603e+00,-1.4185977560e+00,-1.2310251079e+00
927,9.2700,-2.1011216851e+00,-1.9331635248e+00,-1.7537965266e+00,-1.5495827743e+00,-1.7526593040e+00,-1.5888556303e+00,-1.4189563498e+00,-1.2314086875e+00
928,9.2800,-2.1003707204e+00,-1.9326788157e+00,-1.7535708420e+00,-1.5496166573e+00,-1.7525148188e+00,-1.5887758951e+00,-1.4189240512e+00,-1.2314042051e+00
929,9.2900,-2.0989485127e+00,-1.9315166331e+00,-1.7526636102e+00,-1.5489674136e+00,-1.7516861110e+00,-1.5880154334e+00,-1.4182168762e+00,-1.2307334905e+00
930,9.3000,-2.0975059308e+00,-1.9303302676e+00,-1.7517277813e+00,-1.5482841930e+00,-1.7508278683e+00,-1.5872228400e+00,-1.4174747229e+00,-1.2300246062e+00
931,9.3100,-2.0970701643e+00,-1.9301734853e+00,-1.7518381619e+00,-1.5486570990e+00,-1.7510070366e+00,-1.5874922469e+00,-1.4178112172e+00,-1.2304024166e+00
932,9.3200,-2.0967156026e+00,-1.9300953984e+00,-1.7520246040e+00,-1.5491031744e+00,-1.7512626063e+00,-1.5878350942e+00,-1.4182183494e+00,-1.2308481552e+00
933,9.3300,-2.0953719225e+00,-1.9290147315e+00,-1.7512015594e+00,-1.5485402208e+00,-1.7505140053e+00,-1.5871641458e+00,-1.4176095786e+00,-1.2302841830e+00
934,9.3400,-2.0938162161e+00,-1.9277186728e+00,-1.7501604819e+00,-1.5477572547e+00,-1.7495485047e+00,-1.5862726212e+00,-1.4167776365e+00,-1.2294955620e+00
935,9.3500,-2.0933401823e+00,-1.9275141215e+00,-1.7502235774e+00,-1.5480924835e+00,-1.7497022642e+00,-1.5864839940e+00,-1.4170324520e+00,-1.2297771966e+00
936,9.3600,-2.0928483761e+00,-1.9272905277e+00,-1.7502634934e+00,-1.5483991989e+00,-1.7498312217e+00,-1.5866692314e+00,-1.4172591255e+00,-1.2300278553e+00
937,9.3700,-2.0925056593e+00,-1.9272116738e+00,-1.7504432716e+00,-1.5488400041e+00,-1.7500994021e+00,-1.5869902145e+00,-1.4176178518e+00,-1.2304064082e+00
938,9.3800,-2.0920049425e+00,-1.9269716916e+00,-1.7504586454e+00,-1.5491128136e+00,-1.7502024057e+00,-1.5871445354e+00,-1.4178085498e+00,-1.2306156519e+00
939,9.3900,-2.0905561111e+00,-1.9257771796e+00,-1.7495142441e+00,-1.5484223318e+00,-1.7493357227e+00,-1.5863441553e+00,-1.4170602479e+00,-1.2299031967e+00
940,9.4000,-2.0896968965e+00,-1.9251848596e+00,-1.7491829052e+00,-1.5483542163e+00,-1.7490831489e+00,-1.5861634790e+00,-1.4169342710e+00,-1.2298128050e+00
941,9.4100,-2.0892811027e+00,-1.9250408772e+00,-1.7493036663e+00,-1.5487407158e+00,-1.7492842343e+00,-1.5864356533e+00,-1.4172587581e+00,-1.2301687823e+00
942,9.4200,-2.0887117476e+00,-1.9247405961e+00,-1.7492653026e+00,-1.5489649965e+00,-1.7493250185e+00,-1.5865472207e+00,-1.4174225378e+00,-1.2303641432e+00
943,9.4300,-2.0878222910e+00,-1.9241172282e+00,-1.7489012234e+00,-1.5488612507e+00,-1.7490390459e+00,-1.5863320663e+00,-1.4172602378e+00,-1.2302347590e+00
944,9.4400,-2.0875558112e+00,-1.9241332203e+00,-1.7491897140e+00,-1.5494200251e+00,-1.7494027773e+00,-1.5867800941e+00,-1.4177700253e+00,-1.2307816508e+00
945,9.4500,-2.0878850487e+00,-1.9247491012e+00,-1.7500803554e+00,-1.5505810258e+00,-1.7503669059e+00,-1.5878319028e+00,-1.4188847799e+00,-1.2319321981e+00
946,9.4600,-2.0883235233e+00,-1.9254717795e+00,-1.7510750997e+00,-1.5518429738e+00,-1.7514358767e+00,-1.5889846898e+00,-1.4200967569e+00,-1.2331761075e+00
947,9.4700,-2.0886063569e+00,-1.9260353415e+00,-1.7519074007e+00,-1.5529391581e+00,-1.7523420296e+00,-1.5899726682e+00,-1.4211424640e+00,-1.2342528402e+00
948,9.4800,-2.0888954766e+00,-1.9266007642e+00,-1.7527369762e+00,-1.5540275976e+00,-1.7532452571e+00,-1.5909540348e+00,-1.4221780045e+00,-1.2353157523e+00
949,9.4900,-2.0891382676e+00,-1.9271173103e+00,-1.7535179175e+00,-1.5550708959e+00,-1.7541069460e+00,-1.5918834524e+00,-1.4231539166e+00,-1.2363143544e+00
950,9.5000,-2.0896018242e+00,-1.9278604759e+00,-1.7545340739e+00,-1.5563615763e+00,-1.7552144956e+00,-1.5930488257e+00,-1.4243580024e+00,-1.2375357462e+00
951,9.5100,-2.0888305174e+00,-1.9273624333e+00,-1.7543106280e+00,-1.5564248843e+00,-1.7550872494e+00,-1.5929796432e+00,-1.4243353860e+00,-1.2375471593e+00
952,9.5200,-2.0877961136e+00,-1.9265986874e+00,-1.7538242678e+00,-1.5562348361e+00,-1.7547080580e+00,-1.5926457612e+00,-1.4240408882e+00,-1.2372855533e+00
953,9.5300,-2.0862245633e+00,-1.9252911437e+00,-1.7527900047e+00,-1.5554959033e+00,-1.7537805824e+00,-1.5917630962e+00,-1.4231993889e+00,-1.2364818411e+00
954,9.5400,-2.0846500383e+00,-1.9239761514e+00,-1.7517426908e+00,-1.5547364789e+00,-1.7528389422e+00,-1.5908624697e+00,-1.4223355703e+00,-1.2356504128e+00
955,9.5500,-2.0824926179e+00,-1.9220718312e+00,-1.7500999266e+00,-1.5533757871e+00,-1.7512948522e+00,-1.5893674349e+00,-1.4208858132e+00,-1.2342422476e+00
956,9.5600,-2.0811188785e+00,-1.9209804533e+00,-1.7492983297e+00,-1.5528843483e+00,-1.7505964697e+00,-1.5887330497e+00,-1.4203095291e+00,-1.2337171470e+00
957,9.5700,-2.0790949620e+00,-1.9192427897e+00,-1.7478513344e+00,-1.5517457773e+00,-1.7492339769e+00,-1.5874669948e+00,-1.4191290108e+00,-1.2326117511e+00
958,9.5800,-2.0770996166e+00,-1.9175302353e+00,-1.7464256321e+00,-1.5506238624e+00,-1.7478939581e+00,-1.5862176333e+00,-1.4179596409e+00,-1.2315119436e+00
959,9.5900,-2.0752453779e+00,-1.9159550383e+00,-1.7451329578e+00,-1.5496296743e+00,-1.7466865505e+00,-1.5850974032e+00,-1.4169156934e+00,-1.2305334686e+00
960,9.6000,-2.0735005474e+00,-1.9144884316e+00,-1.7439472664e+00,-1.5487397014e+00,-1.7455863321e+00,-1.5840818790e+00,-1.4159735006e+00,-1.2296530407e+00
961,9.6100,-2.0715725493e+00,-1.9128393737e+00,-1.7425823528e+00,-1.5476766906e+00,-1.7443063303e+00,-1.5828926046e+00,-1.4148659077e+00,-1.2286182926e+00
962,9.6200,-2.0704924941e+00,-1.9120532298e+00,-1.7420943614e+00,-1.5475038767e+00,-1.7439070032e+00,-1.5825880741e+00,-1.4146452820e+00,-1.2284703643e+00
963,9.6300,-2.0708866933e+00,-1.9127683769e+00,-1.7431357317e+00,-1.5488909678e+00,-1.7450556684e+00,-1.5838220663e+00,-1.4159532356e+00,-1.2298401001e+00
964,9.6400,-2.0702437923e+00,-1.9124391048e+00,-1.7431232508e+00,-1.5492127279e+00,-1.7451309337e+00,-1.5840087361e+00,-1.4162368141e+00,-1.2302067837e+00
965,9.6500,-2.0691646376e+00,-1.9116700223e+00,-1.7426670411e+00,-1.5490862443e+00,-1.7447585812e+00,-1.5837512872e+00,-1.4160796327e+00,-1.2301361509e+00
966,9.6600,-2.0682936071e+00,-1.9111132937e+00,-1.7424271445e+00,-1.5491798653e+00,-1.7446057256e+00,-1.5837104796e+00,-1.4161354544e+00,-1.2302741888e+00
967,9.6700,-2.0681520105e+00,-1.9112961678e+00,-1.7429367471e+00,-1.5500329643e+00,-1.7452083864e+00,-1.5844221821e+00,-1.4169396908e+00,-1.2311553497e+00
968,9.6800,-2.0679643644e+00,-1.9114290022e+00,-1.7433921507e+00,-1.5508272610e+00,-1.7457563604e+00,-1.5850764254e+00,-1.4176839853e+00,-1.2319742113e+00
969,9.6900,-2.0676336479e+00,-1.9114152306e+00,-1.7436968866e+00,-1.5514659667e+00,-1.7461518971e+00,-1.5855775659e+00,-1.4182743847e+00,-1.2326381677e+00
970,9.7000,-2.0674309074e+00,-1.9115271747e+00,-1.7441245612e+00,-1.5522240428e+00,-1.7466700807e+00,-1.5861990394e+00,-1.4189825127e+00,-1.2334167925e+00
971,9.7100,-2.0676727012e+00,-1.9120892062e+00,-1.7450079498e+00,-1.5534436977e+00,-1.7476482696e+00,-1.5872774821e+00,-1.4201445124e+00,-1.2346457671e+00
972,9.7200,-2.0698531291e+00,-1.9146263737e+00,-1.7479017812e+00,-1.5567091978e+00,-1.7506495547e+00,-1.5903846678e+00,-1.4233374662e+00,-1.2379036801e+00
973,9.7300,-2.0716721524e+00,-1.9167937268e+00,-1.7504171266e+00,-1.5595869228e+00,-1.7532686563e+00,-1.5931089078e+00,-1.4261470179e+00,-1.2407782120e+00
974,9.7400,-2.0715607151e+00,-1.9170079754e+00,-1.7509584281e+00,-1.5604715168e+00,-1.7538935370e+00,-1.5938600177e+00,-1.4270066662e+00,-1.2417295663e+00
975,9.7500,-2.0707241644e+00,-1.9164849056e+00,-1.7507525990e+00,-1.5606016429e+00,-1.7537703306e+00,-1.5938587415e+00,-1.4271128718e+00,-1.2419300763e+00
976,9.7600,-2.0691014890e+00,-1.9151599333e+00,-1.7497321310e+00,-1.5599072609e+00,-1.7528338303e+00,-1.5930336667e+00,-1.4263891781e+00,-1.2412989703e+00
977,9.7700,-2.0673569801e+00,-1.9137132352e+00,-1.7485893458e+00,-1.5590889501e+00,-1.7517751620e+00,-1.5920849357e+00,-1.4255396918e+00,-1.2405391844e+00
978,9.7800,-2.0656824212e+00,-1.9123332118e+00,-1.7475094810e+00,-1.5583290332e+00,-1.7507784124e+00,-1.5911962889e+00,-1.4247481057e+00,-1.2398346826e+00
979,9.7900,-2.0641149111e+00,-1.9110585681e+00,-1.7465329439e+00,-1.5576697162e+00,-1.7498857440e+00,-1.5904081957e+00,-1.4240533895e+00,-1.2392230160e+00
980,9.8000,-2.0626282092e+00,-1.9098627091e+00,-1.7456323707e+00,-1.5570824180e+00,-1.7490678171e+00,-1.5896939385e+00,-1.4234309421e+00,-1.2386811819e+00
981,9.8100,-2.0612515095e+00,-1.9087754781e+00,-1.7448386622e+00,-1.5565995832e+00,-1.7483575308e+00,-1.5890840392e+00,-1.4229094228e+00,-1.2382364285e+00
982,9.8200,-2.0598358910e+00,-1.9076484666e+00,-1.7440041273e+00,-1.5560745377e+00,-1.7476066091e+00,-1.5884320612e+00,-1.4223443410e+00,-1.2377465189e+00
983,9.8300,-2.0591099437e+00,-1.9072218614e+00,-1.7438824611e+00,-1.5562775496e+00,-1.7475812546e+00,-1.5884944174e+00,-1.4224832185e+00,-1.2379509264e+00
984,9.8400,-2.0586440937e+00,-1.9070567265e+00,-1.7440241431e+00,-1.5567464931e+00,-1.7478234728e+00,-1.5888186045e+00,-1.4228785288e+00,-1.2384065466e+00
985,9.8500,-2.0578217011e+00,-1.9065262002e+00,-1.7437944519e+00,-1.5568411832e+00,-1.7476986741e+00,-1.5887652348e+00,-1.4228891007e+00,-1.2384740619e+00
986,9.8600,-2.0572310069e+00,-1.9062379076e+00,-1.7438210518e+00,-1.5572112270e+00,-1.7478399197e+00,-1.5889749116e+00,-1.4231614856e+00,-1.2388050485e+00
987,9.8700,-2.0564316544e+00,-1.9057553724e+00,-1.7436646064e+00,-1.5574066390e+00,-1.7477795008e+00,-1.5890238215e+00,-1.4233086114e+00,-1.2390418445e+00
988,9.8800,-2.0556546416e+00,-1.9052947352e+00,-1.7435288983e+00,-1.5576205782e+00,-1.7477395561e+00,-1.5890920461e+00,-1.4234735004e+00,-1.2392942185e+00
989,9.8900,-2.0547464800e+00,-1.9046989017e+00,-1.7432536883e+00,-1.5576901296e+00,-1.7475594918e+00,-1.5890173854e+00,-1.4234929093e+00,-1.2393985614e+00
990,9.9000,-2.0538976319e+00,-1.9041603213e+00,-1.7430326541e+00,-1.5578093412e+00,-1.7474317301e+00,-1.5889949280e+00,-1.4235637045e+00,-1.2395524639e+00
991,9.9100,-2.0527343616e+00,-1.9033044438e+00,-1.7424945200e+00,-1.5576151651e+00,-1.7469881621e+00,-1.5886573093e+00,-1.4233234824e+00,-1.2394033773e+00
992,9.9200,-2.0513647783e+00,-1.9022354108e+00,-1.7417374194e+00,-1.5571971364e+00,-1.7463274306e+00,-1.5880952052e+00,-1.4228530375e+00,-1.2390199467e+00
993,9.9300,-2.0506483775e+00,-1.9018355166e+00,-1.7416618857e+00,-1.5574692470e+00,-1.7463414252e+00,-1.5882277713e+00,-1.4230928461e+00,-1.2393574389e+00
994,9.9400,-2.0504008299e+00,-1.9019180098e+00,-1.7420798535e+00,-1.5582434964e+00,-1.7468443724e+00,-1.5888649340e+00,-1.4238497793e+00,-1.2402212702e+00
995,9.9500,-2.0494850902e+00,-1.9013169041e+00,-1.7418011147e+00,-1.5583101662e+00,-1.7466499594e+00,-1.5887970546e+00,-1.4238976538e+00,-1.2403758316e+00
996,9.9600,-2.0480154406e+00,-1.9001520547e+00,-1.7409494308e+00,-1.5577950605e+00,-1.7458802011e+00,-1.5881510578e+00,-1.4233660087e+00,-1.2399508595e+00
997,9.9700,-2.0473613116e+00,-1.8998184509e+00,-1.7409463405e+00,-1.5581488808e+00,-1.7459713946e+00,-1.5883593948e+00,-1.4236819968e+00,-1.2403670487e+00
998,9.9800,-2.0469073519e+00,-1.8996879775e+00,-1.7411493205e+00,-1.5587118322e+00,-1.7462719177e+00,-1.5887735139e+00,-1.4241999784e+00,-1.2409811509e+00
999,9.9900,-2.0463268534e+00,-1.8994291834e+00,-1.7412217599e+00,-1.5591413491e+00,-1.7464406858e+00,-1.5890558382e+00,-1.4245859415e+00,-1.2414626880e+00
1000,10.0000,-2.0455090276e+00,-1.8989280362e+00,-1.7410465838e+00,-1.5593174114e+00,-1.7463612680e+00,-1.5890863144e+00,-1.4247165562e+00,-1.2416854175e+00
1001,10.0100,-2.0455580215e+00,-1.8993325872e+00,-1.7418136485e+00,-1.5604720001e+00,-1.7472174422e+00,-1.5900938031e+00,-1.4258596491e+00,-1.2429506370e+00
1002,10.0200,-2.0446810738e+00,-1.8987909508e+00,-1.7416203874e+00,-1.5606595371e+00,-1.7471176684e+00,-1.5901313252e+00,-1.4260264391e+00,-1.2432415390e+00
1003,10.0300,-2.0428370229e+00,-1.8972655170e+00,-1.7404283712e+00,-1.5598349950e+00,-1.7460139351e+00,-1.5891633693e+00,-1.4251886961e+00,-1.2425319804e+00
1004,10.0400,-2.0408156600e+00,-1.8955591785e+00,-1.7390510104e+00,-1.5588192476e+00,-1.7447229469e+00,-1.5880070472e+00,-1.4241609716e+00,-1.2416301243e+00
1005,10.0500,-2.0391339968e+00,-1.8941936786e+00,-1.7380145852e+00,-1.5581431211e+00,-1.7437736056e+00,-1.5871901179e+00,-1.4234693871e+00,-1.2410598781e+00
1006,10.0600,-2.0380716426e+00,-1.8934576750e+00,-1.7376219129e+00,-1.5581309851e+00,-1.7434866904e+00,-1.5870174030e+00,-1.4234075347e+00,-1.2411081260e+00
1007,10.0700,-2.0369771745e+00,-1.8927057719e+00,-1.7372261142e+00,-1.5581254168e+00,-1.7431821692e+00,-1.5868611024e+00,-1.4233895087e+00,-1.2412226570e+00
1008,10.0800,-2.0358454174e+00,-1.8919173599e+00,-1.7367945608e+00,-1.5580847693e+00,-1.7428424006e+00,-1.5866692085e+00,-1.4233355235e+00,-1.2413008672e+00
1009,10.0900,-2.0347850041e+00,-1.8911995559e+00,-1.7364321381e+00,-1.5581106613e+00,-1.7425715768e+00,-1.5865446590e+00,-1.4233468817e+00,-1.2414417239e+00
1010,10.1000,-2.0336443088e+00,-1.8903968560e+00,-1.7359792453e+00,-1.5580390052e+00,-1.7422080687e+00,-1.5863258323e+00,-1.4232617793e+00,-1.2414831958e+00
1011,10.1100,-2.0324078620e+00,-1.8894949006e+00,-1.7354235583e+00,-1.5578606787e+00,-1.7417421700e+00,-1.5860008259e+00,-1.4230671379e+00,-1.2414119687e+00
1012,10.1200,-2.0321081462e+00,-1.8895418029e+00,-1.7358330466e+00,-1.5586697748e+00,-1.7422638669e+00,-1.5866400950e+00,-1.4238174627e+00,-1.2422696378e+00
1013,10.1300,-2.0326519299e+00,-1.8904629953e+00,-1.7371453758e+00,-1.5604095567e+00,-1.7436813040e+00,-1.5882102305e+00,-1.4255275687e+00,-1.2441112418e+00
1014,10.1400,-2.0334960390e+00,-1.8917000914e+00,-1.7387870780e+00,-1.5624906385e+00,-1.7454198136e+00,-1.5901261823e+00,-1.4276042031e+00,-1.2463370525e+00
1015,10.1500,-2.0343354956e+00,-1.8929268850e+00,-1.7404122752e+00,-1.5645479337e+00,-1.7471406159e+00,-1.5920208565e+00,-1.4296560874e+00,-1.2485344859e+00
1016,10.1600,-2.0353359533e+00,-1.8943103423e+00,-1.7421895560e+00,-1.5667520769e+00,-1.7490151052e+00,-1.5940621672e+00,-1.4318480138e+00,-1.2508653999e+00
1017,10.1700,-2.0362591369e+00,-1.8956112771e+00,-1.7438790350e+00,-1.5688627449e+00,-1.7508023783e+00,-1.5960106541e+00,-1.4339420148e+00,-1.2530935097e+00
1018,10.1800,-2.0369551633e+00,-1.8966783790e+00,-1.7453280113e+00,-1.5707258669e+00,-1.7523474853e+00,-1.5977143958e+00,-1.4357893854e+00,-1.2550737287e+00
1019,10.1900,-2.0364405617e+00,-1.8965114483e+00,-1.7455228708e+00,-1.5713178081e+00,-1.7526379123e+00,-1.5981506019e+00,-1.4363617281e+00,-1.2557769152e+00
1020,10.2000,-2.0348249239e+00,-1.8952215303e+00,-1.7445773664e+00,-1.5707567698e+00,-1.7517923874e+00,-1.5974323446e+00,-1.4357676127e+00,-1.2553082903e+00
1021,10.2100,-2.0337211817e+00,-1.8944531529e+00,-1.7441671891e+00,-1.5707506381e+00,-1.7515011232e+00,-1.5972491126e+00,-1.4356928350e+00,-1.2553465608e+00
1022,10.2200,-2.0324238438e+00,-1.8934853044e+00,-1.7435508860e+00,-1.5705303804e+00,-1.7510005154e+00,-1.5968559929e+00,-1.4354070938e+00,-1.2551721996e+00
1023,10.2300,-2.0289700554e+00,-1.8903170657e+00,-1.7406935228e+00,-1.5680307470e+00,-1.7482467424e+00,-1.5942003227e+00,-1.4328547518e+00,-1.2527339639e+00
1024,10.2400,-2.0258997956e+00,-1.8875354152e+00,-1.7382250062e+00,-1.5659211375e+00,-1.7458838939e+00,-1.5919328601e+00,-1.4306869983e+00,-1.2506752533e+00
1025,10.2500,-2.0229811137e+00,-1.8849062125e+00,-1.7359088155e+00,-1.5639623784e+00,-1.7436729386e+00,-1.5898170055e+00,-1.4286695510e+00,-1.2487642030e+00
1026,10.2600,-2.0201986699e+00,-1.8824158964e+00,-1.7337329933e+00,-1.5621440256e+00,-1.7416003448e+00,-1.5878433650e+00,-1.4267968727e+00,-1.2469989288e+00
1027,10.2700,-2.0184244198e+00,-1.8809700440e+00,-1.7326331251e+00,-1.5614285422e+00,-1.7405902637e+00,-1.5869794851e+00,-1.4260744891e+00,-1.2464176460e+00
1028,10.2800,-2.0166039715e+00,-1.8794736729e+00,-1.7314782684e+00,-1.5606532279e+00,-1.7395252458e+00,-1.5860566204e+00,-1.4252892350e+00,-1.2457697941e+00
1029,10.2900,-2.0146520626e+00,-1.8778423695e+00,-1.7301851172e+00,-1.5597361936e+00,-1.7383229561e+00,-1.5849918259e+00,-1.4243577999e+00,-1.2449718249e+00
1030,10.3000,-2.0131193659e+00,-1.8766445341e+00,-1.7293386225e+00,-1.5592783662e+00,-1.7375667052e+00,-1.5843843423e+00,-1.4238924355e+00,-1.2446464207e+00
1031,10.3100,-2.0117818141e+00,-1.8756532185e+00,-1.7287157381e+00,-1.5590693692e+00,-1.7370466597e+00,-1.5840097027e+00,-1.4236608346e+00,-1.2445615182e+00
1032,10.3200,-2.0126039097e+00,-1.8768881115e+00,-1.7303861766e+00,-1.5612253299e+00,-1.7388308444e+00,-1.5859768873e+00,-1.4258035720e+00,-1.2468797093e+00
1033,10.3300,-2.0133186239e+00,-1.8780082399e+00,-1.7319333175e+00,-1.5632476049e+00,-1.7404889685e+00,-1.5878148319e+00,-1.4278136561e+00,-1.2490613412e+00
1034,10.3400,-2.0139412194e+00,-1.8790292309e+00,-1.7333736702e+00,-1.5651542208e+00,-1.7420389995e+00,-1.5895400310e+00,-1.4297065608e+00,-1.2511212759e+00
1035,10.3500,-2.0136469480e+00,-1.8791171214e+00,-1.7338629734e+00,-1.5660890928e+00,-1.7426225683e+00,-1.5903104130e+00,-1.4306556537e+00,-1.2522479486e+00
1036,10.3600,-2.0133145516e+00,-1.8791621707e+00,-1.7343044778e+00,-1.5669705739e+00,-1.7431591504e+00,-1.5910278543e+00,-1.4315461250e+00,-1.2533103338e+00
1037,10.3700,-2.0128008182e+00,-1.8790224836e+00,-1.7345574539e+00,-1.5676589758e+00,-1.7435064664e+00,-1.5915537386e+00,-1.4322425574e+00,-1.2541758326e+00
1038,10.3800,-2.0122565634e+00,-1.8788473004e+00,-1.7347692083e+00,-1.5682991473e+00,-1.7438113204e+00,-1.5920338441e+00,-1.4328895701e+00,-1.2549876593e+00
1039,10.3900,-2.0117163596e+00,-1.8786728161e+00,-1.7349781659e+00,-1.5689326710e+00,-1.7441136483e+00,-1.5925078054e+00,-1.4335269277e+00,-1.2557862965e+00
1040,10.4000,-2.0104820959e+00,-1.8777875103e+00,-1.7344607531e+00,-1.5688249477e+00,-1.7436878481e+00,-1.5922449074e+00,-1.4334216041e+00,-1.2558390398e+00
1041,10.4100,-2.0094244218e+00,-1.8770917073e+00,-1.7341441602e+00,-1.5689278793e+00,-1.7434550875e+00,-1.5921976132e+00,-1.4335521785e+00,-1.2561458457e+00
1042,10.4200,-2.0089250246e+00,-1.8769701810e+00,-1.7344165212e+00,-1.5696335776e+00,-1.7438087409e+00,-1.5927527120e+00,-1.4342987262e+00,-1.2570801111e+00
1043,10.4300,-2.0082917165e+00,-1.8767108145e+00,-1.7345470103e+00,-1.5701930256e+00,-1.7440212459e+00,-1.5931617653e+00,-1.4348944796e+00,-1.2578588882e+00
1044,10.4400,-2.0068253568e+00,-1.8755935285e+00,-1.7337973096e+00,-1.5698520387e+00,-1.7433559149e+00,-1.5926721793e+00,-1.4345755569e+00,-1.2577115512e+00
1045,10.4500,-2.0061188868e+00,-1.8752527093e+00,-1.7338452798e+00,-1.5703371240e+00,-1.7435074216e+00,-1.5929864031e+00,-1.4350498348e+00,-1.2583499733e+00
1046,10.4600,-2.0052765421e+00,-1.8747731039e+00,-1.7337507988e+00,-1.5706748889e+00,-1.7435145259e+00,-1.5931559829e+00,-1.4353787956e+00,-1.2588417383e+00
1047,10.4700,-2.0044531543e+00,-1.8743104942e+00,-1.7336709277e+00,-1.5710241430e+00,-1.7435366386e+00,-1.5933373767e+00,-1.4357161513e+00,-1.2593379859e+00
1048,10.4800,-2.0035783262e+00,-1.8737935390e+00,-1.7335334284e+00,-1.5713118168e+00,-1.7435007633e+00,-1.5934582845e+00,-1.4359904055e+00,-1.2597682371e+00
1049,10.4900,-2.0024911307e+00,-1.8730570697e+00,-1.7331680620e+00,-1.5713613585e+00,-1.7432309980e+00,-1.5933482143e+00,-1.4360360646e+00,-1.2599714899e+00
1050,10.5000,-2.0006680430e+00,-1.8715690967e+00,-1.7320349024e+00,-1.5706251827e+00,-1.7421854527e+00,-1.5924626329e+00,-1.4353070101e+00,-1.2594011360e+00
1051,10.5100,-1.9987691859e+00,-1.8700090749e+00,-1.7308347342e+00,-1.5698296855e+00,-1.7410754009e+00,-1.5915136243e+00,-1.4345158986e+00,-1.2587707784e+00
1052,10.5200,-1.9976238848e+00,-1.8692341408e+00,-1.7304536167e+00,-1.5698927185e+00,-1.7407931982e+00,-1.5914074462e+00,-1.4345812735e+00,-1.2590106719e+00
1053,10.5300,-1.9966143975e+00,-1.8685986413e+00,-1.7302146820e+00,-1.5700998674e+00,-1.7406501608e+00,-1.5914474938e+00,-1.4347985670e+00,-1.2594071591e+00
1054,10.5400,-1.9957067690e+00,-1.8680635840e+00,-1.7300740434e+00,-1.5704019939e+00,-1.7406051675e+00,-1.5915835120e+00,-1.4351093480e+00,-1.2598939475e+00
1055,10.5500,-1.9951270217e+00,-1.8678680313e+00,-1.7302857278e+00,-1.5710713551e+00,-1.7409184323e+00,-1.5920789560e+00,-1.4357812703e+00,-1.2607440700e+00
1056,10.5600,-1.9945415151e+00,-1.8676690299e+00,-1.7305007927e+00,-1.5717575455e+00,-1.7412417250e+00,-1.5925822878e+00,-1.4364623717e+00,-1.2616097857e+00
1057,10.5700,-1.9934361871e+00,-1.8669348493e+00,-1.7301648032e+00,-1.5718752780e+00,-1.7410097857e+00,-1.5925239454e+00,-1.4365756766e+00,-1.2619018804e+00
1058,10.5800,-1.9923404311e+00,-1.8662079556e+00,-1.7298328652e+00,-1.5719923420e+00,-1.7407807063e+00,-1.5924669778e+00,-1.4366882334e+00,-1.2621901271e+00
1059,10.5900,-1.9911964798e+00,-1.8654330023e+00,-1.7294527432e+00,-1.5720606404e+00,-1.7405039287e+00,-1.5923610472e+00,-1.4367504168e+00,-1.2624261818e+00
1060,10.6000,-1.9906749335e+00,-1.8652930106e+00,-1.7297210212e+00,-1.5727928140e+00,-1.7408819531e+00,-1.5929103058e+00,-1.4374674468e+00,-1.2633164868e+00
1061,10.6100,-1.9903513415e+00,-1.8653565764e+00,-1.7302040544e+00,-1.5737586404e+00,-1.7414927576e+00,-1.5936740210e+00,-1.4383858362e+00,-1.2644007214e+00
1062,10.6200,-1.9899549478e+00,-1.8653446443e+00,-1.7306129481e+00,-1.5746568597e+00,-1.7420398254e+00,-1.5943600690e+00,-1.4392176692e+00,-1.2653944156e+00
1063,10.6300,-1.9879725136e+00,-1.8637143545e+00,-1.7293684944e+00,-1.5738617664e+00,-1.7409118273e+00,-1.5933787314e+00,-1.4383891356e+00,-1.2647342806e+00
1064,10.6400,-1.9868880885e+00,-1.8630232439e+00,-1.7291003629e+00,-1.5740766440e+00,-1.7407450524e+00,-1.5934144970e+00,-1.4386276612e+00,-1.2651855905e+00
1065,10.6500,-1.9858123927e+00,-1.8623365734e+00,-1.7288321386e+00,-1.5742863308e+00,-1.7405791013e+00,-1.5934452960e+00,-1.4388556103e+00,-1.2656208008e+00
1066,10.6600,-1.9845740956e+00,-1.8614776061e+00,-1.7283812107e+00,-1.5743014472e+00,-1.7402277494e+00,-1.5932862163e+00,-1.4388895774e+00,-1.2658578164e+00
1067,10.6700,-1.9827524537e+00,-1.8600192779e+00,-1.7273142661e+00,-1.5736821707e+00,-1.7392544415e+00,-1.5925014157e+00,-1.4382949588e+00,-1.2654638730e+00
1068,10.6800,-1.9808380636e+00,-1.8584630415e+00,-1.7261437375e+00,-1.5729526384e+00,-1.7381771410e+00,-1.5916079662e+00,-1.4375867312e+00,-1.2649508960e+00
1069,10.6900,-1.9790442619e+00,-1.8570303670e+00,-1.7251004250e+00,-1.5723549481e+00,-1.7372319909e+00,-1.5908412970e+00,-1.4370003430e+00,-1.2645549865e+00
1070,10.7000,-1.9781168380e+00,-1.8564823183e+00,-1.7249648377e+00,-1.5726956312e+00,-1.7372174032e+00,-1.5909874929e+00,-1.4373126055e+00,-1.2650469984e+00
1071,10.7100,-1.9776902129e+00,-1.8564628442e+00,-1.7253820424e+00,-1.5736100820e+00,-1.7377381596e+00,-1.5917186282e+00,-1.4382543087e+00,-1.2662087479e+00
1072,10.7200,-1.9755031390e+00,-1.8546385352e+00,-1.7239499094e+00,-1.5726284275e+00,-1.7363957602e+00,-1.5905740635e+00,-1.4373107990e+00,-1.2654791459e+00
1073,10.7300,-1.9733473569e+00,-1.8528447021e+00,-1.7225473637e+00,-1.5716752165e+00,-1.7350856153e+00,-1.5894559265e+00,-1.4363877751e+00,-1.2647636701e+00
1074,10.7400,-1.9716756530e+00,-1.8515530510e+00,-1.7216646647e+00,-1.5712599879e+00,-1.7342948097e+00,-1.5888726040e+00,-1.4360126917e+00,-1.2646075725e+00
1075,10.7500,-1.9704193337e+00,-1.8506921173e+00,-1.7212278042e+00,-1.5713064366e+00,-1.7339491762e+00,-1.5887483240e+00,-1.4361087036e+00,-1.2649335967e+00
1076,10.7600,-1.9691936204e+00,-1.8498591035e+00,-1.7208154454e+00,-1.5713727751e+00,-1.7336276313e+00,-1.5886452631e+00,-1.4362226414e+00,-1.2652735305e+00
1077,10.7700,-1.9680987435e+00,-1.8491524721e+00,-1.7205246813e+00,-1.5715552360e+00,-1.7334284001e+00,-1.5886588031e+00,-1.4364475785e+00,-1.2657187020e+00
1078,10.7800,-1.9679744263e+00,-1.8494486469e+00,-1.7212710642e+00,-1.5728141164e+00,-1.7342754205e+00,-1.5897328930e+00,-1.4377456071e+00,-1.2672492969e+00
1079,10.7900,-1.9677369840e+00,-1.8496286114e+00,-1.7218979003e+00,-1.5739495104e+00,-1.7350032715e+00,-1.5906840619e+00,-1.4389172335e+00,-1.2686499432e+00
1080,10.8000,-1.9679997496e+00,-1.8503188829e+00,-1.7230481816e+00,-1.5756262501e+00,-1.7362688692e+00,-1.5921607142e+00,-1.4406040456e+00,-1.2705575776e+00
1081,10.8100,-1.9686143521e+00,-1.8513664260e+00,-1.7245620362e+00,-1.5776743525e+00,-1.7379035637e+00,-1.5940024947e+00,-1.4426524603e+00,-1.2728237050e+00
1082,10.8200,-1.9694570254e+00,-1.8526525413e+00,-1.7263237908e+00,-1.5799786223e+00,-1.7397813409e+00,-1.5961031053e+00,-1.4449736764e+00,-1.2753750730e+00
1083,10.8300,-1.9701383511e+00,-1.8537874581e+00,-1.7279413463e+00,-1.5821422224e+00,-1.7414970294e+00,-1.5980777556e+00,-1.4472014771e+00,-1.2778627262e+00
1084,10.8400,-1.9705189525e+00,-1.8546113180e+00,-1.7292361188e+00,-1.5839689465e+00,-1.7428844838e+00,-1.5997229726e+00,-1.4490983145e+00,-1.2800172615e+00
1085,10.8500,-1.9706732550e+00,-1.8552020499e+00,-1.7302907133e+00,-1.5855477341e+00,-1.7440310897e+00,-1.6011223680e+00,-1.4507448009e+00,-1.2819170970e+00
1086,10.8600,-1.9696481736e+00,-1.8545818169e+00,-1.7301025359e+00,-1.5858498365e+00,-1.7439280494e+00,-1.6012576441e+00,-1.4511156810e+00,-1.2825319285e+00
1087,10.8700,-1.9675794853e+00,-1.8528857596e+00,-1.7288084398e+00,-1.5850168746e+00,-1.7427217222e+00,-1.6002611791e+00,-1.4503312769e+00,-1.2819721961e+00
1088,10.8800,-1.9657462509e+00,-1.8514260505e+00,-1.7277517597e+00,-1.5844226170e+00,-1.7417555273e+00,-1.5995008444e+00,-1.4497789396e+00,-1.2816402410e+00
1089,10.8900,-1.9641003539e+00,-1.8501539994e+00,-1.7268826034e+00,-1.5840150924e+00,-1.7409775650e+00,-1.5989268599e+00,-1.4494106153e+00,-1.2814892524e+00
1090,10.9000,-1.9623359287e+00,-1.8487605138e+00,-1.7258890968e+00,-1.5834800671e+00,-1.7400763316e+00,-1.5982250391e+00,-1.4489099100e+00,-1.2812011735e+00
1091,10.9100,-1.9601270936e+00,-1.8469032095e+00,-1.7244146154e+00,-1.5824488919e+00,-1.7387001563e+00,-1.5970245633e+00,-1.4478901790e+00,-1.2803771099e+00
1092,10.9200,-1.9579645087e+00,-1.8450931889e+00,-1.7229876270e+00,-1.5814643414e+00,-1.7373694800e+00,-1.5958726199e+00,-1.4469210298e+00,-1.2796045452e+00
1093,10.9300,-1.9560478990e+00,-1.8435361053e+00,-1.7218275214e+00,-1.5807707692e+00,-1.7363306224e+00,-1.5949848389e+00,-1.4461931726e+00,-1.2790563821e+00
1094,10.9400,-1.9535750369e+00,-1.8414037474e+00,-1.7200743076e+00,-1.5794666814e+00,-1.7347018238e+00,-1.5934871183e+00,-1.4448379171e+00,-1.2778655199e+00
1095,10.9500,-1.9511302539e+00,-1.8392995910e+00,-1.7183485993e+00,-1.5781882089e+00,-1.7330993274e+00,-1.5920165212e+00,-1.4435098492e+00,-1.2767007851e+00
1096,10.9600,-1.9486555717e+00,-1.8371647528e+00,-1.7165907508e+00,-1.5768751254e+00,-1.7314634751e+00,-1.5905128691e+00,-1.4421483024e+00,-1.2755011404e+00
1097,10.9700,-1.9462802784e+00,-1.8351458190e+00,-1.7149627157e+00,-1.5757032459e+00,-1.7299401821e+00,-1.5891632064e+00,-1.4409789832e+00,-1.2745294763e+00
1098,10.9800,-1.9451840093e+00,-1.8344588977e+00,-1.7147187091e+00,-1.5759692022e+00,-1.7297919078e+00,-1.5892487850e+00,-1.4413003715e+00,-1.2751014177e+00
1099,10.9900,-1.9446459154e+00,-1.8343526366e+00,-1.7150774010e+00,-1.5768606936e+00,-1.7302430694e+00,-1.5899582122e+00,-1.4422677214e+00,-1.2763403372e+00
1100,11.0000,-1.9442670276e+00,-1.8344043364e+00,-1.7155922123e+00,-1.5779055938e+00,-1.7308509244e+00,-1.5908211626e+00,-1.4433851023e+00,-1.2777252052e+00
1101,11.0100,-1.9429651757e+00,-1.8334963719e+00,-1.7151159479e+00,-1.5779336645e+00,-1.7304812583e+00,-1.5906600049e+00,-1.4434394836e+00,-1.2780158856e+00
1102,11.0200,-1.9422893191e+00,-1.8332552093e+00,-1.7153468590e+00,-1.5787109918e+00,-1.7308112424e+00,-1.5912467593e+00,-1.4442874857e+00,-1.2791442583e+00
1103,11.0300,-1.9415900358e+00,-1.8329895169e+00,-1.7155504769e+00,-1.5794560429e+00,-1.7311090214e+00,-1.5918064158e+00,-1.4451119153e+00,-1.2802510533e+00
1104,11.0400,-1.9409362528e+00,-1.8327660278e+00,-1.7157925445e+00,-1.5802349348e+00,-1.7314458981e+00,-1.5924003076e+00,-1.4459655722e+00,-1.2813816854e+00
1105,11.0500,-1.9406457379e+00,-1.8329123478e+00,-1.7164141414e+00,-1.5814076257e+00,-1.7321775958e+00,-1.5933723032e+00,-1.4471837491e+00,-1.2828657615e+00
1106,11.0600,-1.9396007425e+00,-1.8322915177e+00,-1.7162527909e+00,-1.5817772295e+00,-1.7321107168e+00,-1.5935579743e+00,-1.4476246221e+00,-1.2835789549e+00
1107,11.0700,-1.9382007212e+00,-1.8312991888e+00,-1.7157049113e+00,-1.5817461918e+00,-1.7316607021e+00,-1.5933429474e+00,-1.4476505735e+00,-1.2838656856e+00
1108,11.0800,-1.9375287381e+00,-1.8310531041e+00,-1.7159238632e+00,-1.5825070925e+00,-1.7319872370e+00,-1.5939062745e+00,-1.4484566931e+00,-1.2849354091e+00
1109,11.0900,-1.9367119321e+00,-1.8306562874e+00,-1.7159853970e+00,-1.5831023906e+00,-1.7321550889e+00,-1.5943067619e+00,-1.4490955809e+00,-1.2858328810e+00
1110,11.1000,-1.9359168171e+00,-1.8302789358e+00,-1.7160636665e+00,-1.5837107579e+00,-1.7323401230e+00,-1.5947207605e+00,-1.4497440558e+00,-1.2867353272e+00
1111,11.1100,-1.9367713555e+00,-1.8316036947e+00,-1.7179011676e+00,-1.5861446478e+00,-1.7343013147e+00,-1.5969332819e+00,-1.4522150949e+00,-1.2894869797e+00
1112,11.1200,-1.9369825268e+00,-1.8322752500e+00,-1.7190709437e+00,-1.5878897697e+00,-1.7355725697e+00,-1.5984799357e+00,-1.4540400884e+00,-1.2916088274e+00
1113,11.1300,-1.9356589890e+00,-1.8313678370e+00,-1.7186168565e+00,-1.5879627913e+00,-1.7352118005e+00,-1.5983708582e+00,-1.4541891295e+00,-1.2920370282e+00
1114,11.1400,-1.9334043700e+00,-1.8295025277e+00,-1.7171779145e+00,-1.5870221628e+00,-1.7338634688e+00,-1.5972560687e+00,-1.4533164490e+00,-1.2914287743e+00
1115,11.1500,-1.9312920330e+00,-1.8277810222e+00,-1.7158844012e+00,-1.5862287247e+00,-1.7326627874e+00,-1.5962862649e+00,-1.4525860114e+00,-1.2909597961e+00
1116,11.1600,-1.9291464245e+00,-1.8260262910e+00,-1.7145572750e+00,-1.5854006594e+00,-1.7314278207e+00,-1.5952826051e+00,-1.4518215423e+00,-1.2904559029e+00
1117,11.1700,-1.9268592850e+00,-1.8241240957e+00,-1.7130757277e+00,-1.5844095085e+00,-1.7300364495e+00,-1.5941191914e+00,-1.4508931266e+00,-1.2897827814e+00
1118,11.1800,-1.9247249927e+00,-1.8223766694e+00,-1.7117512833e+00,-1.5835783776e+00,-1.7288054000e+00,-1.5931125123e+00,-1.4501180682e+00,-1.2892596502e+00
1119,11.1900,-1.9245950032e+00,-1.8226954063e+00,-1.7125625686e+00,-1.5849669627e+00,-1.7297384937e+00,-1.5942843344e+00,-1.4515375210e+00,-1.2909510636e+00
1120,11.2000,-1.9242168170e+00,-1.8227585906e+00,-1.7131083390e+00,-1.5860761407e+00,-1.7303966799e+00,-1.5951875563e+00,-1.4526927449e+00,-1.2923805404e+00
1121,11.2100,-1.9228543286e+00,-1.8218130373e+00,-1.7126163090e+00,-1.5861109781e+00,-1.7299962468e+00,-1.5950412863e+00,-1.4528047339e+00,-1.2927698793e+00
1122,11.2200,-1.9215530379e+00,-1.8209282813e+00,-1.7121848117e+00,-1.5862061599e+00,-1.7296584903e+00,-1.5949536391e+00,-1.4529715691e+00,-1.2932103063e+00
1123,11.2300,-1.9203276493e+00,-1.8201194379e+00,-1.7118291639e+00,-1.5863769415e+00,-1.7293981409e+00,-1.5949403889e+00,-1.4532098207e+00,-1.2937189775e+00
1124,11.2400,-1.9197107700e+00,-1.8199486203e+00,-1.7121420464e+00,-1.5872500268e+00,-1.7298060894e+00,-1.5956227662e+00,-1.4541689322e+00,-1.2949733511e+00
1125,11.2500,-1.9202435545e+00,-1.8209703198e+00,-1.7136918709e+00,-1.5894093397e+00,-1.7314529016e+00,-1.5975798982e+00,-1.4564364482e+00,-1.2975698369e+00
1126,11.2600,-1.9206049498e+00,-1.8218109331e+00,-1.7150506594e+00,-1.5913667445e+00,-1.7329094901e+00,-1.5993365842e+00,-1.4584939576e+00,-1.2999470194e+00
1127,11.2700,-1.9199183059e+00,-1.8215606256e+00,-1.7152792613e+00,-1.5921572369e+00,-1.7332490625e+00,-1.5999217742e+00,-1.4593318538e+00,-1.3010622716e+00
1128,11.2800,-1.9192740501e+00,-1.8213524015e+00,-1.7155489417e+00,-1.5929867283e+00,-1.7336291114e+00,-1.6005470253e+00,-1.4602088854e+00,-1.3022147479e+00
1129,11.2900,-1.9195995453e+00,-1.8221405652e+00,-1.7168465338e+00,-1.5948840968e+00,-1.7350574294e+00,-1.6022145799e+00,-1.4621242544e+00,-1.3044043391e+00
1130,11.3000,-1.9193298491e+00,-1.8223121517e+00,-1.7175055592e+00,-1.5961187516e+00,-1.7358455665e+00,-1.6032256591e+00,-1.4633684620e+00,-1.3059087553e+00
1131,11.3100,-1.9176843651e+00,-1.8210621323e+00,-1.7166964141e+00,-1.5958349110e+00,-1.7351604086e+00,-1.6027325507e+00,-1.4630811186e+00,-1.3058561804e+00
1132,11.3200,-1.9140739612e+00,-1.8177914097e+00,-1.7138088848e+00,-1.5934091334e+00,-1.7323798303e+00,-1.6001246220e+00,-1.4606631746e+00,-1.3036596111e+00
1133,11.3300,-1.9107866427e+00,-1.8148558148e+00,-1.7112678902e+00,-1.5913409508e+00,-1.7299440508e+00,-1.5978738207e+00,-1.4586133713e+00,-1.3018409727e+00
1134,11.3400,-1.9080335485e+00,-1.8124789569e+00,-1.7093090524e+00,-1.5898780995e+00,-1.7280834235e+00,-1.5962301431e+00,-1.4572003439e+00,-1.3006872268e+00
1135,11.3500,-1.9057143067e+00,-1.8105593730e+00,-1.7078298962e+00,-1.5889171343e+00,-1.7266940557e+00,-1.5950916497e+00,-1.4563247943e+00,-1.3001025727e+00
1136,11.3600,-1.9034574918e+00,-1.8087010927e+00,-1.7064106432e+00,-1.5880142604e+00,-1.7253659018e+00,-1.5940104398e+00,-1.4555021879e+00,-1.2995659187e+00
1137,11.3700,-1.9011876296e+00,-1.8068272789e+00,-1.7049730946e+00,-1.5870898237e+00,-1.7240201475e+00,-1.5929077002e+00,-1.4546539477e+00,-1.2989991377e+00
1138,11.3800,-1.8989838968e+00,-1.8050199144e+00,-1.7036021313e+00,-1.5862319000e+00,-1.7227421778e+00,-1.5918704180e+00,-1.4538683983e+00,-1.2984917385e+00
1139,11.3900,-1.8967432914e+00,-1.8031737333e+00,-1.7021898978e+00,-1.5853294488e+00,-1.7214219883e+00,-1.5907900638e+00,-1.4530385120e+00,-1.2979381528e+00
1140,11.4000,-1.8943878031e+00,-1.8012096672e+00,-1.7006563880e+00,-1.5843016478e+00,-1.7199798801e+00,-1.5895856604e+00,-1.4520821053e+00,-1.2972551018e+00
1141,11.4100,-1.8931254467e+00,-1.8003806693e+00,-1.7003051883e+00,-1.5845132988e+00,-1.7197319666e+00,-1.5895991871e+00,-1.4523696383e+00,-1.2978467500e+00
1142,11.4200,-1.8923234853e+00,-1.8000334696e+00,-1.7004593304e+00,-1.5852581781e+00,-1.7199917902e+00,-1.5901381946e+00,-1.4532004973e+00,-1.2990014023e+00
1143,11.4300,-1.8925217095e+00,-1.8007176986e+00,-1.7016775217e+00,-1.5871037415e+00,-1.7213193695e+00,-1.5917672028e+00,-1.4551416053e+00,-1.3012863414e+00
1144,11.4400,-1.8932221183e+00,-1.8019176347e+00,-1.7034251057e+00,-1.5894934674e+00,-1.7231780423e+00,-1.5939359915e+00,-1.4576301074e+00,-1.3041257451e+00
1145,11.4500,-1.8927237452e+00,-1.8018861392e+00,-1.7039042763e+00,-1.5905699041e+00,-1.7237498387e+00,-1.5948164371e+00,-1.4588281808e+00,-1.3056706606e+00
1146,11.4600,-1.8921255545e+00,-1.8017505671e+00,-1.7042749566e+00,-1.5915329640e+00,-1.7242140617e+00,-1.5955836458e+00,-1.4599073614e+00,-1.3070907535e+00
1147,11.4700,-1.8912182640e+00,-1.8012985338e+00,-1.7043209778e+00,-1.5921615633e+00,-1.7243519630e+00,-1.5960197527e+00,-1.4606503352e+00,-1.3081687678e+00
1148,11.4800,-1.8904628054e+00,-1.8010001063e+00,-1.7045222727e+00,-1.5929470248e+00,-1.7246460399e+00,-1.5966116907e+00,-1.4615486000e+00,-1.3094012175e+00
1149,11.4900,-1.8896288273e+00,-1.8006181614e+00,-1.7046350444e+00,-1.5936386257e+00,-1.7248534130e+00,-1.5971092511e+00,-1.4623451126e+00,-1.3105244788e+00
1150,11.5000,-1.8888661063e+00,-1.8003058880e+00,-1.7048154726e+00,-1.5943951951e+00,-1.7251283627e+00,-1.5976723887e+00,-1.4632048567e+00,-1.3117080549e+00
1151,11.5100,-1.8882651723e+00,-1.8001583614e+00,-1.7051641528e+00,-1.5953247865e+00,-1.7255736769e+00,-1.5984056067e+00,-1.4642344517e+00,-1.3130614344e+00
1152,11.5200,-1.8876568592e+00,-1.8000186938e+00,-1.7055363921e+00,-1.5962951577e+00,-1.7260336473e+00,-1.5991843413e+00,-1.4653417750e+00,-1.3145269436e+00
1153,11.5300,-1.8866934238e+00,-1.7995128941e+00,-1.7055300212e+00,-1.5968718305e+00,-1.7261102095e+00,-1.5995763932e+00,-1.4660584168e+00,-1.3155968097e+00
1154,11.5400,-1.8857696075e+00,-1.7990459731e+00,-1.7055615943e+00,-1.5974851760e+00,-1.7262253278e+00,-1.6000048290e+00,-1.4668089931e+00,-1.3166978106e+00
1155,11.5500,-1.8856614684e+00,-1.7994140021e+00,-1.7064543384e+00,-1.5989968644e+00,-1.7272289092e+00,-1.6013005013e+00,-1.4684101714e+00,-1.3186379663e+00
1156,11.5600,-1.8845473385e+00,-1.7987464089e+00,-1.7062805947e+00,-1.5994081306e+00,-1.7271597446e+00,-1.6015072505e+00,-1.4689063515e+00,-1.3194569366e+00
1157,11.5700,-1.8833214038e+00,-1.7979637296e+00,-1.7059877420e+00,-1.5996949213e+00,-1.7269707525e+00,-1.6015912725e+00,-1.4692763491e+00,-1.3201452327e+00
1158,11.5800,-1.8821640146e+00,-1.7972492354e+00,-1.7057625213e+00,-1.6000484155e+00,-1.7268502615e+00,-1.6017415102e+00,-1.4697101431e+00,-1.3208944831e+00
1159,11.5900,-1.8809523389e+00,-1.7964766513e+00,-1.7054743630e+00,-1.6003324208e+00,-1.7266639515e+00,-1.6018260727e+00,-1.4700777246e+00,-1.3215760854e+00
1160,11.6000,-1.8794383724e+00,-1.7953904337e+00,-1.7048616174e+00,-1.6002806502e+00,-1.7261551681e+00,-1.6015754648e+00,-1.4700994437e+00,-1.3219021457e+00
1161,11.6100,-1.8778139496e+00,-1.7941832726e+00,-1.7041191489e+00,-1.6000921339e+00,-1.7255243522e+00,-1.6011829085e+00,-1.4699620924e+00,-1.3220541027e+00
1162,11.6200,-1.8753129930e+00,-1.7920747955e+00,-1.7024471280e+00,-1.5989399465e+00,-1.7239491368e+00,-1.5998456293e+00,-1.4688770303e+00,-1.3212528010e+00
1163,11.6300,-1.8726879225e+00,-1.7898391232e+00,-1.7006443093e+00,-1.5976524173e+00,-1.7222421118e+00,-1.5983747572e+00,-1.4676561286e+00,-1.3203126997e+00
1164,11.6400,-1.8699487501e+00,-1.7874854069e+00,-1.6987248750e+00,-1.5962575092e+00,-1.7204342525e+00,-1.5967799425e+00,-1.4662911738e+00,-1.3192133770e+00
1165,11.6500,-1.8673602925e+00,-1.7852838543e+00,-1.6969586891e+00,-1.5950163319e+00,-1.7187803209e+00,-1.5953383536e+00,-1.4650784149e+00,-1.3182643617e+00
1166,11.6600,-1.8646892317e+00,-1.7829972568e+00,-1.6951038657e+00,-1.5936811002e+00,-1.7170347649e+00,-1.5938064629e+00,-1.4637758873e+00,-1.3172249206e+00
1167,11.6700,-1.8627739228e+00,-1.7815040475e+00,-1.6940808306e+00,-1.5932193808e+00,-1.7161158851e+00,-1.5931443153e+00,-1.4633841949e+00,-1.3171376561e+00
1168,11.6800,-1.8626321886e+00,-1.7818509665e+00,-1.6949693230e+00,-1.5947507997e+00,-1.7171181422e+00,-1.5944518837e+00,-1.4650131217e+00,-1.3191265302e+00
1169,11.6900,-1.8627247893e+00,-1.7824397380e+00,-1.6961065375e+00,-1.5965373344e+00,-1.7183659961e+00,-1.5960162215e+00,-1.4669095600e+00,-1.3213936506e+00
1170,11.7000,-1.8616785107e+00,-1.7818616184e+00,-1.6960427320e+00,-1.5970788239e+00,-1.7183882152e+00,-1.5963652044e+00,-1.4675968984e+00,-1.3224533500e+00
1171,11.7100,-1.8602710249e+00,-1.7808999221e+00,-1.6955777929e+00,-1.5972074281e+00,-1.7180290780e+00,-1.5962857279e+00,-1.4678133425e+00,-1.3230046083e+00
1172,11.7200,-1.8596867234e+00,-1.7807988410e+00,-1.6960121240e+00,-1.5982777818e+00,-1.7185676209e+00,-1.5971412246e+00,-1.4690009780e+00,-1.3245640144e+00
1173,11.7300,-1.8595941962e+00,-1.7812130824e+00,-1.6969841758e+00,-1.5999078489e+00,-1.7196345794e+00,-1.5985606630e+00,-1.4707868259e+00,-1.3267556708e+00
1174,11.7400,-1.8589446348e+00,-1.7810457812e+00,-1.6973494104e+00,-1.6009033334e+00,-1.7200952789e+00,-1.5993505568e+00,-1.4719213541e+00,-1.3282744952e+00
1175,11.7500,-1.8576013586e+00,-1.7801594584e+00,-1.6969694745e+00,-1.6011246935e+00,-1.7198102416e+00,-1.5993726533e+00,-1.4722676092e+00,-1.3289846750e+00
1176,11.7600,-1.8563407380e+00,-1.7793553696e+00,-1.6966716289e+00,-1.6014283547e+00,-1.7196105980e+00,-1.5994740870e+00,-1.4726869974e+00,-1.3297614083e+00
1177,11.7700,-1.8553395882e+00,-1.7788177078e+00,-1.6966476972e+00,-1.6020145446e+00,-1.7196875458e+00,-1.5998540691e+00,-1.4733867843e+00,-1.3308203711e+00
1178,11.7800,-1.8540579454e+00,-1.7779850780e+00,-1.6963167238e+00,-1.6022840692e+00,-1.7194685516e+00,-1.5999098462e+00,-1.4737382046e+00,-1.3315096735e+00
1179,11.7900,-1.8525447623e+00,-1.7769149950e+00,-1.6957411777e+00,-1.6022998935e+00,-1.7190015597e+00,-1.5997165848e+00,-1.4738384312e+00,-1.3319442479e+00
1180,11.8000,-1.8506039747e+00,-1.7754042921e+00,-1.6947083560e+00,-1.6018359622e+00,-1.7180631635e+00,-1.5990602572e+00,-1.4734816491e+00,-1.3319250843e+00
1181,11.8100,-1.8492494506e+00,-1.7745184940e+00,-1.6943377830e+00,-1.6020719737e+00,-1.7177692536e+00,-1.5991123311e+00,-1.4738951488e+00,-1.3327385059e+00
1182,11.8200,-1.8474167165e+00,-1.7731354967e+00,-1.6934512842e+00,-1.6017726424e+00,-1.7169631555e+00,-1.5986295289e+00,-1.4737526018e+00,-1.3329755197e+00
1183,11.8300,-1.8448963477e+00,-1.7710350227e+00,-1.6918175402e+00,-1.6006947293e+00,-1.7154136467e+00,-1.5973707708e+00,-1.4728034525e+00,-1.3323760170e+00
1184,11.8400,-1.8422575097e+00,-1.7688149565e+00,-1.6900629430e+00,-1.5994944658e+00,-1.7137434165e+00,-1.5959897091e+00,-1.4717298036e+00,-1.3316490757e+00
1185,11.8500,-1.8397991892e+00,-1.7667755533e+00,-1.6884893400e+00,-1.5984757331e+00,-1.7122569313e+00,-1.5947877354e+00,-1.4708306317e+00,-1.3310917367e+00
1186,11.8600,-1.8381374118e+00,-1.7655626569e+00,-1.6877736600e+00,-1.5983503056e+00,-1.7116289220e+00,-1.5944714226e+00,-1.4708428577e+00,-1.3314719651e+00
1187,11.8700,-1.8369210339e+00,-1.7648096741e+00,-1.6875327485e+00,-1.5987159168e+00,-1.7114753674e+00,-1.5946431837e+00,-1.4713559266e+00,-1.3323658191e+00
1188,11.8800,-1.8355638090e+00,-1.7639129932e+00,-1.6871447193e+00,-1.5989300119e+00,-1.7111731480e+00,-1.5946656673e+00,-1.4717188536e+00,-1.3331082057e+00
1189,11.8900,-1.8350498785e+00,-1.7638917994e+00,-1.6876689929e+00,-1.6001019953e+00,-1.7117978982e+00,-1.5956237649e+00,-1.4730262442e+00,-1.3348061422e+00
1190,11.9000,-1.8355503706e+00,-1.7649152360e+00,-1.6892716034e+00,-1.6023929303e+00,-1.7135132708e+00,-1.5976819027e+00,-1.4754432031e+00,-1.3376249003e+00
1191,11.9100,-1.8358690565e+00,-1.7657513538e+00,-1.6906805277e+00,-1.6044821688e+00,-1.7150334485e+00,-1.5995413818e+00,-1.4776579351e+00,-1.3402371977e+00
1192,11.9200,-1.8358661655e+00,-1.7662572239e+00,-1.6917500074e+00,-1.6062214441e+00,-1.7162140422e+00,-1.6010531268e+00,-1.4795169169e+00,-1.3424852431e+00
1193,11.9300,-1.8352645513e+00,-1.7661505467e+00,-1.6921880310e+00,-1.6073023260e+00,-1.7167394853e+00,-1.6019327264e+00,-1.4807647613e+00,-1.3441407182e+00
1194,11.9400,-1.8354124848e+00,-1.7668269907e+00,-1.6934436827e+00,-1.6092386655e+00,-1.7180781333e+00,-1.6036642900e+00,-1.4829024026e+00,-1.3467250774e+00
1195,11.9500,-1.8354227348e+00,-1.7673584966e+00,-1.6945464908e+00,-1.6110129373e+00,-1.7192642645e+00,-1.6052353228e+00,-1.4848713490e+00,-1.3491319104e+00
1196,11.9600,-1.8356949049e+00,-1.7681534150e+00,-1.6959142191e+00,-1.6130537684e+00,-1.7207170962e+00,-1.6070711030e+00,-1.4871030807e+00,-1.3517994819e+00
1197,11.9700,-1.8349435208e+00,-1.7678827789e+00,-1.6961742315e+00,-1.6139420681e+00,-1.7210671932e+00,-1.6077587205e+00,-1.4881441106e+00,-1.3532348738e+00
1198,11.9800,-1.8325832782e+00,-1.7659411232e+00,-1.6947007583e+00,-1.6130303459e+00,-1.7196891214e+00,-1.6066545661e+00,-1.4873338281e+00,-1.3527607068e+00
1199,11.9900,-1.8296076897e+00,-1.7633555323e+00,-1.6925549783e+00,-1.6114164567e+00,-1.7176441024e+00,-1.6048494456e+00,-1.4857907231e+00,-1.3515222989e+00
1200,12.0000,-1.8265575414e+00,-1.7606952693e+00,-1.6903337261e+00,-1.6097252883e+00,-1.7155212349e+00,-1.6029694507e+00,-1.4841748686e+00,-1.3502122342e+00
1201,12.0100,-1.8224414252e+00,-1.7569500575e+00,-1.6870001969e+00,-1.6068824331e+00,-1.7122496961e+00,-1.5999760052e+00,-1.4814719548e+00,-1.3478338643e+00
1202,12.0200,-1.8168956912e+00,-1.7517236082e+00,-1.6821293801e+00,-1.6024378123e+00,-1.7074259976e+00,-1.5954051204e+00,-1.4771633060e+00,-1.3438182207e+00
1203,12.0300,-1.8126975955e+00,-1.7478985468e+00,-1.6787184909e+00,-1.5995216476e+00,-1.7040697575e+00,-1.5923426465e+00,-1.4744048209e+00,-1.3413984184e+00
1204,12.0400,-1.8085945042e+00,-1.7441705785e+00,-1.6754070756e+00,-1.5967077362e+00,-1.7008155535e+00,-1.5893798168e+00,-1.4717438856e+00,-1.3390739878e+00
1205,12.0500,-1.8047065945e+00,-1.7406902705e+00,-1.6723724726e+00,-1.5941968731e+00,-1.6978097028e+00,-1.5867400934e+00,-1.4694779687e+00,-1.3372164412e+00
1206,12.0600,-1.8005852721e+00,-1.7369763103e+00,-1.6691007534e+00,-1.5914411039e+00,-1.6945512557e+00,-1.5838702246e+00,-1.4670011090e+00,-1.3351645518e+00
1207,12.0700,-1.7960870832e+00,-1.7328729366e+00,-1.6654265267e+00,-1.5882681617e+00,-1.6908906379e+00,-1.5805858809e+00,-1.4640981076e+00,-1.3326745420e+00
1208,12.0800,-1.7907494691e+00,-1.7279028009e+00,-1.6608555456e+00,-1.5841629563e+00,-1.6863255036e+00,-1.5763833124e+00,-1.4602637073e+00,-1.3292386631e+00
1209,12.0900,-1.7863033983e+00,-1.7238579783e+00,-1.6572465771e+00,-1.5810628987e+00,-1.6827277674e+00,-1.5731722928e+00,-1.4574440920e+00,-1.3268421991e+00
1210,12.1000,-1.7830254665e+00,-1.7210282695e+00,-1.6549023480e+00,-1.5792838996e+00,-1.6803948255e+00,-1.5712710594e+00,-1.4559782029e+00,-1.3258454635e+00
1211,12.1100,-1.7788433177e+00,-1.7172792997e+00,-1.6516190827e+00,-1.5765388836e+00,-1.6770952176e+00,-1.5684329373e+00,-1.4536030833e+00,-1.3239665024e+00
1212,12.1200,-1.7747169096e+00,-1.7135926183e+00,-1.6484046115e+00,-1.5738694515e+00,-1.6738612655e+00,-1.5656719446e+00,-1.4513167843e+00,-1.3221887843e+00
1213,12.1300,-1.7705357637e+00,-1.7098476008e+00,-1.6451285951e+00,-1.5711355254e+00,-1.6705700420e+00,-1.5628433722e+00,-1.4489530456e+00,-1.3203235955e+00
1214,12.1400,-1.7665021562e+00,-1.7062510092e+00,-1.6420023550e+00,-1.5685533641e+00,-1.6674321575e+00,-1.5601631633e+00,-1.4467330890e+00,-1.3185977128e+00
1215,12.1500,-1.7623252153e+00,-1.7025058898e+00,-1.6387224185e+00,-1.5658120351e+00,-1.6641427967e+00,-1.5573229354e+00,-1.4443447801e+00,-1.3166948139e+00
1216,12.1600,-1.7581179233e+00,-1.6987276467e+00,-1.6354068301e+00,-1.5630326794e+00,-1.6608206947e+00,-1.5544426204e+00,-1.4419092837e+00,-1.3147375090e+00
1217,12.1700,-1.7541002249e+00,-1.6951410898e+00,-1.6322852617e+00,-1.5604500633e+00,-1.6576957983e+00,-1.5517558827e+00,-1.4396639422e+00,-1.3129667814e+00
1218,12.1800,-1.7505085234e+00,-1.6919955587e+00,-1.6296215044e+00,-1.5583456259e+00,-1.6550336923e+00,-1.5495386916e+00,-1.4378945960e+00,-1.3116792477e+00
1219,12.1900,-1.7455611979e+00,-1.6874487347e+00,-1.6255051798e+00,-1.5547270019e+00,-1.6508993411e+00,-1.5458363152e+00,-1.4346253489e+00,-1.3088737498e+00
1220,12.2000,-1.7405309007e+00,-1.6828153545e+00,-1.6212992102e+00,-1.5510160280e+00,-1.6466786596e+00,-1.5420392895e+00,-1.4312537640e+00,-1.3059583267e+00
1221,12.2100,-1.7360722585e+00,-1.6787762712e+00,-1.6177112801e+00,-1.5479496106e+00,-1.6430750270e+00,-1.5388826893e+00,-1.4285461645e+00,-1.3037318755e+00
1222,12.2200,-1.7321448405e+00,-1.6752978625e+00,-1.6147140955e+00,-1.5455065737e+00,-1.6400561464e+00,-1.5363485390e+00,-1.4264984928e+00,-1.3022045910e+00
1223,12.2300,-1.7281617697e+00,-1.6717608469e+00,-1.6116555714e+00,-1.5429996150e+00,-1.6369786771e+00,-1.5337485325e+00,-1.4243777943e+00,-1.3005968783e+00
1224,12.2400,-1.7234439577e+00,-1.6674538607e+00,-1.6077903967e+00,-1.5396450362e+00,-1.6330954619e+00,-1.5303084628e+00,-1.4213847915e+00,-1.2980844708e+00
1225,12.2500,-1.7175714354e+00,-1.6619450661e+00,-1.6026747856e+00,-1.5349863137e+00,-1.6279628069e+00,-1.5255740730e+00,-1.4170550121e+00,-1.2941924892e+00
1226,12.2600,-1.7117109829e+00,-1.6564517052e+00,-1.5975780893e+00,-1.5303503403e+00,-1.6228490105e+00,-1.5208616752e+00,-1.4127499456e+00,-1.2903276166e+00
1227,12.2700,-1.7060819888e+00,-1.6511932225e+00,-1.5927200944e+00,-1.5259576740e+00,-1.6179765189e+00,-1.5163893684e+00,-1.4086835451e+00,-1.2866997999e+00
1228,12.2800,-1.7004998471e+00,-1.6459823637e+00,-1.5879107634e+00,-1.5216151344e+00,-1.6131543099e+00,-1.5119654330e+00,-1.4046634640e+00,-1.2831160337e+00
1229,12.2900,-1.6939823559e+00,-1.6398051456e+00,-1.5820983493e+00,-1.5162228830e+00,-1.6073091368e+00,-1.5065183151e+00,-1.3996173489e+00,-1.2784992886e+00
1230,12.3000,-1.6878919106e+00,-1.6340681670e+00,-1.5767408556e+00,-1.5113031768e+00,-1.6019227416e+00,-1.5015367925e+00,-1.3950436144e+00,-1.2743623907e+00
1231,12.3100,-1.6825605046e+00,-1.6291279291e+00,-1.5722204338e+00,-1.5072671186e+00,-1.5973741649e+00,-1.4974287041e+00,-1.3913778283e+00,-1.2711696725e+00
1232,12.3200,-1.6769605874e+00,-1.6239004063e+00,-1.5673941173e+00,-1.5029057815e+00,-1.5925257600e+00,-1.4929937135e+00,-1.3873590082e+00,-1.2675978024e+00
1233,12.3300,-1.6712940750e+00,-1.6186001473e+00,-1.5624894672e+00,-1.4984609361e+00,-1.5876033042e+00,-1.4884723956e+00,-1.3832420351e+00,-1.2639160044e+00
1234,12.3400,-1.6652584230e+00,-1.6129097738e+00,-1.5571745608e+00,-1.4935857068e+00,-1.5822791916e+00,-1.4835169398e+00,-1.3786598730e+00,-1.2597383432e+00
1235,12.3500,-1.6588318418e+00,-1.6068087686e+00,-1.5514306542e+00,-1.4882640244e+00,-1.5765353730e+00,-1.4781099272e+00,-1.3735955317e+00,-1.2550483571e+00
1236,12.3600,-1.6542639626e+00,-1.6026499124e+00,-1.5477173101e+00,-1.4850736498e+00,-1.5728203636e+00,-1.4748155534e+00,-1.3707260531e+00,-1.2526398020e+00
1237,12.3700,-1.6498549956e+00,-1.5986485416e+00,-1.5441597128e+00,-1.4820366262e+00,-1.5692628308e+00,-1.4716737076e+00,-1.3680042986e+00,-1.2503737635e+00
1238,12.3800,-1.6454865933e+00,-1.5946894352e+00,-1.5406457983e+00,-1.4790442632e+00,-1.5657483333e+00,-1.4685770994e+00,-1.3653300827e+00,-1.2481574507e+00
1239,12.3900,-1.6419550934e+00,-1.5916159526e+00,-1.5380668132e+00,-1.4770393736e+00,-1.5631534483e+00,-1.4664720388e+00,-1.3637210100e+00,-1.2470850243e+00
1240,12.4000,-1.6384987459e+00,-1.5886157165e+00,-1.5355591777e+00,-1.4751038333e+00,-1.5606324380e+00,-1.4644345298e+00,-1.3621730912e+00,-1.2460669194e+00
1241,12.4100,-1.6332356058e+00,-1.5837338320e+00,-1.5310907133e+00,-1.4711178486e+00,-1.5561471154e+00,-1.4603670316e+00,-1.3585302993e+00,-1.2428859698e+00
1242,12.4200,-1.6270023855e+00,-1.5778399230e+00,-1.5255670179e+00,-1.4660290765e+00,-1.5506092723e+00,-1.4552037862e+00,-1.3537504344e+00,-1.2385259323e+00
1243,12.4300,-1.6209818813e+00,-1.5721830557e+00,-1.5203039608e+00,-1.4612243192e+00,-1.5453134621e+00,-1.4503373996e+00,-1.3493250588e+00,-1.2345827855e+00
1244,12.4400,-1.6145642304e+00,-1.5661125426e+00,-1.5146096780e+00,-1.4559682809e+00,-1.5395868852e+00,-1.4450232558e+00,-1.3444348517e+00,-1.2301564389e+00
1245,12.4500,-1.6083558083e+00,-1.5602547313e+00,-1.5091320213e+00,-1.4509336835e+00,-1.5340796365e+00,-1.4399271440e+00,-1.3397610003e+00,-1.2259444286e+00
1246,12.4600,-1.6022487979e+00,-1.5544974191e+00,-1.5037540034e+00,-1.4459978962e+00,-1.5286743498e+00,-1.4349279296e+00,-1.3351786654e+00,-1.2218179361e+00
1247,12.4700,-1.5963666001e+00,-1.5489689831e+00,-1.4986095335e+00,-1.4413014379e+00,-1.5235060520e+00,-1.4301638284e+00,-1.3308293034e+00,-1.2179219962e+00
1248,12.4800,-1.5904109112e+00,-1.5433649567e+00,-1.4933873984e+00,-1.4365251623e+00,-1.5182611713e+00,-1.4253193249e+00,-1.3263955652e+00,-1.2139373468e+00
1249,12.4900,-1.5845713377e+00,-1.5378787818e+00,-1.4882848921e+00,-1.4318704624e+00,-1.5131369198e+00,-1.4205951196e+00,-1.3220814840e+00,-1.2100713378e+00
1250,12.5000,-1.5787457960e+00,-1.5324066261e+00,-1.4831964087e+00,-1.4272298128e+00,-1.5080274830e+00,-1.4158842457e+00,-1.3177790715e+00,-1.2062150303e+00
1251,12.5100,-1.5727527033e+00,-1.5267980525e+00,-1.4779955693e+00,-1.4224932660e+00,-1.5027553003e+00,-1.4111176959e+00,-1.3135207372e+00,-1.2025005412e+00
1252,12.5200,-1.5651029593e+00,-1.5194690292e+00,-1.4710038821e+00,-1.4158830833e+00,-1.4956765349e+00,-1.4045063825e+00,-1.3073751172e+00,-1.1968499551e+00
1253,12.5300,-1.5574541725e+00,-1.5121374437e+00,-1.4640068483e+00,-1.4092655601e+00,-1.4885974067e+00,-1.3978837855e+00,-1.3012079086e+00,-1.1911674039e+00
1254,12.5400,-1.5509066667e+00,-1.5059587299e+00,-1.4582177424e+00,-1.4039191928e+00,-1.4827246124e+00,-1.3925211131e+00,-1.2963539377e+00,-1.1868549283e+00
1255,12.5500,-1.5440147210e+00,-1.4994405307e+00,-1.4520891806e+00,-1.3982273073e+00,-1.4764842246e+00,-1.3868379181e+00,-1.2912206532e+00,-1.1823005872e+00
1256,12.5600,-1.5365018272e+00,-1.4922801407e+00,-1.4452940469e+00,-1.3918387881e+00,-1.4695683010e+00,-1.3804718167e+00,-1.2853957719e+00,-1.1770434005e+00
1257,12.5700,-1.5292312520e+00,-1.4853645495e+00,-1.4387472293e+00,-1.3857036170e+00,-1.4629066373e+00,-1.3743530467e+00,-1.2798122237e+00,-1.1720221310e+00
1258,12.5800,-1.5219937747e+00,-1.4784815229e+00,-1.4322329549e+00,-1.3796016005e+00,-1.4562809176e+00,-1.3682643979e+00,-1.2742534090e+00,-1.1670203095e+00
1259,12.5900,-1.5148655599e+00,-1.4717078968e+00,-1.4258292715e+00,-1.3736128053e+00,-1.4497716623e+00,-1.3622833869e+00,-1.2687942481e+00,-1.1621106444e+00
1260,12.6000,-1.5075624214e+00,-1.4647537327e+00,-1.4192376709e+00,-1.3674259139e+00,-1.4430681772e+00,-1.3561117280e+00,-1.2631466719e+00,-1.1570132566e+00
1261,12.6100,-1.4995293610e+00,-1.4570509373e+00,-1.4118742016e+00,-1.3604366722e+00,-1.4355750904e+00,-1.3491587677e+00,-1.2567225173e+00,-1.1511401989e+00
1262,12.6200,-1.4916006772e+00,-1.4494559799e+00,-1.4046229490e+00,-1.3535654695e+00,-1.4281976545e+00,-1.3423198070e+00,-1.2504115247e+00,-1.1453802659e+00
1263,12.6300,-1.4848660037e+00,-1.4431097625e+00,-1.3986781754e+00,-1.3480658732e+00,-1.4221207052e+00,-1.3368453218e+00,-1.2455304543e+00,-1.1411212231e+00
1264,12.6400,-1.4772935298e+00,-1.4358813652e+00,-1.3918046801e+00,-1.3415850356e+00,-1.4151185174e+00,-1.3303973706e+00,-1.2396298566e+00,-1.1357952806e+00
1265,12.6500,-1.4696627649e+00,-1.4285923224e+00,-1.3848683630e+00,-1.3350393347e+00,-1.4080555759e+00,-1.3238830806e+00,-1.2336572701e+00,-1.1303913564e+00
1266,12.6600,-1.4621333288e+00,-1.4214058406e+00,-1.3780367990e+00,-1.3286019653e+00,-1.4011023796e+00,-1.3174720524e+00,-1.2277819302e+00,-1.1250789226e+00
1267,12.6700,-1.4540046579e+00,-1.4135843278e+00,-1.3705339858e+00,-1.3214543144e+00,-1.3934861087e+00,-1.3103513938e+00,-1.2211524970e+00,-1.1189675468e+00
1268,12.6800,-1.4442902663e+00,-1.4041096053e+00,-1.3613055126e+00,-1.3124980315e+00,-1.3841381699e+00,-1.3014427599e+00,-1.2126761955e+00,-1.1109448110e+00
1269,12.6900,-1.4344784905e+00,-1.3945290925e+00,-1.3519627875e+00,-1.3034185287e+00,-1.3746775193e+00,-1.2924111044e+00,-1.2040662550e+00,-1.1027769931e+00
1270,12.7000,-1.4248991149e+00,-1.3851877039e+00,-1.3428669706e+00,-1.2945955310e+00,-1.3654674630e+00,-1.2836309010e+00,-1.1957090256e+00,-1.0948635886e+00
1271,12.7100,-1.4145764857e+00,-1.3750790755e+00,-1.3329777835e+00,-1.2849483344e+00,-1.3554593258e+00,-1.2740369571e+00,-1.1865228459e+00,-1.0861046466e+00
1272,12.7200,-1.4035691804e+00,-1.3642501509e+00,-1.3223317646e+00,-1.2745044044e+00,-1.3446991639e+00,-1.2636497858e+00,-1.1765031580e+00,-1.0764706184e+00
1273,12.7300,-1.3924315285e+00,-1.3532766459e+00,-1.3115280851e+00,-1.2638906206e+00,-1.3337902847e+00,-1.2530870967e+00,-1.1662821603e+00,-1.0666097101e+00
1274,12.7400,-1.3818990141e+00,-1.3429370402e+00,-1.3013885248e+00,-1.2539746736e+00,-1.3235412456e+00,-1.2432198455e+00,-1.1567936764e+00,-1.0575218845e+00
1275,12.7500,-1.3722494319e+00,-1.3335144849e+00,-1.2922021946e+00,-1.2450530697e+00,-1.3142438216e+00,-1.2343403805e+00,-1.1483295524e+00,-1.0494978904e+00
1276,12.7600,-1.3641199421e+00,-1.3256887564e+00,-1.2846928901e+00,-1.2378980639e+00,-1.3066109665e+00,-1.2272212994e+00,-1.1417230095e+00,-1.0434362598e+00
1277,12.7700,-1.3558419499e+00,-1.3177056179e+00,-1.2770163389e+00,-1.2305641124e+00,-1.2988112086e+00,-1.2199252681e+00,-1.1349289094e+00,-1.0371751182e+00
1278,12.7800,-1.3471059031e+00,-1.3092578499e+00,-1.2688643930e+00,-1.2227376975e+00,-1.2905151264e+00,-1.2121584087e+00,-1.1276868290e+00,-1.0304864952e+00
1279,12.7900,-1.3391721608e+00,-1.3016461329e+00,-1.2615846850e+00,-1.2158252471e+00,-1.2830922302e+00,-1.2052965157e+00,-1.1213819244e+00,-1.0247700487e+00
1280,12.8000,-1.3311596361e+00,-1.2939527899e+00,-1.2542206394e+00,-1.2088257668e+00,-1.2755872336e+00,-1.1983461384e+00,-1.1149821941e+00,-1.0189521229e+00
1281,12.8100,-1.3226740995e+00,-1.2857569077e+00,-1.2463249503e+00,-1.2012644843e+00,-1.2675596134e+00,-1.1908319120e+00,-1.1079795414e+00,-1.0124929583e+00
1282,12.8200,-1.3149826822e+00,-1.2783930087e+00,-1.2393006409e+00,-1.1946182027e+00,-1.2603964843e+00,-1.1842306676e+00,-1.1019398163e+00,-1.0070510568e+00
1283,12.8300,-1.3073678693e+00,-1.2711024628e+00,-1.2323466906e+00,-1.1880394034e+00,-1.2533086191e+00,-1.1776932058e+00,-1.0959523780e+00,-1.0016491763e+00
1284,12.8400,-1.3000364606e+00,-1.2640968505e+00,-1.2256793687e+00,-1.1817492136e+00,-1.2465104529e+00,-1.1714413725e+00,-1.0902465078e+00,-9.9652453835e-01
1285,12.8500,-1.2927441709e+00,-1.2571300187e+00,-1.2190505134e+00,-1.1754972034e+00,-1.2397521225e+00,-1.1652265296e+00,-1.0845744715e+00,-9.9143005697e-01
1286,12.8600,-1.2848412326e+00,-1.2495215465e+00,-1.2117477921e+00,-1.1685353116e+00,-1.2323241720e+00,-1.1583054269e+00,-1.0781608234e+00,-9.8555738902e-01
1287,12.8700,-1.2768149677e+00,-1.2417789673e+00,-1.2043000604e+00,-1.1614166019e+00,-1.2247543492e+00,-1.1512271456e+00,-1.0715751846e+00,-9.7949742376e-01
1288,12.8800,-1.2687545272e+00,-1.2339999320e+00,-1.1968138390e+00,-1.1542575849e+00,-1.2171483335e+00,-1.1441068408e+00,-1.0649416570e+00,-9.7338336393e-01
1289,12.8900,-1.2597854609e+00,-1.2252756364e+00,-1.1883409649e+00,-1.1460612867e+00,-1.2085436357e+00,-1.1359701807e+00,-1.0572735994e+00,-9.6621344852e-01
1290,12.9000,-1.2500514349e+00,-1.2157596077e+00,-1.1790461351e+00,-1.1370061622e+00,-1.1991059454e+00,-1.1269918176e+00,-1.0487547470e+00,-9.5818163594e-01
1291,12.9100,-1.2412008127e+00,-1.2071683185e+00,-1.1707196497e+00,-1.1289686384e+00,-1.1906306745e+00,-1.1190268132e+00,-1.0413014226e+00,-9.5127226029e-01
1292,12.9200,-1.2329601112e+00,-1.1992068692e+00,-1.1630440723e+00,-1.1216058964e+00,-1.1828064280e+00,-1.1117319488e+00,-1.0345377721e+00,-9.4507389718e-01
1293,12.9300,-1.2246436634e+00,-1.1911568469e+00,-1.1552674848e+00,-1.1141295567e+00,-1.1748884488e+00,-1.1043194737e+00,-1.0276330637e+00,-9.3871044197e-01
1294,12.9400,-1.2156593586e+00,-1.1824048191e+00,-1.1467541620e+00,-1.1058789233e+00,-1.1662419074e+00,-1.0961327657e+00,-1.0199090786e+00,-9.3148081494e-01
1295,12.9500,-1.2068255904e+00,-1.1738071183e+00,-1.1383996487e+00,-1.0977927787e+00,-1.1577570855e+00,-1.0881068143e+00,-1.0123447795e+00,-9.2440969746e-01
1296,12.9600,-1.1979288117e+00,-1.1651434921e+00,-1.1299763351e+00,-1.0896348346e+00,-1.1492052013e+00,-1.0800080841e+00,-1.0047018410e+00,-9.1725355710e-01
1297,12.9700,-1.1892377488e+00,-1.1566903798e+00,-1.1217687843e+00,-1.0816988907e+00,-1.1408705676e+00,-1.0721287489e+00,-9.9728020427e-01,-9.1032057370e-01
1298,12.9800,-1.1816653010e+00,-1.1494027520e+00,-1.1147765776e+00,-1.0750354034e+00,-1.1337496059e+00,-1.0655118542e+00,-9.9116920697e-01,-9.0474954058e-01
1299,12.9900,-1.1743558280e+00,-1.1423860193e+00,-1.1080633617e+00,-1.0686596766e+00,-1.1269074349e+00,-1.0591812780e+00,-9.8535196604e-01,-8.9947999025e-01
1300,13.0000,-1.1672406593e+00,-1.1355649966e+00,-1.1015477561e+00,-1.0624841880e+00,-1.1202664645e+00,-1.0530473386e+00,-9.7972702740e-01,-8.9439844263e-01
1301,13.0100,-1.1602962977e+00,-1.1289142562e+00,-1.0952020167e+00,-1.0564781906e+00,-1.1137980075e+00,-1.0470807521e+00,-9.7426442454e-01,-8.8947401097e-01
1302,13.0200,-1.1532816644e+00,-1.1221893932e+00,-1.0887782332e+00,-1.0503898732e+00,-1.1072530661e+00,-1.0410313095e+00,-9.6871253469e-01,-8.8445336428e-01
1303,13.0300,-1.1448097291e+00,-1.1139466267e+00,-1.0807711662e+00,-1.0426424253e+00,-1.0991199261e+00,-1.0333419445e+00,-9.6146830527e-01,-8.7768324943e-01
1304,13.0400,-1.1366757059e+00,-1.1060538133e+00,-1.0731270624e+00,-1.0352730641e+00,-1.0913497516e+00,-1.0260276609e+00,-9.5461142082e-01,-8.7131377320e-01
1305,13.0500,-1.1286829288e+00,-1.0983025093e+00,-1.0656269006e+00,-1.0280535648e+00,-1.0837307918e+00,-1.0188552202e+00,-9.4788784152e-01,-8.6507089686e-01
1306,13.0600,-1.1207033308e+00,-1.0905589476e+00,-1.0581289169e+00,-1.0208301751e+00,-1.0761165840e+00,-1.0116777868e+00,-9.4114931959e-01,-8.5880228658e-01
1307,13.0700,-1.1130687123e+00,-1.0831677121e+00,-1.0509909642e+00,-1.0139754047e+00,-1.0688639201e+00,-1.0048660570e+00,-9.3478057424e-01,-8.5290760954e-01
1308,13.0800,-1.1055930293e+00,-1.0759363320e+00,-1.0440138648e+00,-1.0072826093e+00,-1.0617741513e+00,-9.9821434758e-01,-9.2856887053e-01,-8.4716664616e-01
1309,13.0900,-1.0978153988e+00,-1.0683947711e+00,-1.0367171452e+00,-1.0002580449e+00,-1.0543573776e+00,-9.9124062494e-01,-9.2204312794e-01,-8.4112233011e-01
1310,13.1000,-1.0897104718e+00,-1.0605151686e+00,-1.0290708921e+00,-9.9287031835e-01,-1.0465854264e+00,-9.8391224009e-01,-9.1516701125e-01,-8.3473568679e-01
1311,13.1100,-1.0809843141e+00,-1.0519710739e+00,-1.0207165349e+00,-9.8472804476e-01,-1.0381200658e+00,-9.7582504378e-01,-9.0746647277e-01,-8.2745555101e-01
1312,13.1200,-1.0719264677e+00,-1.0430770259e+00,-1.0119938135e+00,-9.7619783055e-01,-1.0292922783e+00,-9.6734821087e-01,-8.9934852523e-01,-8.1972822551e-01
1313,13.1300,-1.0636404736e+00,-1.0349953633e+00,-1.0041256833e+00,-9.6856897527e-01,-1.0213087101e+00,-9.5977318341e-01,-8.9219201103e-01,-8.1302768861e-01
1314,13.1400,-1.0558916725e+00,-1.0274766807e+00,-9.9684749688e-01,-9.6156009234e-01,-1.0139100090e+00,-9.5281704376e-01,-8.8568975379e-01,-8.0702040162e-01
1315,13.1500,-1.0483276224e+00,-1.0201434786e+00,-9.8975540171e-01,-9.5473783064e-01,-1.0066999918e+00,-9.4604508906e-01,-8.7936638597e-01,-8.0118551103e-01
1316,13.1600,-1.0409890338e+00,-1.0130394240e+00,-9.8289637567e-01,-9.4815311859e-01,-9.9972448142e-01,-9.3950852100e-01,-8.7327897177e-01,-7.9558685076e-01
1317,13.1700,-1.0338348074e+00,-1.0061227137e+00,-9.7622795395e-01,-9.4176285582e-01,-9.9294147147e-01,-9.3316393972e-01,-8.6738269953e-01,-7.9017812126e-01
1318,13.1800,-1.0262711109e+00,-9.9877906412e-01,-9.6911317658e-01,-9.3490283109e-01,-9.8570833608e-01,-9.2635774638e-01,-8.6101334465e-01,-7.8428343426e-01
1319,13.1900,-1.0182527418e+00,-9.9096175090e-01,-9.6150356572e-01,-9.2752239078e-01,-9.7797522858e-01,-9.1904090742e-01,-8.5412263801e-01,-7.7785517629e-01
1320,13.2000,-1.0104090458e+00,-9.8332127321e-01,-9.5407364574e-01,-9.2032567403e-01,-9.7042568093e-01,-9.1190345622e-01,-8.4740685760e-01,-7.7159704101e-01
1321,13.2100,-1.0032290211e+00,-9.7638276834e-01,-9.4738601533e-01,-9.1391658979e-01,-9.6360852666e-01,-9.0555397974e-01,-8.4153774638e-01,-7.6625154982e-01
1322,13.2200,-9.9664459495e-01,-9.7006265636e-01,-9.4134170520e-01,-9.0818044031e-01,-9.5743534885e-01,-8.9987072421e-01,-8.3635716006e-01,-7.6161920660e-01
1323,13.2300,-9.9025439308e-01,-9.6393740472e-01,-9.3549283250e-01,-9.0264022149e-01,-9.5145992234e-01,-8.9438130583e-01,-8.3136608346e-01,-7.5717125476e-01
1324,13.2400,-9.8394041887e-01,-9.5788916581e-01,-9.2972194551e-01,-8.9717927545e-01,-9.4556439820e-01,-8.8896918069e-01,-8.2644941296e-01,-7.5279438129e-01
1325,13.2500,-9.7767614837e-01,-9.5189027595e-01,-9.2400001695e-01,-8.9176678007e-01,-9.3971902246e-01,-8.8360459038e-01,-8.2157749655e-01,-7.4845903686e-01
1326,13.2600,-9.7155214569e-01,-9.4602965030e-01,-9.1841458013e-01,-8.8648921729e-01,-9.3401451018e-01,-8.7837135312e-01,-8.1682709551e-01,-7.4423450228e-01
1327,13.2700,-9.6541256160e-01,-9.4015344589e-01,-9.1281357926e-01,-8.8119610794e-01,-9.2829469009e-01,-8.7312232944e-01,-8.1206032073e-01,-7.3999281012e-01
1328,13.2800,-9.5938948699e-01,-9.3439463384e-01,-9.0733082299e-01,-8.7602211547e-01,-9.2269404338e-01,-8.6799143535e-01,-8.0741038687e-01,-7.3586632668e-01
1329,13.2900,-9.5351055681e-01,-9.2878135795e-01,-9.0199506483e-01,-8.7099677248e-01,-9.1724205551e-01,-8.6300740184e-01,-8.0290522532e-01,-7.3188209583e-01
1330,13.3000,-9.4766548004e-01,-9.2319656097e-01,-8.9668203439e-01,-8.6598748199e-01,-9.1181414260e-01,-8.5803966975e-01,-7.9840873644e-01,-7.2789843282e-01
1331,13.3100,-9.4128696893e-01,-9.1704382936e-01,-8.9076448929e-01,-8.6033182337e-01,-9.0578454650e-01,-8.5243170343e-01,-7.9323447288e-01,-7.2319755046e-01
1332,13.3200,-9.3561343357e-01,-9.1163714492e-01,-8.8563627692e-01,-8.5551434508e-01,-9.0053532968e-01,-8.4766039861e-01,-7.8895472247e-01,-7.1945454408e-01
1333,13.3300,-9.3012639598e-01,-9.0642902023e-01,-8.8071932124e-01,-8.5092246357e-01,-8.9549577206e-01,-8.4311330750e-01,-7.8491394736e-01,-7.1596651933e-01
1334,13.3400,-9.2469680923e-01,-9.0127706599e-01,-8.7585723996e-01,-8.4638408792e-01,-8.9051310023e-01,-8.3861817043e-01,-7.8091980920e-01,-7.1251912112e-01
1335,13.3500,-9.1926041212e-01,-8.9611264677e-01,-8.7097656729e-01,-8.4181993008e-01,-8.8551273984e-01,-8.3409796150e-01,-7.7689321337e-01,-7.0903127256e-01
1336,13.3600,-9.1214465508e-01,-8.8918859755e-01,-8.6425091697e-01,-8.3531305485e-01,-8.7866983871e-01,-8.2765257359e-01,-7.7085988773e-01,-7.0344998802e-01
1337,13.3700,-9.0517998224e-01,-8.8241864585e-01,-8.5768283327e-01,-8.2896813429e-01,-8.7198634952e-01,-8.2136648142e-01,-7.6498523778e-01,-6.9802635486e-01
1338,13.3800,-8.9839545658e-01,-8.7582976639e-01,-8.5129719700e-01,-8.2280780237e-01,-8.6548825129e-01,-8.1526183557e-01,-7.5928775250e-01,-6.9277518818e-01
1339,13.3900,-8.9097824191e-01,-8.6856095270e-01,-8.4418391077e-01,-8.1586910093e-01,-8.5828066161e-01,-8.0837192796e-01,-7.5272730103e-01,-6.8657765414e-01
1340,13.4000,-8.8372169370e-01,-8.6145738952e-01,-8.3724071648e-01,-8.0910591941e-01,-8.5124308464e-01,-8.0165658232e-01,-7.4634595650e-01,-6.8056392508e-01
1341,13.4100,-8.7678926825e-01,-8.5468770354e-01,-8.3064165824e-01,-8.0269842398e-01,-8.4454920409e-01,-7.9529503621e-01,-7.4032835364e-01,-6.7492432162e-01
1342,13.4200,-8.6973839924e-01,-8.4779551191e-01,-8.2391589087e-01,-7.9615956336e-01,-8.3772955646e-01,-7.8880217267e-01,-7.3417370732e-01,-6.6914133631e-01
1343,13.4300,-8.6176775584e-01,-8.3993016372e-01,-8.1616249802e-01,-7.8853429564e-01,-8.2989853314e-01,-7.8121936064e-01,-7.2684882929e-01,-6.6210195014e-01
1344,13.4400,-8.5435208066e-01,-8.3264523894e-01,-8.0901625628e-01,-7.8154603428e-01,-8.2266902322e-01,-7.7427303966e-01,-7.2019710441e-01,-6.5577638538e-01
1345,13.4500,-8.4718072045e-01,-8.2561899284e-01,-8.0214370946e-01,-7.7484813787e-01,-8.1570932574e-01,-7.6761750297e-01,-7.1385833682e-01,-6.4978857468e-01
1346,13.4600,-8.4089840216e-01,-8.1952721338e-01,-7.9625315386e-01,-7.6918515095e-01,-8.0971951914e-01,-7.6199790149e-01,-7.0862515488e-01,-6.4498428613e-01
1347,13.4700,-8.3581003489e-01,-8.1469152983e-01,-7.9168380179e-01,-7.6491629212e-01,-8.0503723833e-01,-7.5777062750e-01,-7.0487170319e-01,-6.4175562789e-01
1348,13.4800,-8.3091284337e-01,-8.1005582080e-01,-7.8732353661e-01,-7.6086663341e-01,-8.0056367870e-01,-7.5376085481e-01,-7.0134411506e-01,-6.3876127832e-01
1349,13.4900,-8.2606402964e-01,-8.0546729756e-01,-7.8300905840e-01,-7.5686101618e-01,-7.9613755361e-01,-7.4979397459e-01,-6.9785427696e-01,-6.3579852404e-01
1350,13.5000,-8.2135742267e-01,-8.0102166868e-01,-7.7883809847e-01,-7.5299948710e-01,-7.9185623229e-01,-7.4596996533e-01,-6.9450511832e-01,-6.3297380113e-01
1351,13.5100,-8.1587128914e-01,-7.9574495742e-01,-7.7378298099e-01,-7.4819572357e-01,-7.8670632424e-01,-7.4120097782e-01,-6.9013333256e-01,-6.2904320747e-01
1352,13.5200,-8.1134223124e-01,-7.9148324113e-01,-7.6980329494e-01,-7.4453452208e-01,-7.8261464873e-01,-7.3757742869e-01,-6.8699864981e-01,-6.2645193740e-01
1353,13.5300,-8.0692722410e-01,-7.8733730600e-01,-7.6594099818e-01,-7.4099225823e-01,-7.7864122581e-01,-7.3407170052e-01,-6.8398064051e-01,-6.2397523691e-01
1354,13.5400,-8.0144545711e-01,-7.8206935569e-01,-7.6089856419e-01,-7.3620414167e-01,-7.7349542346e-01,-7.2932642461e-01,-6.7965625217e-01,-6.2012090586e-01
1355,13.5500,-7.9512031724e-01,-7.7591458142e-01,-7.5492254254e-01,-7.3042798451e-01,-7.6741543647e-01,-7.2360485158e-01,-6.7431424422e-01,-6.1520470585e-01
1356,13.5600,-7.8915752541e-01,-7.7013251064e-01,-7.4933028053e-01,-7.2504833862e-01,-7.6171959539e-01,-7.1827680392e-01,-6.6937465465e-01,-6.1070001374e-01
1357,13.5700,-7.8347087265e-01,-7.6463248370e-01,-7.4402639760e-01,-7.1996441466e-01,-7.5631366252e-01,-7.1324160646e-01,-6.6473040359e-01,-6.0649293597e-01
1358,13.5800,-7.7801960029e-01,-7.5937363790e-01,-7.3896981355e-01,-7.1513473827e-01,-7.5115519461e-01,-7.0845910912e-01,-6.6034388282e-01,-6.0254877977e-01
1359,13.5900,-7.7260971075e-01,-7.5415572087e-01,-7.3395378463e-01,-7.1034535765e-01,-7.4603878949e-01,-7.0371554742e-01,-6.5599275470e-01,-5.9863581463e-01
1360,13.6000,-7.6711618947e-01,-7.4885235988e-01,-7.2885056488e-01,-7.0546705120e-01,-7.4083610316e-01,-6.9888250451e-01,-6.5154868852e-01,-5.9462599573e-01
1361,13.6100,-7.6250549498e-01,-7.4448464771e-01,-7.2473833075e-01,-7.0164165486e-01,-7.3661035479e-01,-6.9510313983e-01,-6.4823825987e-01,-5.9183848102e-01
1362,13.6200,-7.5800347382e-01,-7.4022803580e-01,-7.2073970136e-01,-6.9793264550e-01,-7.3249890535e-01,-6.9143899752e-01,-6.4504377847e-01,-5.8916752862e-01
1363,13.6300,-7.5267732174e-01,-7.3509596327e-01,-7.1581228356e-01,-6.9323570551e-01,-7.2747152356e-01,-6.8678696820e-01,-6.4078842463e-01,-5.8535719882e-01
1364,13.6400,-7.4761100375e-01,-7.3022973951e-01,-7.1115703894e-01,-6.8881802575e-01,-7.2271676649e-01,-6.8241242856e-01,-6.3681522346e-01,-5.8183368745e-01
1365,13.6500,-7.4276522568e-01,-7.2558781713e-01,-7.0673015330e-01,-6.8463341896e-01,-7.1819165716e-01,-6.7826887386e-01,-6.3307410297e-01,-5.7854319112e-01
1366,13.6600,-7.3812451745e-01,-7.2115452951e-01,-7.0251556909e-01,-6.8066515040e-01,-7.1387949304e-01,-6.7434029242e-01,-6.2954969039e-01,-5.7547092522e-01
1367,13.6700,-7.3345529339e-01,-7.1669201831e-01,-6.9827106421e-01,-6.7666625052e-01,-7.0953785474e-01,-6.7038077474e-01,-6.2599267910e-01,-5.7236407391e-01
1368,13.6800,-7.2888754732e-01,-7.1233364014e-01,-6.9413350489e-01,-6.7277749056e-01,-7.0530355080e-01,-6.6653039908e-01,-6.2254639654e-01,-5.6936938157e-01
1369,13.6900,-7.2430761118e-01,-7.0796205186e-01,-6.8998169584e-01,-6.6887335786e-01,-7.0105558079e-01,-6.6266433220e-01,-6.1908226340e-01,-5.6635438965e-01
1370,13.7000,-7.1973774242e-01,-7.0359929239e-01,-6.8583743353e-01,-6.6497537006e-01,-6.9681620732e-01,-6.5880371462e-01,-6.1562013176e-01,-5.6333739954e-01
1371,13.7100,-7.1546476793e-01,-6.9953875846e-01,-6.8200097030e-01,-6.6139142145e-01,-6.9288562537e-01,-6.5525505819e-01,-6.1247292620e-01,-5.6063829056e-01
1372,13.7200,-7.1127236322e-01,-6.9556112757e-01,-6.7824986243e-01,-6.5789559197e-01,-6.8904045412e-01,-6.5179392328e-01,-6.0941527650e-01,-5.5803082703e-01
1373,13.7300,-7.0715752927e-01,-6.9165994631e-01,-6.7457414045e-01,-6.5447414452e-01,-6.8527228406e-01,-6.4840587938e-01,-6.0642653390e-01,-5.5548762622e-01
1374,13.7400,-7.0370016730e-01,-6.8844879808e-01,-6.7162306691e-01,-6.5181692550e-01,-6.8222322290e-01,-6.4577924560e-01,-6.0424290126e-01,-5.5379804898e-01
1375,13.7500,-6.9970222014e-01,-6.8466689474e-01,-6.6806944924e-01,-6.4852128409e-01,-6.7857783573e-01,-6.4251565267e-01,-6.0138070259e-01,-5.5138449843e-01
1376,13.7600,-6.9437496273e-01,-6.7948063928e-01,-6.6303295270e-01,-6.4365488369e-01,-6.7346406591e-01,-6.3768543908e-01,-5.9685183714e-01,-5.4719581377e-01
1377,13.7700,-6.8912189057e-01,-6.7437193186e-01,-6.5807762179e-01,-6.3887382281e-01,-6.6843113955e-01,-6.3293999376e-01,-5.9241158371e-01,-5.4309969577e-01
1378,13.7800,-6.8374736710e-01,-6.6913051009e-01,-6.5297773738e-01,-6.3393483188e-01,-6.6325604428e-01,-6.2803719532e-01,-5.8779876862e-01,-5.3881472878e-01
1379,13.7900,-6.7790085602e-01,-6.6338811170e-01,-6.4734657499e-01,-6.2843059577e-01,-6.5755504105e-01,-6.2257109568e-01,-5.8258507819e-01,-5.3388855700e-01
1380,13.8000,-6.7288548699e-01,-6.5852452063e-01,-6.4264437327e-01,-6.2391157005e-01,-6.5276878064e-01,-6.1809255619e-01,-5.7843669627e-01,-5.3011605946e-01
1381,13.8100,-6.6782787358e-01,-6.5361659487e-01,-6.3789593924e-01,-6.1934461184e-01,-6.4793707258e-01,-6.1356570423e-01,-5.7423754528e-01,-5.2629094448e-01
1382,13.8200,-6.6231829139e-01,-6.4822393134e-01,-6.3262892375e-01,-6.1422197812e-01,-6.4259769009e-01,-6.0848032233e-01,-5.6942683804e-01,-5.2179582849e-01
1383,13.8300,-6.5701285685e-01,-6.4304516623e-01,-6.2758602462e-01,-6.0933488051e-01,-6.3748028649e-01,-6.0363017992e-01,-5.6486492213e-01,-5.1756416013e-01
1384,13.8400,-6.5251875664e-01,-6.3873270492e-01,-6.2346726215e-01,-6.0543677187e-01,-6.3326976147e-01,-5.9977248638e-01,-5.6138676999e-01,-5.1451993787e-01
1385,13.8500,-6.4811926825e-01,-6.3451558181e-01,-6.1944431080e-01,-6.0163467322e-01,-6.2915596490e-01,-5.9600985879e-01,-5.5800105449e-01,-5.1156417905e-01
1386,13.8600,-6.4393316625e-01,-6.3051713936e-01,-6.1564538064e-01,-5.9806234122e-01,-6.2526592007e-01,-5.9247609231e-01,-5.5484889313e-01,-5.0884646428e-01
1387,13.8700,-6.3972831721e-01,-6.2649741858e-01,-6.1182242683e-01,-5.9446279433e-01,-6.2135341027e-01,-5.8891429396e-01,-5.5166249105e-01,-5.0608713146e-01
1388,13.8800,-6.3571941486e-01,-6.2267845416e-01,-6.0820517509e-01,-5.9107438686e-01,-6.1764637769e-01,-5.8556276781e-01,-5.4869096906e-01,-5.0354736721e-01
1389,13.8900,-6.3178652086e-01,-6.1893651900e-01,-6.0466599890e-01,-5.8776521253e-01,-6.1401831688e-01,-5.8228939791e-01,-5.4579632417e-01,-5.0108256964e-01
1390,13.9000,-6.2780427240e-01,-6.1514215996e-01,-6.0107123974e-01,-5.8439699544e-01,-6.1033610062e-01,-5.7895635473e-01,-5.4283618690e-01,-4.9854574608e-01
1391,13.9100,-6.2405949391e-01,-6.1160145481e-01,-5.9774739428e-01,-5.8131934498e-01,-6.0691844180e-01,-5.7591612904e-01,-5.4020043950e-01,-4.9637096463e-01
1392,13.9200,-6.2031409010e-01,-6.0805467084e-01,-5.9441174840e-01,-5.7822350166e-01,-6.0349107319e-01,-5.7285704814e-01,-5.3753621344e-01,-4.9415699086e-01
1393,13.9300,-6.1649982090e-01,-6.0443480950e-01,-5.9099860409e-01,-5.7504521698e-01,-5.9998804545e-01,-5.6971476644e-01,-5.3478056768e-01,-4.9184204412e-01
1394,13.9400,-6.1275503344e-01,-6.0088541741e-01,-5.8765689940e-01,-5.7193938004e-01,-5.9655684121e-01,-5.6664437181e-01,-5.3209657403e-01,-4.8959811965e-01
1395,13.9500,-6.0922133547e-01,-5.9755238596e-01,-5.8453694083e-01,-5.6906115987e-01,-5.9334723525e-01,-5.6380057423e-01,-5.2964389678e-01,-4.8759020113e-01
1396,13.9600,-6.0578460309e-01,-5.9431774185e-01,-5.8151670150e-01,-5.6628396821e-01,-5.9023776031e-01,-5.6105714916e-01,-5.2729137151e-01,-4.8568165009e-01
1397,13.9700,-6.0239750231e-01,-5.9113405197e-01,-5.7854876971e-01,-5.6356055909e-01,-5.8718050569e-01,-5.5836729488e-01,-5.2499370050e-01,-4.8382922568e-01
1398,13.9800,-5.9811096639e-01,-5.8700563223e-01,-5.7458812140e-01,-5.5978965953e-01,-5.8313528783e-01,-5.5463681004e-01,-5.2160306005e-01,-4.8082789475e-01
1399,13.9900,-5.9378079746e-01,-5.8283005628e-01,-5.7057675020e-01,-5.5596423869e-01,-5.7904056237e-01,-5.5085136521e-01,-5.1815162473e-01,-4.7775915359e-01
1400,14.0000,-5.8957458867e-01,-5.7878145513e-01,-5.6669561090e-01,-5.5227286865e-01,-5.7507665483e-01,-5.4719863045e-01,-5.1483449945e-01,-4.7482616238e-01
1401,14.0100,-5.8557600377e-01,-5.7494974521e-01,-5.6304126068e-01,-5.4881959084e-01,-5.7133825351e-01,-5.4378298745e-01,-5.1176661278e-01,-4.7215597681e-01
1402,14.0200,-5.8255476867e-01,-5.7215043741e-01,-5.6047705900e-01,-5.4652116325e-01,-5.6867576426e-01,-5.4152268207e-01,-5.0993722005e-01,-4.7081702547e-01
1403,14.0300,-5.7965917812e-01,-5.6947660490e-01,-5.5803793723e-01,-5.4434713081e-01,-5.6614023351e-01,-5.3938517071e-01,-5.0822555597e-01,-4.6958940384e-01
1404,14.0400,-5.7670657152e-01,-5.6673897874e-01,-5.5552779687e-01,-5.4209381582e-01,-5.6353550697e-01,-5.3716837496e-01,-5.0642413713e-01,-4.6826044400e-01
1405,14.0500,-5.7302339060e-01,-5.6322703944e-01,-5.5219754601e-01,-5.3896908281e-01,-5.6012061303e-01,-5.3408127452e-01,-5.0369094196e-01,-4.6593282860e-01
1406,14.0600,-5.6925082452e-01,-5.5962324641e-01,-5.4877300627e-01,-5.3574754396e-01,-5.5661255487e-01,-5.3089677339e-01,-5.0085577470e-01,-4.6349799438e-01
1407,14.0700,-5.6547362823e-01,-5.5601421407e-01,-5.4534266340e-01,-5.3251967447e-01,-5.5309955589e-01,-5.2770523079e-01,-4.9801120210e-01,-4.6105093641e-01
1408,14.0800,-5.6179873579e-01,-5.5251194823e-01,-5.4202379139e-01,-5.2940860427e-01,-5.4969724052e-01,-5.2463010388e-01,-4.9528872083e-01,-4.5873195648e-01
1409,14.0900,-5.5795969243e-01,-5.4882608268e-01,-5.3850105339e-01,-5.2607127837e-01,-5.4609865984e-01,-5.2132602209e-01,-4.9230259284e-01,-4.5611045173e-01
1410,14.1000,-5.5366407067e-01,-5.4465143200e-01,-5.3445616834e-01,-5.2217514554e-01,-5.4198870548e-01,-5.1746021652e-01,-4.8870168279e-01,-4.5281502747e-01
1411,14.1100,-5.4944844205e-01,-5.4055999826e-01,-5.3049784887e-01,-5.1836926910e-01,-5.3796448570e-01,-5.1368471054e-01,-4.8519574729e-01,-4.4961959853e-01
1412,14.1200,-5.4545258024e-01,-5.3669505746e-01,-5.2677301848e-01,-5.1480464177e-01,-5.3417260796e-01,-5.1015000094e-01,-4.8193923460e-01,-4.4668292133e-01
1413,14.1300,-5.4095659528e-01,-5.3229723005e-01,-5.2248126988e-01,-5.1063550841e-01,-5.2982444124e-01,-5.0600828931e-01,-4.7802259783e-01,-4.4302718541e-01
1414,14.1400,-5.3611357921e-01,-5.2753000789e-01,-5.1779698774e-01,-5.0604839714e-01,-5.2509088815e-01,-5.0144692941e-01,-4.7365043902e-01,-4.3887611711e-01
1415,14.1500,-5.3169771152e-01,-5.2321952806e-01,-5.1360069552e-01,-5.0198442657e-01,-5.2083524979e-01,-4.9741129976e-01,-4.6985554523e-01,-4.3536143348e-01
1416,14.1600,-5.2743085466e-01,-5.1906679111e-01,-5.0957124248e-01,-4.9809737963e-01,-5.1674364648e-01,-4.9355323540e-01,-4.6625250953e-01,-4.3205464644e-01
1417,14.1700,-5.2417754826e-01,-5.1599061321e-01,-5.0668476367e-01,-4.9542793517e-01,-5.1377494093e-01,-4.9091711093e-01,-4.6397811310e-01,-4.3019902333e-01
1418,14.1800,-5.2101722820e-01,-5.1300796930e-01,-5.0389216996e-01,-4.9285251870e-01,-5.1090124104e-01,-4.8837388378e-01,-4.6179350544e-01,-4.2842865576e-01
1419,14.1900,-5.1796128049e-01,-5.1013187956e-01,-5.0120817697e-01,-4.9038769663e-01,-5.0813604259e-01,-4.8594093635e-01,-4.5972052865e-01,-4.2677080229e-01
1420,14.2000,-5.1510751305e-01,-5.0746118861e-01,-4.9873261550e-01,-4.8813429334e-01,-5.0557971134e-01,-4.8371841236e-01,-4.5785881347e-01,-4.2532421653e-01
1421,14.2100,-5.1133485271e-01,-5.0381443367e-01,-4.9522129180e-01,-4.8477869781e-01,-5.0200424702e-01,-4.8039134410e-01,-4.5480331005e-01,-4.2258489172e-01
1422,14.2200,-5.0716233816e-01,-4.9975775756e-01,-4.9128969179e-01,-4.8099105200e-01,-4.9800318581e-01,-4.7664013585e-01,-4.5132995091e-01,-4.1943971461e-01
1423,14.2300,-5.0335257015e-01,-4.9608446207e-01,-4.8776306986e-01,-4.7763252979e-01,-4.9440161528e-01,-4.7331836086e-01,-4.4831720891e-01,-4.1678973652e-01
1424,14.2400,-4.9958884464e-01,-4.9245803339e-01,-4.8428410306e-01,-4.7432249253e-01,-4.9084813546e-01,-4.7004440783e-01,-4.4535134795e-01,-4.1418482576e-01
1425,14.2500,-4.9597650324e-01,-4.8898733310e-01,-4.8096535647e-01,-4.7117765717e-01,-4.8745452058e-01,-4.6693495153e-01,-4.4255432558e-01,-4.1175302481e-01
1426,14.2600,-4.9254085578e-01,-4.8569876632e-01,-4.7783436984e-01,-4.6822678537e-01,-4.8424789326e-01,-4.6401894076e-01,-4.3995713974e-01,-4.0952771849e-01
1427,14.2700,-4.8912495797e-01,-4.8242905256e-01,-4.7472128015e-01,-4.6529275636e-01,-4.8106035333e-01,-4.6111882771e-01,-4.3737206201e-01,-4.0730981036e-01
1428,14.2800,-4.8570098478e-01,-4.7915063999e-01,-4.7159883071e-01,-4.6234862144e-01,-4.7786380609e-01,-4.5820841542e-01,-4.3477520592e-01,-4.0507831043e-01
1429,14.2900,-4.8238522868e-01,-4.7598376401e-01,-4.6859131739e-01,-4.5952314759e-01,-4.7478187100e-01,-4.5541618556e-01,-4.3229982754e-01,-4.0297145344e-01
1430,14.3000,-4.7912682845e-01,-4.7287656702e-01,-4.6564588512e-01,-4.5676240097e-01,-4.7176140911e-01,-4.5268871425e-01,-4.2989254198e-01,-4.0093627042e-01
1431,14.3100,-4.7677719941e-01,-4.7073623801e-01,-4.6372840561e-01,-4.5509819408e-01,-4.6975149436e-01,-4.5106052505e-01,-4.2867864836e-01,-4.0020087792e-01
1432,14.3200,-4.7381135674e-01,-4.6794081390e-01,-4.6111491980e-01,-4.5269196538e-01,-4.6705630141e-01,-4.4868952643e-01,-4.2666189741e-01,-3.9859593963e-01
1433,14.3300,-4.7071844729e-01,-4.6500477887e-01,-4.5834657284e-01,-4.5011484719e-01,-4.6421022441e-01,-4.4614714589e-01,-4.2445230770e-01,-3.9677423196e-01
1434,14.3400,-4.6764389172e-01,-4.6208721082e-01,-4.5559681121e-01,-4.4755646576e-01,-4.6138325266e-01,-4.4362294258e-01,-4.2225956876e-01,-3.9496747340e-01
1435,14.3500,-4.6462214185e-01,-4.5922319176e-01,-4.5290138592e-01,-4.4505331655e-01,-4.5861131840e-01,-4.4115315066e-01,-4.2012036865e-01,-3.9321304089e-01
1436,14.3600,-4.6167734489e-01,-4.5643821730e-01,-4.5028713545e-01,-4.4263365850e-01,-4.5592032366e-01,-4.3876659721e-01,-4.1806658790e-01,-3.9154619732e-01
1437,14.3700,-4.5874169081e-01,-4.5366291791e-01,-4.4768310907e-01,-4.4022483589e-01,-4.5323965184e-01,-4.3639063099e-01,-4.1602342886e-01,-3.8988971489e-01
1438,14.3800,-4.5586496378e-01,-4.5094837420e-01,-4.4514170979e-01,-4.3788068650e-01,-4.5062141919e-01,-4.3407909139e-01,-4.1404656306e-01,-3.8830136144e-01
1439,14.3900,-4.5305721859e-01,-4.4830465204e-01,-4.4267300348e-01,-4.3561126162e-01,-4.4807563557e-01,-4.3184209100e-01,-4.1214623906e-01,-3.8679156444e-01
1440,14.4000,-4.5028065839e-01,-4.4569185782e-01,-4.4023484202e-01,-4.3337181909e-01,-4.4556092785e-01,-4.2963468622e-01,-4.1027367908e-01,-3.8530717073e-01
1441,14.4100,-4.4754813603e-01,-4.4312481075e-01,-4.3784419290e-01,-4.3118183530e-01,-4.4309347173e-01,-4.2747658618e-01,-4.0845243260e-01,-3.8387617219e-01
1442,14.4200,-4.4507698377e-01,-4.4082600722e-01,-4.3572887534e-01,-4.2927498293e-01,-4.4090049036e-01,-4.2560089356e-01,-4.0692156426e-01,-3.8274406495e-01
1443,14.4300,-4.4257119934e-01,-4.3849010901e-01,-4.3357387146e-01,-4.2732553925e-01,-4.3866892073e-01,-4.2368215842e-01,-4.0534284224e-01,-3.8155856968e-01
1444,14.4400,-4.3977953996e-01,-4.3585115745e-01,-4.3109780551e-01,-4.2503495267e-01,-4.3612191635e-01,-4.2142091857e-01,-4.0339270478e-01,-3.7996889568e-01
1445,14.4500,-4.3686610825e-01,-4.3307974039e-01,-4.2847806049e-01,-4.2258819180e-01,-4.3343492862e-01,-4.1900245989e-01,-4.0126683527e-01,-3.7818239933e-01
1446,14.4600,-4.3337882129e-01,-4.2969639135e-01,-4.2520657125e-01,-4.1944540452e-01,-4.3010858459e-01,-4.1588503563e-01,-3.9837865316e-01,-3.7556214520e-01
1447,14.4700,-4.2901283819e-01,-4.2537848495e-01,-4.2094191374e-01,-4.1524366266e-01,-4.2580284316e-01,-4.1170905519e-01,-3.9435013868e-01,-3.7171154869e-01
1448,14.4800,-4.2459001331e-01,-4.2099776259e-01,-4.1660823959e-01,-4.1096598602e-01,-4.2142867820e-01,-4.0745801306e-01,-3.9024014512e-01,-3.6777282675e-01
1449,14.4900,-4.2027770625e-01,-4.1673310647e-01,-4.1239653736e-01,-4.0681700913e-01,-4.1717503908e-01,-4.0333565812e-01,-3.8626734975e-01,-3.6398074182e-01
1450,14.5000,-4.1602887533e-01,-4.1253462778e-01,-4.0825392014e-01,-4.0274046956e-01,-4.1299018840e-01,-3.9928535084e-01,-3.8236996762e-01,-3.6026777635e-01
1451,14.5100,-4.1273733829e-01,-4.0935610642e-01,-4.0519778592e-01,-3.9982574778e-01,-4.0987131411e-01,-3.9640161882e-01,-3.7974904450e-01,-3.5795944616e-01
1452,14.5200,-4.0865454851e-01,-4.0533185890e-01,-4.0123879733e-01,-3.9594434137e-01,-4.0586747514e-01,-3.9254699267e-01,-3.7606573603e-01,-3.5448514562e-01
1453,14.5300,-4.0460136959e-01,-4.0133909256e-01,-3.9731326833e-01,-3.9209861003e-01,-4.0189651048e-01,-3.8872814165e-01,-3.7242118433e-01,-3.5105275549e-01
1454,14.5400,-4.0120422872e-01,-3.9804306365e-01,-3.9412748211e-01,-3.8904111920e-01,-3.9865219511e-01,-3.8570034046e-01,-3.6963708606e-01,-3.4856065312e-01
1455,14.5500,-3.9831249092e-01,-3.9528243157e-01,-3.9150863100e-01,-3.8658593986e-01,-3.9596558811e-01,-3.8327657773e-01,-3.6750655863e-01,-3.4677861400e-01
1456,14.5600,-3.9546517359e-01,-3.9256650865e-01,-3.8893457392e-01,-3.8417536957e-01,-3.9332458374e-01,-3.8089669238e-01,-3.6541743842e-01,-3.4503435621e-01
1457,14.5700,-3.9257677025e-01,-3.8980740290e-01,-3.8631505584e-01,-3.8171669699e-01,-3.9063911590e-01,-3.7846825324e-01,-3.6327503826e-01,-3.4323098039e-01
1458,14.5800,-3.8965420085e-01,-3.8701229560e-01,-3.8365756911e-01,-3.7921780627e-01,-3.8791636114e-01,-3.7599938135e-01,-3.6108868999e-01,-3.4137945632e-01
1459,14.5900,-3.8691224915e-01,-3.8440323003e-01,-3.8119166073e-01,-3.7691650828e-01,-3.8538415198e-01,-3.7372785841e-01,-3.5910641731e-01,-3.3973901429e-01
1460,14.6000,-3.8430630353e-01,-3.8193395709e-01,-3.7886940309e-01,-3.7476305167e-01,-3.8299509783e-01,-3.7160379310e-01,-3.5727574702e-01,-3.3825437268e-01
1461,14.6100,-3.8155416205e-01,-3.7931052943e-01,-3.7638486471e-01,-3.7243845870e-01,-3.8044466291e-01,-3.6930971840e-01,-3.5526771529e-01,-3.3658638288e-01
1462,14.6200,-3.7902861073e-01,-3.7692610210e-01,-3.7415233780e-01,-3.7038042549e-01,-3.7814258188e-01,-3.6728278684e-01,-3.5354682022e-01,-3.3522820302e-01
1463,14.6300,-3.7648037264e-01,-3.7451686711e-01,-3.7189271042e-01,-3.6829264273e-01,-3.7581498656e-01,-3.6522513191e-01,-3.5178924176e-01,-3.3382606172e-01
1464,14.6400,-3.7394688969e-01,-3.7212366549e-01,-3.6965044659e-01,-3.6622369861e-01,-3.7350432977e-01,-3.6318638851e-01,-3.5005249361e-01,-3.3244667906e-01
1465,14.6500,-3.7154341607e-01,-3.6986409986e-01,-3.6754548887e-01,-3.6429601244e-01,-3.7133040761e-01,-3.6128863937e-01,-3.4846085405e-01,-3.3121657677e-01
1466,14.6600,-3.6913634413e-01,-3.6760036115e-01,-3.6543570045e-01,-3.6236270022e-01,-3.6915220848e-01,-3.5938487023e-01,-3.4686102420e-01,-3.2997544519e-01
1467,14.6700,-3.6679505545e-01,-3.6540435004e-01,-3.6339562304e-01,-3.6050125091e-01,-3.6704348904e-01,-3.5755275697e-01,-3.4533498690e-01,-3.2881032721e-01
1468,14.6800,-3.6448049942e-01,-3.6323548206e-01,-3.6138307841e-01,-3.5866772665e-01,-3.6496245542e-01,-3.5574832993e-01,-3.4383642256e-01,-3.2767217695e-01
1469,14.6900,-3.6218508171e-01,-3.6108533371e-01,-3.5938872207e-01,-3.5685169014e-01,-3.6289997311e-01,-3.5396117382e-01,-3.4235352928e-01,-3.2654759972e-01
1470,14.7000,-3.6002210028e-01,-3.5907165966e-01,-3.5753497112e-01,-3.5518076123e-01,-3.6097734013e-01,-3.5231892976e-01,-3.4102058417e-01,-3.2557827215e-01
1471,14.7100,-3.5791613847e-01,-3.5711728673e-01,-3.5574291611e-01,-3.5357420888e-01,-3.5911596541e-01,-3.5074094470e-01,-3.3975500224e-01,-3.2467971871e-01
1472,14.7200,-3.5579814975e-01,-3.5514919591e-01,-3.5393526737e-01,-3.5194983221e-01,-3.5724013822e-01,-3.4914452891e-01,-3.3846654524e-01,-3.2375299436e-01
1473,14.7300,-3.5363751953e-01,-3.5313537756e-01,-3.5207861645e-01,-3.5027273914e-01,-3.5531620510e-01,-3.4749529106e-01,-3.3712023251e-01,-3.2276267875e-01
1474,14.7400,-3.5060337132e-01,-3.5019478786e-01,-3.4923923905e-01,-3.4755001455e-01,-3.5242290915e-01,-3.4480059232e-01,-3.3464955437e-01,-3.2056083921e-01
1475,14.7500,-3.4771634694e-01,-3.4740743179e-01,-3.4655955365e-01,-3.4499430301e-01,-3.4968780614e-01,-3.4227281298e-01,-3.3235479851e-01,-3.1854481072e-01
1476,14.7600,-3.4487644701e-01,-3.4466861094e-01,-3.4392986388e-01,-3.4249021734e-01,-3.4700252597e-01,-3.3979646272e-01,-3.3011293031e-01,-3.1658303005e-01
1477,14.7700,-3.4216457189e-01,-3.4206288114e-01,-3.4143857235e-01,-3.4013047735e-01,-3.4445438191e-01,-3.3746443524e-01,-3.2802278883e-01,-3.1478109335e-01
1478,14.7800,-3.3949076519e-01,-3.3949677144e-01,-3.3898853116e-01,-3.3781382022e-01,-3.4194707336e-01,-3.3517550675e-01,-3.2597808931e-01,-3.1302718129e-01
1479,14.7900,-3.3694768664e-01,-3.3706550943e-01,-3.3667759366e-01,-3.3564096158e-01,-3.3957803505e-01,-3.3303021448e-01,-3.2408244896e-01,-3.1142814748e-01
1480,14.8000,-3.3372794829e-01,-3.3391356629e-01,-3.3359972690e-01,-3.3264944477e-01,-3.3645672256e-01,-3.3006256953e-01,-3.2128911968e-01,-3.0884526656e-01
1481,14.8100,-3.3027163327e-01,-3.3050939384e-01,-3.3025330370e-01,-3.2937124753e-01,-3.3307183076e-01,-3.2680710536e-01,-3.1818214090e-01,-3.0591943987e-01
1482,14.8200,-3.2688510809e-01,-3.2717820791e-01,-3.2698326243e-01,-3.2617327017e-01,-3.2976219011e-01,-3.2363218687e-01,-3.1516150060e-01,-3.0308667955e-01
1483,14.8300,-3.2362571198e-01,-3.2397666217e-01,-3.2384547717e-01,-3.2311045626e-01,-3.2658475635e-01,-3.2059191999e-01,-3.1227793889e-01,-3.0039355860e-01
1484,14.8400,-3.1973852554e-01,-3.2009805943e-01,-3.1997874793e-01,-3.1926046921e-01,-3.2269501829e-01,-3.1676026849e-01,-3.0851807484e-01,-2.9672711256e-01
1485,14.8500,-3.1600831036e-01,-3.1638549028e-01,-3.1628771033e-01,-3.1559714748e-01,-3.1897766261e-01,-3.1311626163e-01,-3.0496255587e-01,-2.9328446903e-01
1486,14.8600,-3.1267163686e-01,-3.1309602963e-01,-3.1305123769e-01,-3.1242411529e-01,-3.1570467243e-01,-3.0996522680e-01,-3.0195330640e-01,-2.9045061562e-01
1487,14.8700,-3.0975808702e-01,-3.1025814952e-01,-3.1029646381e-01,-3.0976678887e-01,-3.1290363445e-01,-3.0733245960e-01,-2.9951274480e-01,-2.8824409980e-01
1488,14.8800,-3.0729862559e-01,-3.0790879082e-01,-3.0806671910e-01,-3.0767580351e-01,-3.1061584457e-01,-3.0526908518e-01,-2.9770277409e-01,-2.8673948076e-01
1489,14.8900,-3.0491204215e-01,-3.0563424650e-01,-3.0591363806e-01,-3.0566332646e-01,-3.0840461811e-01,-3.0328388742e-01,-2.9597200209e-01,-2.8531431349e-01
1490,14.9000,-3.0263868175e-01,-3.0347535527e-01,-3.0387856929e-01,-3.0377127310e-01,-3.0631126169e-01,-3.0141874192e-01,-2.9436304127e-01,-2.8401224729e-01
1491,14.9100,-2.9960629449e-01,-3.0050531238e-01,-3.0097735001e-01,-3.0095113328e-01,-3.0336816327e-01,-2.9862234323e-01,-2.9173582251e-01,-2.8159300244e-01
1492,14.9200,-2.9681569548e-01,-2.9779383302e-01,-2.9835259461e-01,-2.9842786045e-01,-3.0069561490e-01,-2.9612440558e-01,-2.8943766562e-01,-2.7953866680e-01
1493,14.9300,-2.9471934333e-01,-2.9582144473e-01,-2.9651429724e-01,-2.9674443944e-01,-2.9879477559e-01,-2.9446974202e-01,-2.8806006347e-01,-2.7849399682e-01
1494,14.9400,-2.9264571667e-01,-2.9387052334e-01,-2.9469587777e-01,-2.9507877808e-01,-2.9691482796e-01,-2.9283225561e-01,-2.8669489029e-01,-2.7745534670e-01
1495,14.9500,-2.9054250468e-01,-2.9188877055e-01,-2.9284527224e-01,-2.9337936801e-01,-2.9500316038e-01,-2.9116086038e-01,-2.8529327744e-01,-2.7637712480e-01
1496,14.9600,-2.8839771670e-01,-2.8986447300e-01,-2.9095110879e-01,-2.9163526782e-01,-2.9304822562e-01,-2.8944469437e-01,-2.8384513897e-01,-2.7525016070e-01
1497,14.9700,-2.8631744778e-01,-2.8790506925e-01,-2.8912209990e-01,-2.8995645625e-01,-2.9115925182e-01,-2.8779303099e-01,-2.8245949775e-01,-2.7418288055e-01
1498,14.9800,-2.8439172914e-01,-2.8610522560e-01,-2.8745784305e-01,-2.8844813308e-01,-2.8943395911e-01,-2.8631173080e-01,-2.8125110758e-01,-2.7330040035e-01
1499,14.9900,-2.8248994466e-01,-2.8432952233e-01,-2.8581784981e-01,-2.8696409506e-01,-2.8773308799e-01,-2.8485454764e-01,-2.8006624366e-01,-2.7244043103e-01
1500,15.0000,-2.8063446727e-01,-2.8260185050e-01,-2.8422768485e-01,-2.8553188414e-01,-2.8608164012e-01,-2.8344916794e-01,-2.7893561619e-01,-2.7163733211e-01
1501,15.0100,-2.7868928592e-01,-2.8077705313e-01,-2.8253250565e-01,-2.8398567666e-01,-2.8432838501e-01,-2.8192862559e-01,-2.7767548332e-01,-2.7068824988e-01
1502,15.0200,-2.7596299910e-01,-2.7811963776e-01,-2.7995057114e-01,-2.8149191751e-01,-2.8170354265e-01,-2.7945848992e-01,-2.7538374954e-01,-2.6861570368e-01
1503,15.0300,-2.7335565574e-01,-2.7558761885e-01,-2.7750091980e-01,-2.7913832918e-01,-2.7920891678e-01,-2.7712887334e-01,-2.7324354842e-01,-2.6670721619e-01
1504,15.0400,-2.7075111105e-01,-2.7305886477e-01,-2.7505504612e-01,-2.7678908238e-01,-2.7671786596e-01,-2.7480366456e-01,-2.7110852843e-01,-2.6480463332e-01
1505,15.0500,-2.6822669581e-01,-2.7061276362e-01,-2.7269444472e-01,-2.7452801658e-01,-2.7431154662e-01,-2.7256654403e-01,-2.6906495421e-01,-2.6299707490e-01
1506,15.0600,-2.6589734236e-01,-2.6836818399e-01,-2.7054218158e-01,-2.7248297663e-01,-2.7211265910e-01,-2.7054483586e-01,-2.6724522897e-01,-2.6142283081e-01
1507,15.0700,-2.6363279268e-01,-2.6619107884e-01,-2.6846011682e-01,-2.7051109359e-01,-2.6998326864e-01,-2.6859633414e-01,-2.6550242068e-01,-2.5992944399e-01
1508,15.0800,-2.6137427206e-01,-2.6402014903e-01,-2.6638437048e-01,-2.6854568347e-01,-2.6786026220e-01,-2.6665419918e-01,-2.6376586175e-01,-2.5844206160e-01
1509,15.0900,-2.5912438808e-01,-2.6185865561e-01,-2.6431890489e-01,-2.6659150958e-01,-2.6574723734e-01,-2.6472337386e-01,-2.6204196396e-01,-2.5696879474e-01
1510,15.1000,-2.5690888132e-01,-2.5973276032e-01,-2.6229027231e-01,-2.6467549896e-01,-2.6367071141e-01,-2.6283074419e-01,-2.6035791815e-01,-2.5553708113e-01
1511,15.1100,-2.5469696023e-01,-2.5761147897e-01,-2.6026736316e-01,-2.6276649325e-01,-2.6159948341e-01,-2.6094524674e-01,-2.5868293615e-01,-2.5411659022e-01
1512,15.1200,-2.5253643518e-01,-2.5554281675e-01,-2.5829839128e-01,-2.6091293607e-01,-2.5958245754e-01,-2.5911469398e-01,-2.5706370534e-01,-2.5275276996e-01
1513,15.1300,-2.5049106972e-01,-2.5359255916e-01,-2.5645111672e-01,-2.5918462709e-01,-2.5768679206e-01,-2.5740901244e-01,-2.5557277934e-01,-2.5152081116e-01
1514,15.1400,-2.4854863818e-01,-2.5174856343e-01,-2.5471350702e-01,-2.5756968902e-01,-2.5590011902e-01,-2.5581659447e-01,-2.5419942001e-01,-2.5041102743e-01
1515,15.1500,-2.4635940005e-01,-2.4963629438e-01,-2.5268484173e-01,-2.5563792638e-01,-2.5383005737e-01,-2.5390513225e-01,-2.5246806015e-01,-2.4889787160e-01
1516,15.1600,-2.4408540914e-01,-2.4743356340e-01,-2.5055974567e-01,-2.5360308528e-01,-2.5166528324e-01,-2.5189027119e-01,-2.5062402955e-01,-2.4726149235e-01
1517,15.1700,-2.4090689248e-01,-2.4426547958e-01,-2.4740514038e-01,-2.5046659259e-01,-2.4849114854e-01,-2.4876887161e-01,-2.4756848527e-01,-2.4429267940e-01
1518,15.1800,-2.3776668318e-01,-2.4113961995e-01,-2.4429705189e-01,-2.4738163191e-01,-2.4536162229e-01,-2.4569983824e-01,-2.4457412058e-01,-2.4139569579e-01
1519,15.1900,-2.3469618702e-01,-2.3808701936e-01,-2.4126598698e-01,-2.4437795748e-01,-2.4230778258e-01,-2.4271251706e-01,-2.4166805098e-01,-2.3859467615e-01
1520,15.2000,-2.3174932081e-01,-2.3516413795e-01,-2.3837111747e-01,-2.4151782435e-01,-2.3938815646e-01,-2.3986917155e-01,-2.3891655982e-01,-2.3596050605e-01
1521,15.2100,-2.2921659628e-01,-2.3267978180e-01,-2.3594070695e-01,-2.3915160392e-01,-2.3692528851e-01,-2.3752133307e-01,-2.3670312716e-01,-2.3391444283e-01
1522,15.2200,-2.2675524840e-01,-2.3026842423e-01,-2.3358518879e-01,-2.3686264688e-01,-2.3453624457e-01,-2.3525145669e-01,-2.3457337965e-01,-2.3196050167e-01
1523,15.2300,-2.2408541170e-01,-2.2763395166e-01,-2.3099109415e-01,-2.3431766851e-01,-2.3191327904e-01,-2.3272457078e-01,-2.3216159257e-01,-2.2969549622e-01
1524,15.2400,-2.2141967599e-01,-2.2500609700e-01,-2.2840636497e-01,-2.3178525292e-01,-2.2929854443e-01,-2.3021067393e-01,-2.2976802735e-01,-2.2745480543e-01
1525,15.2500,-2.1962669584e-01,-2.2331324807e-01,-2.2682283656e-01,-2.3032920403e-01,-2.2766345315e-01,-2.2877887033e-01,-2.2856889238e-01,-2.2654036725e-01
1526,15.2600,-2.1777776098e-01,-2.2156051816e-01,-2.2517505941e-01,-2.2880370575e-01,-2.2596585497e-01,-2.2727693512e-01,-2.2729065992e-01,-2.2553551832e-01
1527,15.2700,-2.1604768964e-01,-2.1993065040e-01,-2.2365409742e-01,-2.2740914210e-01,-2.2439408455e-01,-2.2590601208e-01,-2.2614838127e-01,-2.2467148391e-01
1528,15.2800,-2.1439277931e-01,-2.1837734233e-01,-2.2221099369e-01,-2.2609368696e-01,-2.2290025032e-01,-2.2461384009e-01,-2.2508517459e-01,-2.2388619558e-01
1529,15.2900,-2.1281688132e-01,-2.1690590997e-01,-2.2085272156e-01,-2.2486631107e-01,-2.2149051675e-01,-2.2340978090e-01,-2.2411417431e-01,-2.2319752474e-01
1530,15.3000,-2.1118076653e-01,-2.1537143878e-01,-2.1942836862e-01,-2.2356935068e-01,-2.2001575733e-01,-2.2213581286e-01,-2.2306779590e-01,-2.2242692609e-01
1531,15.3100,-2.0866129409e-01,-2.1289468513e-01,-2.1699949982e-01,-2.2119767477e-01,-2.1755494364e-01,-2.1978366978e-01,-2.2084477497e-01,-2.2036746400e-01
1532,15.3200,-2.0624941214e-01,-2.1052997216e-01,-2.1468739790e-01,-2.1894812798e-01,-2.1520999646e-01,-2.1755346255e-01,-2.1875015244e-01,-2.1844373524e-01
1533,15.3300,-2.0393026484e-01,-2.0826138155e-01,-2.1247492901e-01,-2.1680209790e-01,-2.1296374697e-01,-2.1542685950e-01,-2.1676415497e-01,-2.1663406768e-01
1534,15.3400,-2.0175659586e-01,-2.0614455114e-01,-2.1042083804e-01,-2.1482188867e-01,-2.1087387169e-01,-2.1346648407e-01,-2.1495488659e-01,-2.1501305077e-01
1535,15.3500,-1.9960719618e-01,-2.0405301780e-01,-2.0839311411e-01,-2.1286923463e-01,-2.0881007566e-01,-2.1153369016e-01,-2.1317472991e-01,-2.1342278586e-01
1536,15.3600,-1.9743589786e-01,-2.0193851752e-01,-2.0634128278e-01,-2.1089117662e-01,-2.0672254751e-01,-2.0957537824e-01,-2.1136703750e-01,-2.1180253979e-01
1537,15.3700,-1.9536029133e-01,-1.9992392745e-01,-2.0439379193e-01,-2.0902242305e-01,-2.0473804089e-01,-2.0772662403e-01,-2.0967583527e-01,-2.1030661773e-01
1538,15.3800,-1.9328983377e-01,-1.9791496093e-01,-2.0245242244e-01,-2.0716034986e-01,-2.0275947834e-01,-2.0588459099e-01,-2.0799211802e-01,-2.0881896130e-01
1539,15.3900,-1.9121878825e-01,-1.9590519432e-01,-2.0050999887e-01,-2.0529690012e-01,-2.0077999166e-01,-2.0404111234e-01,-2.0630628947e-01,-2.0732829430e-01
1540,15.4000,-1.8927452247e-01,-1.9402742513e-01,-1.9870503804e-01,-2.0357701970e-01,-1.9893641989e-01,-2.0234144835e-01,-2.0477263017e-01,-2.0599921171e-01
1541,15.4100,-1.8737195166e-01,-1.9219294529e-01,-1.9694496360e-01,-2.0190371856e-01,-1.9713727613e-01,-2.0068845154e-01,-2.0328787494e-01,-2.0472139470e-01
1542,15.4200,-1.8541493791e-01,-1.9030139296e-01,-1.9512498784e-01,-2.0016726734e-01,-1.9527917887e-01,-1.9897203711e-01,-2.0173474398e-01,-2.0336931857e-01
1543,15.4300,-1.8357279143e-01,-1.8852921726e-01,-1.9342909170e-01,-1.9856012642e-01,-1.9354388210e-01,-1.9738509753e-01,-2.0031809683e-01,-2.0216156714e-01
1544,15.4400,-1.8181665869e-01,-1.8684636684e-01,-1.9182596842e-01,-1.9704958480e-01,-1.9190037117e-01,-1.9589492635e-01,-1.9900346157e-01,-2.0106170695e-01
1545,15.4500,-1.8008456594e-01,-1.8518797692e-01,-1.9024778165e-01,-1.9556455863e-01,-1.9028227887e-01,-1.9442972485e-01,-1.9771327472e-01,-1.9998566876e-01
1546,15.4600,-1.7834496675e-01,-1.8352177763e-01,-1.8866144386e-01,-1.9407097110e-01,-1.8865613015e-01,-1.9295594234e-01,-1.9641386404e-01,-1.9889956692e-01
1547,15.4700,-1.7664732511e-01,-1.8189895681e-01,-1.8711995366e-01,-1.9262384964e-01,-1.8707444655e-01,-1.9152866535e-01,-1.9516308460e-01,-1.9786445432e-01
1548,15.4800,-1.7500091110e-01,-1.8032948466e-01,-1.8563402584e-01,-1.9123475396e-01,-1.8554768123e-01,-1.9015952946e-01,-1.9397383967e-01,-1.9689468254e-01
1549,15.4900,-1.7336959617e-01,-1.7877576864e-01,-1.8416452641e-01,-1.8986281950e-01,-1.8403715659e-01,-1.8880757588e-01,-1.9280270416e-01,-1.9594397733e-01
1550,15.5000,-1.7183304996e-01,-1.7731938133e-01,-1.8279495119e-01,-1.8859360787e-01,-1.8262607542e-01,-1.8755824149e-01,-1.9173735398e-01,-1.9510239978e-01
1551,15.5100,-1.6944359035e-01,-1.7494800681e-01,-1.8044471914e-01,-1.8626962139e-01,-1.8025647969e-01,-1.8524774482e-01,-1.8949905743e-01,-1.9295778485e-01
1552,15.5200,-1.6715046904e-01,-1.7267845126e-01,-1.7820232007e-01,-1.8406050915e-01,-1.7799327769e-01,-1.8305218238e-01,-1.8738544925e-01,-1.9094974535e-01
1553,15.5300,-1.6496136412e-01,-1.7051766474e-01,-1.7607372777e-01,-1.8197090120e-01,-1.7584234677e-01,-1.8097646518e-01,-1.8539992959e-01,-1.8907937891e-01
1554,15.5400,-1.6227373970e-01,-1.6782384348e-01,-1.7337555579e-01,-1.7927042094e-01,-1.7313327798e-01,-1.7828715333e-01,-1.8274061568e-01,-1.8646543001e-01
1555,15.5500,-1.5924764734e-01,-1.6476766505e-01,-1.7028985354e-01,-1.7615411274e-01,-1.7004452547e-01,-1.7518017397e-01,-1.7962271150e-01,-1.8334582469e-01
1556,15.5600,-1.5649714269e-01,-1.6200483532e-01,-1.6751654512e-01,-1.7337201052e-01,-1.6726226046e-01,-1.7240880404e-01,-1.7687279526e-01,-1.8063275688e-01
1557,15.5700,-1.5419079274e-01,-1.5971329717e-01,-1.6524331592e-01,-1.7112260132e-01,-1.6497070160e-01,-1.7017262480e-01,-1.7470676263e-01,-1.7856063640e-01
1558,15.5800,-1.5258781059e-01,-1.5817466573e-01,-1.6377575312e-01,-1.6973887072e-01,-1.6346742051e-01,-1.6880691820e-01,-1.7350179672e-01,-1.7755659093e-01
1559,15.5900,-1.5114916799e-01,-1.5681278099e-01,-1.6249802128e-01,-1.6855968979e-01,-1.6214985074e-01,-1.6764675511e-01,-1.7252376651e-01,-1.7680411180e-01
1560,15.6000,-1.4970620132e-01,-1.5544555730e-01,-1.6121378394e-01,-1.6737257126e-01,-1.6082654108e-01,-1.6647818725e-01,-1.7153406907e-01,-1.7603570157e-01
1561,15.6100,-1.4769290965e-01,-1.5346600868e-01,-1.5927264899e-01,-1.6547803553e-01,-1.5886074546e-01,-1.6459854393e-01,-1.6975880589e-01,-1.7439530545e-01
1562,15.6200,-1.4549072480e-01,-1.5128276128e-01,-1.5711223275e-01,-1.6334671366e-01,-1.5668073153e-01,-1.6248081332e-01,-1.6771982682e-01,-1.7246178700e-01
1563,15.6300,-1.4339557855e-01,-1.4921175661e-01,-1.5506956007e-01,-1.6133934096e-01,-1.5461661225e-01,-1.6048753932e-01,-1.6581450824e-01,-1.7067246689e-01
1564,15.6400,-1.4136749579e-01,-1.4721036390e-01,-1.5309901364e-01,-1.5940672136e-01,-1.5262383409e-01,-1.5856920659e-01,-1.6398763293e-01,-1.6896513253e-01
1565,15.6500,-1.3933544621e-01,-1.4520545505e-01,-1.5112545213e-01,-1.5747166737e-01,-1.5062773062e-01,-1.5664861049e-01,-1.6215964963e-01,-1.6725801703e-01
1566,15.6600,-1.3739583922e-01,-1.4329734337e-01,-1.4925328260e-01,-1.5564317860e-01,-1.4873156844e-01,-1.5483491706e-01,-1.6044601231e-01,-1.6567372552e-01
1567,15.6700,-1.3544649685e-01,-1.4137881034e-01,-1.4736993174e-01,-1.5380261046e-01,-1.4682448234e-01,-1.5300906374e-01,-1.5871876283e-01,-1.6407399713e-01
1568,15.6800,-1.3356237722e-01,-1.3952843345e-01,-1.4555781388e-01,-1.5203671879e-01,-1.4498761875e-01,-1.5125814966e-01,-1.5707147116e-01,-1.6255991875e-01
1569,15.6900,-1.3172183691e-01,-1.3772357674e-01,-1.4379324575e-01,-1.5032063706e-01,-1.4319776628e-01,-1.4955710394e-01,-1.5547704199e-01,-1.6110202953e-01
1570,15.7000,-1.2990344537e-01,-1.3594148906e-01,-1.4205219080e-01,-1.4862901693e-01,-1.4143183065e-01,-1.4787998810e-01,-1.5390663480e-01,-1.5966835153e-01
1571,15.7100,-1.2818398395e-01,-1.3426151589e-01,-1.4041641392e-01,-1.4704599493e-01,-1.3977037467e-01,-1.4631154752e-01,-1.5244900486e-01,-1.5835166356e-01
1572,15.7200,-1.2654555215e-01,-1.3266596328e-01,-1.3886859499e-01,-1.4555486553e-01,-1.3819576966e-01,-1.4483525648e-01,-1.5108912697e-01,-1.5713904241e-01
1573,15.7300,-1.2492494668e-01,-1.3108926807e-01,-1.3734073349e-01,-1.4408493453e-01,-1.3664072091e-01,-1.4338029452e-01,-1.4975247552e-01,-1.5595180282e-01
1574,15.7400,-1.2333307514e-01,-1.2954217103e-01,-1.3584329983e-01,-1.4264629095e-01,-1.3511599014e-01,-1.4195653600e-01,-1.4844780335e-01,-1.5479723574e-01
1575,15.7500,-1.2174437676e-01,-1.2799843759e-01,-1.3434941035e-01,-1.4121136291e-01,-1.3359483852e-01,-1.4053641781e-01,-1.4714672965e-01,-1.5364609887e-01
1576,15.7600,-1.2023933289e-01,-1.2654200120e-01,-1.3294663331e-01,-1.3987179535e-01,-1.3216357904e-01,-1.3921196811e-01,-1.4594746247e-01,-1.5260371926e-01
1577,15.7700,-1.1872240618e-01,-1.2507342215e-01,-1.3153144025e-01,-1.3851951804e-01,-1.3071990701e-01,-1.3787485391e-01,-1.4473526771e-01,-1.5154811800e-01
1578,15.7800,-1.1721905961e-01,-1.2361845392e-01,-1.3012987167e-01,-1.3718086571e-01,-1.2929031613e-01,-1.3655093521e-01,-1.4353517573e-01,-1.5050322571e-01
1579,15.7900,-1.1575764627e-01,-1.2220715487e-01,-1.2877377607e-01,-1.3588969498e-01,-1.2790564182e-01,-1.3527461912e-01,-1.4238552442e-01,-1.4951196561e-01
1580,15.8000,-1.1441234350e-01,-1.2091601519e-01,-1.2754209925e-01,-1.3472771459e-01,-1.2664462424e-01,-1.3412729322e-01,-1.4137049368e-01,-1.4866166597e-01
1581,15.8100,-1.1313999998e-01,-1.1970024669e-01,-1.2638830246e-01,-1.3364639690e-01,-1.2546099175e-01,-1.3306055472e-01,-1.4043939491e-01,-1.4789902151e-01
1582,15.8200,-1.1183304835e-01,-1.1844859530e-01,-1.2519724694e-01,-1.3252623256e-01,-1.2424045002e-01,-1.3195494024e-01,-1.3946722518e-01,-1.4709268517e-01
1583,15.8300,-1.1056991628e-01,-1.1724271186e-01,-1.2405395820e-01,-1.3145601494e-01,-1.2306711032e-01,-1.3089936645e-01,-1.3854801769e-01,-1.4634250867e-01
1584,15.8400,-1.0932222467e-01,-1.1605304290e-01,-1.2292768973e-01,-1.3040371403e-01,-1.2191047759e-01,-1.2986182238e-01,-1.3764824696e-01,-1.4561336300e-01
1585,15.8500,-1.0800686311e-01,-1.1479230196e-01,-1.2172675164e-01,-1.2927267980e-01,-1.2068019352e-01,-1.2874536924e-01,-1.3666384066e-01,-1.4479290442e-01
1586,15.8600,-1.0635461141e-01,-1.1316777031e-01,-1.2013334903e-01,-1.2771655279e-01,-1.1906693073e-01,-1.2720118480e-01,-1.3520238038e-01,-1.4343722629e-01
1587,15.8700,-1.0442292008e-01,-1.1124202668e-01,-1.1821558560e-01,-1.2580978973e-01,-1.1713679433e-01,-1.2530440078e-01,-1.3334914844e-01,-1.4164383207e-01
1588,15.8800,-1.0205749969e-01,-1.0884916504e-01,-1.1579529637e-01,-1.2336042484e-01,-1.1471552930e-01,-1.2286206957e-01,-1.3089097739e-01,-1.3917619006e-01
1589,15.8900,-9.9804413942e-02,-1.0657451027e-01,-1.1349952795e-01,-1.2104283421e-01,-1.1241652520e-01,-1.2055225153e-01,-1.2857678952e-01,-1.3686627335e-01
1590,15.9000,-9.7589272278e-02,-1.0434062124e-01,-1.1124759978e-01,-1.1877266259e-01,-1.1016010611e-01,-1.1829035060e-01,-1.2631657278e-01,-1.3461767924e-01
1591,15.9100,-9.5407777571e-02,-1.0214252270e-01,-1.0903376869e-01,-1.1654323899e-01,-1.0794091299e-01,-1.1606950256e-01,-1.2410166311e-01,-1.3241944969e-01
1592,15.9200,-9.3474827647e-02,-1.0021251033e-01,-1.0710912492e-01,-1.1462736839e-01,-1.0600321369e-01,-1.1416485882e-01,-1.2224238450e-01,-1.3062502951e-01
1593,15.9300,-9.1343892715e-02,-9.8069429194e-02,-1.0495552694e-01,-1.1246470296e-01,-1.0384199756e-01,-1.1201184183e-01,-1.2010805717e-01,-1.2852509427e-01
1594,15.9400,-8.9314212641e-02,-9.6032646848e-02,-1.0291357370e-01,-1.1041972511e-01,-1.0179060785e-01,-1.0997703252e-01,-1.1810099839e-01,-1.2656284203e-01
1595,15.9500,-8.7300372745e-02,-9.4012030750e-02,-1.0088807000e-01,-1.0839143920e-01,-9.9755660464e-02,-1.0795885191e-01,-1.1611054235e-01,-1.2461684451e-01
1596,15.9600,-8.5419104995e-02,-9.2129358133e-02,-9.9006123234e-02,-1.0651296385e-01,-9.7862615183e-02,-1.0609080330e-01,-1.1427894337e-01,-1.2283955705e-01
1597,15.9700,-8.3608288786e-02,-9.0320740919e-02,-9.7202021152e-02,-1.0471657921e-01,-9.6046253772e-02,-1.0430510143e-01,-1.1253574611e-01,-1.2115757066e-01
1598,15.9800,-8.1758074468e-02,-8.8471214566e-02,-9.5355341998e-02,-1.0287564725e-01,-9.4188024069e-02,-1.0247455277e-01,-1.1074424281e-01,-1.1942298465e-01
1599,15.9900,-7.9992422247e-02,-8.6710576044e-02,-9.3602112262e-02,-1.0113329730e-01,-9.2421773952e-02,-1.0074295720e-01,-1.0905919816e-01,-1.1780348809e-01
1600,16.0000,-7.8237060767e-02,-8.4960201624e-02,-9.1859062262e-02,-9.9400963545e-02,-9.0665810036e-02,-9.9021299323e-02,-1.0738356555e-01,-1.1619260607e-01
1601,16.0100,-7.6623223063e-02,-8.3356586778e-02,-9.0268409173e-02,-9.7827506311e-02,-8.9061504889e-02,-9.7458013716e-02,-1.0587367963e-01,-1.1475607036e-01
1602,16.0200,-7.5087152093e-02,-8.1833734442e-02,-8.8761691441e-02,-9.6341559270e-02,-8.7540862215e-02,-9.5981839805e-02,-1.0445459311e-01,-1.1341449175e-01
1603,16.0300,-7.3575629791e-02,-8.0336125870e-02,-8.7280901699e-02,-9.4882250639e-02,-8.6045999405e-02,-9.4532295170e-02,-1.0306292430e-01,-1.1210107959e-01
1604,16.0400,-7.2073397357e-02,-7.8848841791e-02,-8.5811546269e-02,-9.3435641613e-02,-8.4562003863e-02,-9.3095730835e-02,-1.0168657586e-01,-1.1080576019e-01
1605,16.0500,-7.0572701003e-02,-7.7363254452e-02,-8.4344118792e-02,-9.1991300198e-02,-8.3080162446e-02,-9.1661175377e-02,-1.0031216066e-01,-1.0951236430e-01
1606,16.0600,-6.9095477555e-02,-7.5901851799e-02,-8.2901665324e-02,-9.0572867507e-02,-8.1623436804e-02,-9.0252233225e-02,-9.8963917043e-02,-1.0824579291e-01
1607,16.0700,-6.7694788084e-02,-7.4520219482e-02,-8.1542375871e-02,-8.9241395686e-02,-8.0248863682e-02,-8.8930454156e-02,-9.7708180868e-02,-1.0707782208e-01
1608,16.0800,-6.6390453476e-02,-7.3238045501e-02,-8.0285767364e-02,-8.8016178798e-02,-7.8976472635e-02,-8.7714697359e-02,-9.6562406266e-02,-1.0602413234e-01
1609,16.0900,-6.5069412228e-02,-7.1938602710e-02,-7.9011276516e-02,-8.6772363263e-02,-7.7686246962e-02,-8.6480426860e-02,-9.5397351462e-02,-1.0495023434e-01
1610,16.1000,-6.3798531100e-02,-7.0691647025e-02,-7.7791705132e-02,-8.5586182108e-02,-7.6450081051e-02,-8.5304057531e-02,-9.4294299232e-02,-1.0394301077e-01
1611,16.1100,-6.2606779181e-02,-6.9526612485e-02,-7.6657002534e-02,-8.4488182441e-02,-7.5298646973e-02,-8.4215384246e-02,-9.3282047932e-02,-1.0303003451e-01
1612,16.1200,-6.1384872605e-02,-6.8330252491e-02,-7.5489730891e-02,-8.3356202307e-02,-7.4115014251e-02,-8.3092655391e-02,-9.2233713955e-02,-1.0207860520e-01
1613,16.1300,-6.0195174737e-02,-6.7167703342e-02,-7.4357949395e-02,-8.2261589197e-02,-7.2966228339e-02,-8.2007523942e-02,-9.1225933378e-02,-1.0117112271e-01
1614,16.1400,-5.9057111363e-02,-6.6058901815e-02,-7.3282105590e-02,-8.1225330849e-02,-7.1872635644e-02,-8.0980963258e-02,-9.0280285427e-02,-1.0032977813e-01
1615,16.1500,-5.7938749672e-02,-6.4970393273e-02,-7.2227144484e-02,-8.0210579626e-02,-7.0799745509e-02,-7.9975951307e-02,-8.9357031749e-02,-9.9511725059e-02
1616,16.1600,-5.6851362886e-02,-6.3913641349e-02,-7.1204710792e-02,-7.9229159860e-02,-6.9759196226e-02,-7.9004280297e-02,-8.8468076833e-02,-9.8728930422e-02
1617,16.1700,-5.5821907958e-02,-6.2917320728e-02,-7.0245310787e-02,-7.8313663718e-02,-6.8780790161e-02,-7.8098792765e-02,-8.7649591549e-02,-9.8021460843e-02
1618,16.1800,-5.4838593150e-02,-6.1968910089e-02,-6.9335665163e-02,-7.7449969488e-02,-6.7851623712e-02,-7.7245187124e-02,-8.6885775326e-02,-9.7371793201e-02
1619,16.1900,-5.3879050054e-02,-6.1045049058e-02,-6.8451479422e-02,-7.6612879496e-02,-6.6948610125e-02,-7.6417343307e-02,-8.6147299360e-02,-9.6747001906e-02
1620,16.2000,-5.2919120544e-02,-6.0120770902e-02,-6.7566809393e-02,-7.5775183732e-02,-6.6045006900e-02,-7.5589006069e-02,-8.5408374339e-02,-9.6121740920e-02
1621,16.2100,-5.1736260849e-02,-5.8955516778e-02,-6.6421842760e-02,-7.4655094056e-02,-6.4887511421e-02,-7.4476480074e-02,-8.4351594260e-02,-9.5138525202e-02
1622,16.2200,-4.9992513847e-02,-5.7188231099e-02,-6.4631088612e-02,-7.2839526755e-02,-6.3098402237e-02,-7.2664726720e-02,-8.2521272485e-02,-9.3294294242e-02
1623,16.2300,-4.8281550063e-02,-5.5456464055e-02,-6.2878879619e-02,-7.1066086043e-02,-6.1346484142e-02,-7.0895709069e-02,-8.0740167970e-02,-9.1507406304e-02
1624,16.2400,-4.6655018443e-02,-5.3811987333e-02,-6.1216962688e-02,-6.9386307788e-02,-5.9684147062e-02,-6.9220366877e-02,-7.9057117816e-02,-8.9823613612e-02
1625,16.2500,-4.4222746087e-02,-5.1302676791e-02,-5.8627347112e-02,-6.6707416033e-02,-5.7114749719e-02,-6.6540299271e-02,-7.6262063802e-02,-8.6901698405e-02
1626,16.2600,-4.1942115780e-02,-4.8953627039e-02,-5.6207301808e-02,-6.4208842702e-02,-5.4711452420e-02,-6.4041765360e-02,-7.3665933262e-02,-8.4199704462e-02
1627,16.2700,-4.0016559134e-02,-4.6984634522e-02,-5.4194059616e-02,-6.2147672462e-02,-5.2705799486e-02,-6.1983396452e-02,-7.1557345288e-02,-8.2041907417e-02
1628,16.2800,-3.8251538312e-02,-4.5188187178e-02,-5.2366194406e-02,-6.0286524190e-02,-5.0881127202e-02,-6.0126367340e-02,-6.9672648173e-02,-8.0134759762e-02
1629,16.2900,-3.6481793536e-02,-4.3387074712e-02,-5.0533826667e-02,-5.8421183466e-02,-4.9052436649e-02,-5.8264651940e-02,-6.7782619274e-02,-7.8221612510e-02
1630,16.3000,-3.4753475003e-02,-4.1629544278e-02,-4.8747301464e-02,-5.6604209374e-02,-4.7268715185e-02,-5.6451622438e-02,-6.5945269965e-02,-7.6365711637e-02
1631,16.3100,-3.3162788645e-02,-4.0015128628e-02,-4.7109616133e-02,-5.4942447123e-02,-4.5632107859e-02,-5.4794173650e-02,-6.4272505591e-02,-7.4684607129e-02
1632,16.3200,-3.1614043955e-02,-3.8444631550e-02,-4.5517900887e-02,-5.3328917961e-02,-4.4040793579e-02,-5.3185147103e-02,-6.2651472564e-02,-7.3058952916e-02
1633,16.3300,-3.0070495691e-02,-3.6880120121e-02,-4.3933009709e-02,-5.1723159824e-02,-4.2455868794e-02,-5.1584111383e-02,-6.1040189956e-02,-7.1445101822e-02
1634,16.3400,-2.8531284801e-02,-3.5320442896e-02,-4.2353444152e-02,-5.0123236934e-02,-4.0875998851e-02,-4.9989058555e-02,-5.9435842306e-02,-6.9839215449e-02
1635,16.3500,-2.7042634622e-02,-3.3813478762e-02,-4.0828790987e-02,-4.8580610378e-02,-3.9350354308e-02,-4.8451470734e-02,-5.7892299552e-02,-6.8297779307e-02
1636,16.3600,-2.5611633039e-02,-3.2367141475e-02,-3.9367937254e-02,-4.7105392005e-02,-3.7887415125e-02,-4.6981616842e-02,-5.6422002812e-02,-6.6836049208e-02
1637,16.3700,-2.4225305979e-02,-3.0967024653e-02,-3.7954884449e-02,-4.5679691103e-02,-3.6471844757e-02,-4.5561340369e-02,-5.5003531104e-02,-6.5428570740e-02
1638,16.3800,-2.2896076158e-02,-2.9626185064e-02,-3.6603373277e-02,-4.4318041736e-02,-3.5117140314e-02,-4.4205253814e-02,-5.3652762099e-02,-6.4092755064e-02
1639,16.3900,-2.1587754122e-02,-2.8307758265e-02,-3.5275894435e-02,-4.2982285436e-02,-3.3785805074e-02,-4.2875321136e-02,-5.2331244622e-02,-6.2789873770e-02
1640,16.4000,-2.0253863885e-02,-2.6962712466e-02,-3.3920674044e-02,-4.1617507476e-02,-3.2427028271e-02,-4.1516327327e-02,-5.0978879076e-02,-6.1454034704e-02
1641,16.4100,-1.8975699439e-02,-2.5675674028e-02,-3.2625859872e-02,-4.0315830119e-02,-3.1128476760e-02,-4.0220084261e-02,-4.9691851385e-02,-6.0186354983e-02
1642,16.4200,-1.7848508981e-02,-2.4545972359e-02,-3.1495048540e-02,-3.9185606572e-02,-2.9992141203e-02,-3.9095511420e-02,-4.8586531883e-02,-5.9111773754e-02
1643,16.4300,-1.6755310254e-02,-2.3451343310e-02,-3.0400424873e-02,-3.8092803723e-02,-2.8891970430e-02,-3.8008132317e-02,-4.7519375757e-02,-5.8076327818e-02
1644,16.4400,-1.5614560488e-02,-2.2307410282e-02,-2.9254669835e-02,-3.6946841030e-02,-2.7741217771e-02,-3.6867473474e-02,-4.6396068358e-02,-5.6981474848e-02
1645,16.4500,-1.4533783995e-02,-2.1225816705e-02,-2.8173716465e-02,-3.5868409839e-02,-2.6654488311e-02,-3.5794541086e-02,-4.5344427532e-02,-5.5962760288e-02
1646,16.4600,-1.3513858070e-02,-2.0207695302e-02,-2.7158976332e-02,-3.4859247033e-02,-2.5633091142e-02,-3.4791103173e-02,-4.4366725900e-02,-5.5023049441e-02
1647,16.4700,-1.2496290880e-02,-1.9192072179e-02,-2.6146858600e-02,-3.3852817701e-02,-2.4614180903e-02,-3.3790497635e-02,-4.3392195106e-02,-5.4086854422e-02
1648,16.4800,-1.1517918035e-02,-1.8217028581e-02,-2.5176753498e-02,-3.2889980205e-02,-2.3636885479e-02,-3.2833546666e-02,-4.2463458185e-02,-5.3198843987e-02
1649,16.4900,-1.0607367230e-02,-1.7312537741e-02,-2.4280054683e-02,-3.2003727562e-02,-2.2732130989e-02,-3.1953369733e-02,-4.1616006824e-02,-5.2397249328e-02
1650,16.5000,-9.6772934057e-03,-1.6388063271e-02,-2.3362901328e-02,-3.1096507545e-02,-2.1806964536e-02,-3.1052283435e-02,-4.0747146511e-02,-5.1573711363e-02
1651,16.5100,-8.7709273633e-03,-1.5487847769e-02,-2.2470738958e-02,-3.0215282255e-02,-2.0907484658e-02,-3.0176415382e-02,-3.9903231309e-02,-5.0775035513e-02
1652,16.5200,-7.9374681911e-03,-1.4663022898e-02,-2.1656622365e-02,-2.9415130688e-02,-2.0086105820e-02,-2.9381021258e-02,-3.9142316062e-02,-5.0062195855e-02
1653,16.5300,-7.1352663235e-03,-1.3870784984e-02,-2.0876467785e-02,-2.8650454780e-02,-1.9298192780e-02,-2.8621266554e-02,-3.8419341227e-02,-4.9389901183e-02
1654,16.5400,-6.3991956363e-03,-1.3147041862e-02,-2.0167236860e-02,-2.7959359044e-02,-1.8580465962e-02,-2.7935254514e-02,-3.7773809703e-02,-4.8799154995e-02
1655,16.5500,-5.7312498343e-03,-1.2493861709e-02,-1.9531246935e-02,-2.7344657226e-02,-1.7936097208e-02,-2.7324953246e-02,-3.7206596911e-02,-4.8289819164e-02
1656,16.5600,-4.8837857077e-03,-1.1648545751e-02,-1.8689696636e-02,-2.6509139228e-02,-1.7090887235e-02,-2.6492338967e-02,-3.6393347280e-02,-4.7506335086e-02
1657,16.5700,-3.7658706811e-03,-1.0513433566e-02,-1.7537736231e-02,-2.5339746760e-02,-1.5941800004e-02,-2.5324213329e-02,-3.5209705528e-02,-4.6311237196e-02
1658,16.5800,-2.0110405593e-03,-8.6944416756e-03,-1.5651823271e-02,-2.3379371400e-02,-1.4075148240e-02,-2.3360656887e-02,-3.3144650981e-02,-4.4132963326e-02
1659,16.5900,-1.2540005467e-04,-6.7347031521e-03,-1.3614719697e-02,-2.1256096597e-02,-1.2060209706e-02,-2.1233755041e-02,-3.0900134976e-02,-4.1756825632e-02
1660,16.6000,1.6616968139e-03,-4.8784163704e-03,-1.1686373662e-02,-1.9247713532e-02,-1.0152349362e-02,-1.9222167722e-02,-2.8780222922e-02,-3.9516532420e-02
1661,16.6100,3.3536400246e-03,-3.1219945391e-03,-9.8630419346e-03,-1.7350363288e-02,-8.3481763952e-03,-1.7321748933e-02,-2.6780019331e-02,-3.7406386113e-02
1662,16.6200,5.0051503213e-03,-1.4083924577e-03,-8.0850889499e-03,-1.5501322650e-02,-6.5883327717e-03,-1.5470060913e-02,-2.4833469312e-02,-3.5355799396e-02
1663,16.6300,6.6286088546e-03,2.7526535963e-04,-6.3391056355e-03,-1.3686567028e-02,-4.8595485386e-03,-1.3653062818e-02,-2.2925663874e-02,-3.3348814662e-02
1664,16.6400,8.1841726569e-03,1.8873461372e-03,-4.6686289252e-03,-1.1951806220e-02,-3.2051185494e-03,-1.1916263129e-02,-2.1104423749e-02,-3.1435854619e-02
1665,16.6500,9.6977126002e-03,3.4552316720e-03,-3.0446539291e-03,-1.0266161227e-02,-1.5963360440e-03,-1.0228876395e-02,-1.9336745050e-02,-2.9581346037e-02
1666,16.6600,1.1192613250e-02,5.0031457589e-03,-1.4420741211e-03,-8.6035347965e-03,-8.2701473047e-06,-8.5648302963e-03,-1.7595339534e-02,-2.7756618517e-02
1667,16.6700,1.2603910494e-02,6.4637027631e-03,6.9218853872e-05,-7.0365855591e-03,1.4896581613e-03,-6.9966746854e-03,-1.5955943828e-02,-2.6040867543e-02
1668,16.6800,1.3927150849e-02,7.8326190261e-03,1.4850798035e-03,-5.5693387121e-03,2.8927056930e-03,-5.5279327064e-03,-1.4420787261e-02,-2.4434818185e-02
1669,16.6900,1.5231563338e-02,9.1812958894e-03,2.8791845611e-03,-4.1256035598e-03,4.2745639975e-03,-4.0828974529e-03,-1.2912161604e-02,-2.2858684376e-02
1670,16.7000,1.6464067243e-02,1.0455089888e-02,4.1953002946e-03,-2.7633075992e-03,5.5794804373e-03,-2.7196080639e-03,-1.1490426750e-02,-2.1375331820e-02
1671,16.7100,1.7673414977e-02,1.1704575323e-02,5.4858610626e-03,-1.4280146374e-03,6.8590523532e-03,-1.3832372559e-03,-1.0097321002e-02,-1.9922617221e-02
1672,16.7200,1.8854132591e-02,1.2923761371e-02,6.7443607694e-03,-1.2676671008e-04,8.1070451367e-03,-8.0975798356e-05,-8.7410348160e-03,-1.8509827547e-02
1673,16.7300,1.9993405433e-02,1.4099475486e-02,7.9572983957e-03,1.1266297280e-03,9.3102316914e-03,1.1731790513e-03,-7.4363390881e-03,-1.7152541370e-02
1674,16.7400,2.1083726068e-02,1.5224313417e-02,9.1173635159e-03,2.3249456201e-03,1.0461212279e-02,2.3720645509e-03,-6.1901654923e-03,-1.5857468806e-02
1675,16.7500,2.2116123069e-02,1.6288673942e-02,1.0214276973e-02,3.4571244785e-03,1.1549961677e-02,3.5045340035e-03,-5.0149115113e-03,-1.4638492461e-02
1676,16.7600,2.3143927647e-02,1.7348049264e-02,1.1305786850e-02,4.5834234114e-03,1.2633510104e-02,4.6310285206e-03,-3.8464854831e-03,-1.3427351494e-02
1677,16.7700,2.4124419502e-02,1.8358344163e-02,1.2346366905e-02,5.6567278730e-03,1.3666598094e-02,5.7044897317e-03,-2.7338269479e-03,-1.2275080692e-02
1678,16.7800,2.5077559550e-02,1.9340014010e-02,1.3356883507e-02,6.6982264653e-03,1.4669584040e-02,6.7464949245e-03,-1.6542043815e-03,-1.1157819041e-02
1679,16.7900,2.5992954775e-02,2.0282367444e-02,1.4326466827e-02,7.6970228785e-03,1.5632257077e-02,7.7455700940e-03,-6.2027230617e-04,-1.0089353483e-02
1680,16.8000,2.6899110288e-02,2.1214983003e-02,1.5285791042e-02,8.6849800803e-03,1.6584902031e-02,8.7337034271e-03,4.0172493581e-04,-9.0339745678e-03
1681,16.8100,2.7754471334e-02,2.2094535164e-02,1.6189728618e-02,9.6150248126e-03,1.7482830762e-02,9.6638004703e-03,1.3622775816e-03,-8.0437496045e-03
1682,16.8200,2.8515133508e-02,2.2875649436e-02,1.6991334530e-02,1.0438415942e-02,1.8279634635e-02,1.0486960494e-02,2.2097139971e-03,-7.1736543426e-03
1683,16.8300,2.9291537746e-02,2.3672953544e-02,1.7809605334e-02,1.1279009425e-02,1.9093081567e-02,1.1327243623e-02,3.0747799281e-03,-6.2853625941e-03
1684,16.8400,3.0080565200e-02,2.4483064296e-02,1.8640870397e-02,1.2132801142e-02,1.9919582844e-02,1.2180633155e-02,3.9529860420e-03,-5.3839196733e-03
1685,16.8500,3.0821904801e-02,2.5243706825e-02,1.9420815817e-02,1.2933221445e-02,2.0695297979e-02,1.2980553105e-02,4.7748837127e-03,-4.5419890582e-03
1686,16.8600,3.1513794976e-02,2.5952620003e-02,2.0146639475e-02,1.3676836843e-02,2.1417528096e-02,1.3723605129e-02,5.5363473003e-03,-3.7645190730e-03
1687,16.8700,3.2204541862e-02,2.6660205711e-02,2.0870949123e-02,1.4418735374e-02,2.2138302506e-02,1.4464930756e-02,6.2958221358e-03,-2.9893110726e-03
1688,16.8800,3.2859344703e-02,2.7330526974e-02,2.1556631314e-02,1.5120508822e-02,2.2820862907e-02,1.5166038524e-02,7.0129732931e-03,-2.2587849928e-03
1689,16.8900,3.3482416959e-02,2.7967778633e-02,2.2207776196e-02,1.5786011656e-02,2.3468841496e-02,1.5831250159e-02,7.6928249058e-03,-1.5671882633e-03
1690,16.9000,3.4081520864e-02,2.8580035434e-02,2.2832798442e-02,1.6424058920e-02,2.4090647466e-02,1.6469304555e-02,8.3444534465e-03,-9.0506735916e-04
1691,16.9100,3.4640556171e-02,2.9150637612e-02,2.3414529126e-02,1.7017018569e-02,2.4669722576e-02,1.7062098876e-02,8.9481461872e-03,-2.9389667602e-04
1692,16.9200,3.5745985363e-02,3.0307956911e-02,2.4626104476e-02,1.8289117930e-02,2.5864287230e-02,1.8338102999e-02,1.0310338470e-02,1.1656072139e-03
1693,16.9300,3.7130108623e-02,3.1764585328e-02,2.6158887808e-02,1.9907268282e-02,2.7373141153e-02,1.9961872996e-02,1.2057013972e-02,3.0527358948e-03
1694,16.9400,3.8450081532e-02,3.3153266881e-02,2.7619629537e-02,2.1448652698e-02,2.8811421731e-02,2.1508394009e-02,1.3718908750e-02,4.8459425356e-03
1695,16.9500,3.9665285079e-02,3.4432078852e-02,2.8965056765e-02,2.2868512056e-02,3.0136326268e-02,2.2932756151e-02,1.5248869830e-02,6.4955427718e-03
1696,16.9600,4.0876180678e-02,3.5705727643e-02,3.0304356224e-02,2.4281081152e-02,3.1455583963e-02,2.4349589629e-02,1.6769066055e-02,8.1325334676e-03
1697,16.9700,4.2075819717e-02,3.6967156764e-02,3.1630381921e-02,2.5679144128e-02,3.2762059613e-02,2.5751685491e-02,1.8272265880e-02,9.7497332820e-03
1698,16.9800,4.3198553914e-02,3.8148087021e-02,3.2872096652e-02,2.6988578590e-02,3.3985525318e-02,2.7064764950e-02,1.9679855886e-02,1.1263568674e-02
1699,16.9900,4.4307156435e-02,3.9314063573e-02,3.4097976110e-02,2.8281167695e-02,3.5193503747e-02,2.8360866652e-02,2.1068804174e-02,1.2756772127e-02
1700,17.0000,4.5358222336e-02,4.0419598900e-02,3.5260336372e-02,2.9506756509e-02,3.6339086633e-02,2.9589588840e-02,2.2384908241e-02,1.4170718237e-02
1701,17.0100,4.6387817709e-02,4.1502485236e-02,3.6398797051e-02,3.0707031146e-02,3.7461241487e-02,3.0792829067e-02,2.3673274838e-02,1.5554273875e-02
1702,17.0200,4.7386302690e-02,4.2552948861e-02,3.7503455151e-02,3.1871952485e-02,3.8550026475e-02,3.1960612258e-02,2.4923931396e-02,1.6897518235e-02
1703,17.0300,4.8337129840e-02,4.3553260084e-02,3.8555258011e-02,3.2980880667e-02,3.9586387251e-02,3.3072595956e-02,2.6115084916e-02,1.8176893775e-02
1704,17.0400,4.9270684783e-02,4.4535569745e-02,3.9588308234e-02,3.4070234168e-02,4.0604270337e-02,3.4164909099e-02,2.7285303137e-02,1.9433905003e-02
1705,17.0500,5.0108129270e-02,4.5417587178e-02,4.0516730837e-02,3.5050179809e-02,4.1518877450e-02,3.5147485024e-02,2.8338957735e-02,2.0566676873e-02
1706,17.0600,5.0908172514e-02,4.6260416300e-02,4.1404079511e-02,3.5986928871e-02,4.2393032645e-02,3.6086693000e-02,2.9346078462e-02,2.1649238993e-02
1707,17.0700,5.1717377063e-02,4.7112655230e-02,4.2301100826e-02,3.6933647387e-02,4.3276868224e-02,3.7035807031e-02,3.0363332006e-02,2.2742174934e-02
1708,17.0800,5.2514037976e-02,4.7951547477e-02,4.3183918671e-02,3.7865186574e-02,4.4146859119e-02,3.7969594711e-02,3.1363617692e-02,2.3816197350e-02
1709,17.0900,5.3240797359e-02,4.8717595108e-02,4.3990793035e-02,3.8717290413e-02,4.4941631500e-02,3.8823957351e-02,3.2280032032e-02,2.4801305497e-02
1710,17.1000,5.3947618784e-02,4.9462662651e-02,4.4775598020e-02,3.9546103446e-02,4.5714487428e-02,3.9655136437e-02,3.3172002086e-02,2.5760625432e-02
1711,17.1100,5.4599649651e-02,5.0150496094e-02,4.5500654255e-02,4.0312416995e-02,4.6428343677e-02,4.0423660184e-02,3.3997520570e-02,2.6649306478e-02
1712,17.1200,5.5169173060e-02,5.0752376803e-02,4.6136157934e-02,4.0985169826e-02,4.7053727554e-02,4.1098391194e-02,3.4723564036e-02,2.7432035746e-02
1713,17.1300,5.5741388162e-02,5.1357015772e-02,4.6774490999e-02,4.1660833461e-02,4.7681966143e-02,4.1775992491e-02,3.5452478394e-02,2.8217617441e-02
1714,17.1400,5.6320895345e-02,5.1969132007e-02,4.7420498501e-02,4.2344396273e-02,4.8317890993e-02,4.2461439134e-02,3.6189397288e-02,2.9011373455e-02
1715,17.1500,5.6878223737e-02,5.2558048428e-02,4.8042232977e-02,4.3002483031e-02,4.8929923179e-02,4.3121287589e-02,3.6898870041e-02,2.9775543860e-02
1716,17.1600,5.7407791923e-02,5.3117892159e-02,4.8633512122e-02,4.3628560807e-02,4.9511976018e-02,4.3748983795e-02,3.7573836910e-02,3.0502484170e-02
1717,17.1700,5.7901562579e-02,5.3640573319e-02,4.9186216281e-02,4.4214507271e-02,5.0055895341e-02,4.4336441583e-02,3.8206345769e-02,3.1184471070e-02
1718,17.1800,5.8390738175e-02,5.4158417723e-02,4.9733805997e-02,4.4794991978e-02,5.0594600733e-02,4.4918599417e-02,3.8833472016e-02,3.1860976521e-02
1719,17.1900,5.8855594565e-02,5.4650864956e-02,5.0254836104e-02,4.5347570102e-02,5.1106867056e-02,4.5472998940e-02,3.9431427673e-02,3.2506678144e-02
1720,17.2000,5.9305797696e-02,5.5127817923e-02,5.0759493021e-02,4.5882798568e-02,5.1603152325e-02,4.6009872392e-02,4.0010178070e-02,3.3131230108e-02
1721,17.2100,5.9747774478e-02,5.5596058209e-02,5.1254941218e-02,4.6408281981e-02,5.2090398588e-02,4.6536950651e-02,4.0578359727e-02,3.3744377246e-02
1722,17.2200,6.0169849639e-02,5.6043374258e-02,5.1728416410e-02,4.6910649396e-02,5.2555977237e-02,4.7040856580e-02,4.1121827518e-02,3.4331136633e-02
1723,17.2300,6.0560013103e-02,5.6457557837e-02,5.2167493637e-02,4.7377221162e-02,5.2987546574e-02,4.7508877224e-02,4.1627426331e-02,3.4877788861e-02
1724,17.2400,6.0906575929e-02,5.6826351492e-02,5.2559310002e-02,4.7794447274e-02,5.3372452389e-02,4.7927398477e-02,4.2080485404e-02,3.5368422155e-02
1725,17.2500,6.1258902001e-02,5.7201065209e-02,5.2957209946e-02,4.8217938530e-02,5.3763431878e-02,4.8352159275e-02,4.2539950516e-02,3.5865637820e-02
1726,17.2600,6.1619985737e-02,5.7584703106e-02,5.3364213847e-02,4.8650741852e-02,5.4163556622e-02,4.8786156248e-02,4.3008744961e-02,3.6372286366e-02
1727,17.2700,6.2275054662e-02,5.8283984979e-02,5.4110030484e-02,4.9448846420e-02,5.4894729671e-02,4.9587692797e-02,4.3885693580e-02,3.7335624226e-02
1728,17.2800,6.3020243977e-02,5.9081283628e-02,5.4962259363e-02,5.0362895839e-02,5.5729617087e-02,5.0505873855e-02,4.4893495446e-02,3.8446544819e-02
1729,17.2900,6.3717361890e-02,5.9828054276e-02,5.5761323882e-02,5.1220756261e-02,5.6512296253e-02,5.1367542310e-02,4.5839951233e-02,3.9490287863e-02
1730,17.3000,6.4366360240e-02,6.0524349419e-02,5.6507394782e-02,5.2022743967e-02,5.7242804458e-02,5.2173118588e-02,4.6725969201e-02,4.0468415204e-02
1731,17.3100,6.4993738524e-02,6.1197532548e-02,5.7228740662e-02,5.2798133223e-02,5.7948995411e-02,5.2952082718e-02,4.7582862941e-02,4.1414443647e-02
1732,17.3200,6.5619387365e-02,6.1868754345e-02,5.7947868294e-02,5.3571001515e-02,5.8653131146e-02,5.3728425688e-02,4.8436457274e-02,4.2356307321e-02
1733,17.3300,6.6203016486e-02,6.2495856352e-02,5.8620637396e-02,5.4294962794e-02,5.9311698633e-02,5.4455608528e-02,4.9236913652e-02,4.3240312800e-02
1734,17.3400,6.6772961142e-02,6.3108644006e-02,5.9278433515e-02,5.5003217643e-02,5.9955530593e-02,5.5167005416e-02,5.0020451555e-02,4.4106096933e-02
1735,17.3500,6.7305060717e-02,6.3681748322e-02,5.9894590632e-02,5.5667609628e-02,6.0558340199e-02,5.5834391302e-02,5.0756706012e-02,4.4920755174e-02
1736,17.3600,6.7782228663e-02,6.4197510367e-02,6.0450857091e-02,5.6269217886e-02,6.1101524748e-02,5.6439323991e-02,5.1427629929e-02,4.5666935664e-02
1737,17.3700,6.8231359327e-02,6.4684027762e-02,6.0976613932e-02,5.6838905600e-02,6.1614644558e-02,5.7012189543e-02,5.2064306425e-02,4.6376333499e-02
1738,17.3800,6.8660498299e-02,6.5149500629e-02,6.1480218648e-02,5.7385200467e-02,6.2106040645e-02,5.7561500137e-02,5.2675426190e-02,4.7057838554e-02
1739,17.3900,6.9051401772e-02,6.5574809880e-02,6.1941681843e-02,5.7887204366e-02,6.2555945516e-02,5.8066333954e-02,5.3238956815e-02,4.7688324979e-02
1740,17.4000,6.9430959017e-02,6.5988040853e-02,6.2390277988e-02,5.8375432815e-02,6.2993300902e-02,5.8557268220e-02,5.3787070748e-02,4.8301567242e-02
1741,17.4100,6.9816333530e-02,6.6407201054e-02,6.2844916358e-02,5.8869825433e-02,6.3436734985e-02,5.9054306624e-02,5.4341281473e-02,4.8920857007e-02
1742,17.4200,7.0186457195e-02,6.6810547667e-02,6.3283158380e-02,5.9347178495e-02,6.3863938902e-02,5.9534276240e-02,5.4877541545e-02,4.9521206502e-02
1743,17.4300,7.0503074451e-02,6.7157814972e-02,6.3662646860e-02,5.9762822252e-02,6.4233202467e-02,5.9952353310e-02,5.5347732130e-02,5.0050794427e-02
1744,17.4400,7.0756384484e-02,6.7439467867e-02,6.3974125951e-02,6.0107806635e-02,6.4535145459e-02,6.0299644129e-02,5.5743471456e-02,5.0501792561e-02
1745,17.4500,7.1008635679e-02,6.7719990320e-02,6.4284399866e-02,6.0451502212e-02,6.4835923644e-02,6.0645625163e-02,5.6137742010e-02,5.0951134091e-02
1746,17.4600,7.1257795070e-02,6.7997094804e-02,6.4590905760e-02,6.0791028575e-02,6.5133110561e-02,6.0987349062e-02,5.6527007684e-02,5.1394572236e-02
1747,17.4700,7.1505997968e-02,6.8272994262e-02,6.4895937173e-02,6.1128768158e-02,6.5428964757e-02,6.1327214649e-02,5.6913823545e-02,5.1834847854e-02
1748,17.4800,7.1759294832e-02,6.8554124695e-02,6.5206341127e-02,6.1472036083e-02,6.5730176670e-02,6.1672592232e-02,5.7306306284e-02,5.2280954951e-02
1749,17.4900,7.2014698685e-02,6.8837407274e-02,6.5518944506e-02,6.1817556529e-02,6.6033603632e-02,6.2020197191e-02,5.7701020607e-02,5.2729288242e-02
1750,17.5000,7.2214750999e-02,6.9063072358e-02,6.5771559569e-02,6.2100443464e-02,6.6277760081e-02,6.2305012968e-02,5.8029187625e-02,5.3106787283e-02
1751,17.5100,7.2398397456e-02,6.9271233634e-02,6.6005540847e-02,6.2363461258e-02,6.6503609878e-02,6.2569903039e-02,5.8335777174e-02,5.3460930629e-02
1752,17.5200,7.2587485939e-02,6.9485049412e-02,6.6245396161e-02,6.2632594312e-02,6.6735283672e-02,6.2840906613e-02,5.8648772506e-02,5.3821790719e-02
1753,17.5300,7.2781318379e-02,6.9703770538e-02,6.6490323198e-02,6.2906981476e-02,6.6972001169e-02,6.3117154014e-02,5.8967210362e-02,5.4188300518e-02
1754,17.5400,7.2937565644e-02,6.9883053656e-02,6.6693859458e-02,6.3137771817e-02,6.7167732035e-02,6.3349870360e-02,5.9239477529e-02,5.4505701988e-02
1755,17.5500,7.3080683934e-02,7.0048467577e-02,6.6882724907e-02,6.3352949585e-02,6.7348736496e-02,6.3567221024e-02,5.9495766791e-02,5.4806479643e-02
1756,17.5600,7.3190031766e-02,7.0178895821e-02,6.7035351712e-02,6.3530516048e-02,6.7493894469e-02,6.3746858361e-02,5.9712362370e-02,5.5065327232e-02
1757,17.5700,7.3307020779e-02,7.0317178220e-02,6.7196057775e-02,6.3716417965e-02,6.7647131447e-02,6.3934779655e-02,5.9937440678e-02,5.5332864842e-02
1758,17.5800,7.3412749521e-02,7.0443626870e-02,6.7344326910e-02,6.3889207439e-02,6.7788158335e-02,6.4109506695e-02,6.0148253193e-02,5.5584892268e-02
1759,17.5900,7.3520546925e-02,7.0572146273e-02,6.7494668962e-02,6.4064072912e-02,6.7931298523e-02,6.4286270965e-02,6.0361009112e-02,5.5838742104e-02
1760,17.6000,7.3631363275e-02,7.0703797073e-02,6.7648261075e-02,6.4242322881e-02,6.8077677135e-02,6.4466403266e-02,6.0577262204e-02,5.6096226903e-02
1761,17.6100,7.3747308279e-02,7.0840744191e-02,6.7807324556e-02,6.4426239849e-02,6.8229508636e-02,6.4652180618e-02,6.0799351605e-02,5.6359750966e-02
1762,17.6200,7.3834069996e-02,7.0947375166e-02,6.7934895804e-02,6.4577363953e-02,6.8350190588e-02,6.4805099330e-02,6.0986779646e-02,5.6586586750e-02
1763,17.6300,7.3872532623e-02,7.1003494715e-02,6.8009654705e-02,6.4673123266e-02,6.8418655528e-02,6.4902604578e-02,6.1115475164e-02,5.6751020223e-02
1764,17.6400,7.3918843465e-02,7.1067711402e-02,6.8092771442e-02,6.4777531881e-02,6.8495442262e-02,6.5008735180e-02,6.1253103957e-02,5.6924717912e-02
1765,17.6500,7.3973813909e-02,7.1140802087e-02,6.8184987517e-02,6.4891293384e-02,6.8581323626e-02,6.5124174088e-02,6.1400255742e-02,5.7108168801e-02
1766,17.6600,7.4035801270e-02,7.1221093463e-02,6.8284595069e-02,6.5012657963e-02,6.8674580841e-02,6.5247189464e-02,6.1555185148e-02,5.7299611941e-02
1767,17.6700,7.4089112209e-02,7.1292356650e-02,6.8374806472e-02,6.5124216281e-02,6.8758557824e-02,6.5360369397e-02,6.1699682311e-02,5.7479938193e-02
1768,17.6800,7.4137133370e-02,7.1358078222e-02,6.8459213105e-02,6.5229677016e-02,6.8836836378e-02,6.5467408760e-02,6.1837557125e-02,5.7653081619e-02
1769,17.6900,7.4146157274e-02,7.1383442089e-02,6.8501852693e-02,6.5291815080e-02,6.8873718035e-02,6.5531083462e-02,6.1930004580e-02,5.7778492354e-02
1770,17.7000,7.4156468282e-02,7.1410095122e-02,6.8545783334e-02,6.5355246329e-02,6.8911911781e-02,6.5596031264e-02,6.2023677564e-02,5.7905068000e-02
1771,17.7100,7.4176318727e-02,7.1446510683e-02,6.8599708908e-02,6.5428931190e-02,6.8960096110e-02,6.5671187527e-02,6.2127777935e-02,5.8042305666e-02
1772,17.7200,7.4190728929e-02,7.1477252055e-02,6.8647715772e-02,6.5496425102e-02,6.9002446831e-02,6.5740126191e-02,6.2225247760e-02,5.8172439129e-02
1773,17.7300,7.4194202527e-02,7.1496528878e-02,6.8683708782e-02,6.5551296898e-02,6.9032964740e-02,6.5796392806e-02,6.2309154944e-02,5.8288004009e-02
1774,17.7400,7.4194787912e-02,7.1512559728e-02,6.8716088102e-02,6.5602155456e-02,6.9060006231e-02,6.5848597134e-02,6.2388389059e-02,5.8398226043e-02
1775,17.7500,7.4188423089e-02,7.1521187284e-02,6.8740587690e-02,6.5644597564e-02,6.9079251591e-02,6.5892415948e-02,6.2458639481e-02,5.8498817261e-02
1776,17.7600,7.4114661628e-02,7.1459505022e-02,6.8691746536e-02,6.5610332609e-02,6.9025817748e-02,6.5859577254e-02,6.2448126776e-02,5.8514130377e-02
1777,17.7700,7.4044761848e-02,7.1401840649e-02,6.8647088735e-02,6.5580438740e-02,6.8976540995e-02,6.5831095694e-02,6.2442172515e-02,5.8534216508e-02
1778,17.7800,7.3951800509e-02,7.1320118319e-02,6.8577333339e-02,6.5524288776e-02,6.8902434304e-02,6.5776337639e-02,6.2408429420e-02,5.8524825240e-02
1779,17.7900,7.3853730056e-02,7.1232837079e-02,6.8501547378e-02,6.5461576865e-02,6.8822374350e-02,6.5715055702e-02,6.2367594406e-02,5.8507737390e-02
1780,17.8000,7.3762056455e-02,7.1152141375e-02,6.8432545216e-02,6.5405872025e-02,6.8749076803e-02,6.5660756259e-02,6.2333963665e-02,5.8498092142e-02
1781,17.8100,7.3667179352e-02,7.1067955397e-02,6.8359758684e-02,6.5346063907e-02,6.8672094938e-02,6.5602322402e-02,6.2295729038e-02,5.8483327726e-02
1782,17.8200,7.3565875445e-02,7.0976775639e-02,6.8279394840e-02,6.5278041614e-02,6.8587727986e-02,6.5535621550e-02,6.2248313621e-02,5.8458383245e-02
1783,17.8300,7.3465359213e-02,7.0886420749e-02,6.8199895553e-02,6.5210929217e-02,6.8504234191e-02,6.5469812105e-02,6.2201796265e-02,5.8434327865e-02
1784,17.8400,7.3354206645e-02,7.0785036927e-02,6.8108959838e-02,6.5131929950e-02,6.8409429251e-02,6.5392085672e-02,6.2142715378e-02,5.8396972251e-02
1785,17.8500,7.3248217571e-02,7.0688987587e-02,6.8023535656e-02,6.5058637464e-02,6.8320101497e-02,6.5320059599e-02,6.2089562531e-02,5.8365790788e-02
1786,17.8600,7.3148593215e-02,7.0599506126e-02,6.7944890691e-02,6.4992358971e-02,6.8237519453e-02,6.5255032181e-02,6.2043664533e-02,5.8342140023e-02
1787,17.8700,7.3051245346e-02,7.0512384118e-02,6.7868690948e-02,6.4928619927e-02,6.8157361770e-02,6.5192545101e-02,6.2000426053e-02,5.8321278202e-02
1788,17.8800,7.2959803094e-02,7.0431337055e-02,6.7798741125e-02,6.4871323784e-02,6.8083430392e-02,6.5136485034e-02,6.1963816710e-02,5.8307262088e-02
1789,17.8900,7.2867253348e-02,7.0349125529e-02,6.7727568433e-02,6.4812741296e-02,6.8008314936e-02,6.5079114231e-02,6.1925754823e-02,5.8291624064e-02
1790,17.9000,7.2762566487e-02,7.0254309816e-02,6.7643306845e-02,6.4740533898e-02,6.7920253737e-02,6.5008089911e-02,6.1873293359e-02,5.8260747705e-02
1791,17.9100,7.2648827005e-02,7.0149782075e-02,6.7548645752e-02,6.4657162585e-02,6.7821974820e-02,6.4925886211e-02,6.1808663520e-02,5.8216625208e-02
1792,17.9200,7.2534849997e-02,7.0044856323e-02,6.7453420640e-02,6.4573044502e-02,6.7723184424e-02,6.4842923438e-02,6.1743018450e-02,5.8171206794e-02
1793,17.9300,7.2424130618e-02,6.9943295139e-02,6.7361672135e-02,6.4492528329e-02,6.7627850730e-02,6.4763556361e-02,6.1681111587e-02,5.8129681398e-02
1794,17.9400,7.2318647140e-02,6.9847128889e-02,6.7275482865e-02,6.4417752239e-02,6.7538046017e-02,6.4689922111e-02,6.1625145356e-02,5.8094321329e-02
1795,17.9500,7.2218158490e-02,6.9756101528e-02,6.7194581942e-02,6.4348430059e-02,6.7453513909e-02,6.4621723786e-02,6.1574777752e-02,5.8064731730e-02
1796,17.9600,7.2101282849e-02,6.9648106978e-02,6.7096111735e-02,6.4260872905e-02,6.7351578615e-02,6.4535264570e-02,6.1505242957e-02,5.8014953232e-02
1797,17.9700,7.1988212835e-02,6.9544029848e-02,6.7001673836e-02,6.4177473848e-02,6.7253655041e-02,6.4452957936e-02,6.1440003387e-02,5.7969623344e-02
1798,17.9800,7.1860128231e-02,6.9424118747e-02,6.6890531016e-02,6.4076370961e-02,6.7139095274e-02,6.4353090905e-02,6.1356293233e-02,5.7904857371e-02
1799,17.9900,7.1733868268e-02,6.9306063748e-02,6.6781279237e-02,6.3977201191e-02,6.7026421655e-02,6.4255152448e-02,6.1274554796e-02,5.7842110378e-02
1800,18.0000,7.1613232048e-02,6.9193799101e-02,6.6677993283e-02,6.3884195722e-02,6.6919700079e-02,6.4163351345e-02,6.1199139000e-02,5.7785884549e-02
1801,18.0100,7.1497169530e-02,6.9086253526e-02,6.6579578598e-02,6.3796232189e-02,6.6817829125e-02,6.4076577243e-02,6.1128928163e-02,5.7735055240e-02
1802,18.0200,7.1374640604e-02,6.8971986208e-02,6.6474176682e-02,6.3700987539e-02,6.6709054954e-02,6.3982500538e-02,6.1050989025e-02,5.7676013859e-02
1803,18.0300,7.1247456198e-02,6.8852870520e-02,6.6363726951e-02,6.3600476193e-02,6.6595307123e-02,6.3883129722e-02,6.0967410910e-02,5.7610938669e-02
1804,18.0400,7.1120350456e-02,6.8733748447e-02,6.6253179796e-02,6.3499762604e-02,6.6481483777e-02,6.3783558325e-02,6.0883504421e-02,5.7545395866e-02
1805,18.0500,7.0981672705e-02,6.8602267099e-02,6.6129448253e-02,6.3384938946e-02,6.6354653555e-02,6.3669899611e-02,6.0784409465e-02,5.7463470295e-02
1806,18.0600,7.0845935780e-02,6.8473850153e-02,6.6008911696e-02,6.3273458303e-02,6.6230991552e-02,6.3559578424e-02,6.0688824281e-02,5.7385241140e-02
1807,18.0700,7.0712736770e-02,6.8348069549e-02,6.5891114939e-02,6.3164833934e-02,6.6110050208e-02,6.3452107707e-02,6.0596221382e-02,5.7310136800e-02
1808,18.0800,7.0584124651e-02,6.8227047077e-02,6.5778255652e-02,6.3061348149e-02,6.5994013440e-02,6.3349765413e-02,6.0508973434e-02,5.7240631654e-02
1809,18.0900,7.0437904169e-02,6.8087527927e-02,6.5645977581e-02,6.2937426065e-02,6.5858845817e-02,6.3226917038e-02,6.0399769649e-02,5.7147548801e-02
1810,18.1000,7.0278325680e-02,6.7933845772e-02,6.5498702514e-02,6.2797589713e-02,6.5708942738e-02,6.3088088875e-02,6.0273275127e-02,5.7035712380e-02
1811,18.1100,7.0122675471e-02,6.7784251179e-02,6.5355681309e-02,6.2662191994e-02,6.5563250953e-02,6.2953702623e-02,6.0151462486e-02,5.6928822111e-02
1812,18.1200,6.9973621954e-02,6.7641454787e-02,6.5219667253e-02,6.2534032344e-02,6.5424527764e-02,6.2826545239e-02,6.0037145716e-02,5.6829718437e-02
1813,18.1300,6.9816788300e-02,6.7490284003e-02,6.5074660323e-02,6.2396195729e-02,6.5277006371e-02,6.2689663863e-02,5.9912132285e-02,5.6718836706e-02
1814,18.1400,6.9655844816e-02,6.7334643656e-02,6.4924811172e-02,6.2253107032e-02,6.5124762245e-02,6.2547499097e-02,5.9781246072e-02,5.6601426363e-02
1815,18.1500,6.9500243078e-02,6.7184567163e-02,6.4780757376e-02,6.2116070441e-02,6.4978251940e-02,6.2411393155e-02,5.9656756901e-02,5.6490785750e-02
1816,18.1600,6.9347836103e-02,6.7037803093e-02,6.4640137648e-02,6.1982601600e-02,6.4835142735e-02,6.2278859498e-02,5.9536017855e-02,5.6384090885e-02
1817,18.1700,6.9200781732e-02,6.6896555507e-02,6.4505204987e-02,6.1855008898e-02,6.4697689573e-02,6.2152194383e-02,5.9421367522e-02,5.6283726653e-02
1818,18.1800,6.9057729353e-02,6.6759441035e-02,6.4374542000e-02,6.1731837639e-02,6.4564482361e-02,6.2029942925e-02,5.9311302394e-02,5.6188134200e-02
1819,18.1900,6.8918302345e-02,6.6626070910e-02,6.4247745997e-02,6.1612667778e-02,6.4435112808e-02,6.1911694002e-02,5.9205410239e-02,5.6096901517e-02
1820,18.2000,6.8786012167e-02,6.6500046001e-02,6.4128509563e-02,6.1501292265e-02,6.4313262729e-02,6.1801231072e-02,5.9107576344e-02,5.6014022583e-02
1821,18.2100,6.8638786074e-02,6.6358033557e-02,6.3992186871e-02,6.1371607181e-02,6.4174637696e-02,6.1672411188e-02,5.8989733545e-02,5.5909305273e-02
1822,18.2200,6.8474148177e-02,6.6197627502e-02,6.3836436939e-02,6.1221324921e-02,6.4016735148e-02,6.1523095407e-02,5.8850176455e-02,5.5781569230e-02
1823,18.2300,6.8313845533e-02,6.6041762266e-02,6.3685445611e-02,6.1076048643e-02,6.3863536029e-02,6.1378786205e-02,5.8715938697e-02,5.5659496078e-02
1824,18.2400,6.8157362032e-02,6.5889873071e-02,6.3538595191e-02,6.0935098749e-02,6.3714439746e-02,6.1238801157e-02,5.8586252122e-02,5.5542222020e-02
1825,18.2500,6.8005760380e-02,6.5743034921e-02,6.3396972665e-02,6.0799574491e-02,6.3570537970e-02,6.1104233215e-02,5.8462209746e-02,5.5430838953e-02
1826,18.2600,6.7860244591e-02,6.5602495997e-02,6.3261871603e-02,6.0670818448e-02,6.3433109691e-02,6.0976429706e-02,5.8345232670e-02,5.5326851634e-02
1827,18.2700,6.7719114784e-02,6.5466476466e-02,6.3131428876e-02,6.0546875651e-02,6.3300320798e-02,6.0853426205e-02,5.8233217364e-02,5.5227999939e-02
1828,18.2800,6.7581344803e-02,6.5333927414e-02,6.3004571159e-02,6.0426644184e-02,6.3171091771e-02,6.0734132613e-02,5.8125066306e-02,5.5133181106e-02
1829,18.2900,6.7448514964e-02,6.5206494754e-02,6.2883013116e-02,6.0311915906e-02,6.3047123927e-02,6.0620337463e-02,5.8022656283e-02,5.5044367270e-02
1830,18.3000,6.7317906641e-02,6.5081365901e-02,6.2763844015e-02,6.0199670351e-02,6.2925524074e-02,6.0509026039e-02,5.7922849325e-02,5.4958287163e-02
1831,18.3100,6.7190708285e-02,6.4959761226e-02,6.2648317336e-02,6.0091197880e-02,6.2807542612e-02,6.0401484113e-02,5.7826965887e-02,5.4876297636e-02
1832,18.3200,6.7053040994e-02,6.4826983941e-02,6.2520879391e-02,5.9969983918e-02,6.2677835617e-02,6.0281194607e-02,5.7717275606e-02,5.4779333777e-02
1833,18.3300,6.6916079111e-02,6.4694764350e-02,6.2393843300e-02,5.9848997207e-02,6.2548573786e-02,6.0161127654e-02,5.7607578026e-02,5.4682110137e-02
1834,18.3400,6.6783227512e-02,6.4566810134e-02,6.2271235537e-02,5.9732621933e-02,6.2423704867e-02,6.0045668459e-02,5.7502709867e-02,5.4589959184e-02
1835,18.3500,6.6653489313e-02,6.4442071983e-02,6.2151951102e-02,5.9619689817e-02,6.2302139923e-02,5.9933646617e-02,5.7401415477e-02,5.4501530544e-02
1836,18.3600,6.6527070121e-02,6.4320760499e-02,6.2036204734e-02,5.9510418773e-02,6.2184090088e-02,5.9825282881e-02,5.7303925356e-02,5.4417065071e-02
1837,18.3700,6.6404983139e-02,6.4203945946e-02,6.1925126973e-02,5.9406007234e-02,6.2070668921e-02,5.9721777921e-02,5.7211531418e-02,5.4337956165e-02
1838,18.3800,6.6286469142e-02,6.4090828445e-02,6.1817874758e-02,5.9305563225e-02,6.1961046167e-02,5.9622237575e-02,5.7123271940e-02,5.4263166398e-02
1839,18.3900,6.6170730924e-02,6.3980576984e-02,6.1713581810e-02,5.9208181172e-02,6.1854362078e-02,5.9525758054e-02,5.7038198393e-02,5.4191698793e-02
1840,18.4000,6.6058183888e-02,6.3873614797e-02,6.1612679209e-02,5.9114300458e-02,6.1751047601e-02,5.9432777401e-02,5.6956755976e-02,5.4124006230e-02
1841,18.4100,6.5947885687e-02,6.3768983798e-02,6.1514193263e-02,5.9022931014e-02,6.1650130888e-02,5.9342306818e-02,5.6877938796e-02,5.4059064534e-02
1842,18.4200,6.5845129705e-02,6.3672107286e-02,6.1423681016e-02,5.8939776724e-02,6.1557153511e-02,5.9260036345e-02,5.6807587290e-02,5.4002876340e-02
1843,18.4300,6.5745574551e-02,6.3578519693e-02,6.1336548315e-02,5.8860101336e-02,6.1467541633e-02,5.9181238581e-02,5.6740817494e-02,5.3950387781e-02
1844,18.4400,6.5642281775e-02,6.3480914226e-02,6.1245104393e-02,5.8775788441e-02,6.1373714482e-02,5.9097776868e-02,5.6668904043e-02,5.3892211871e-02
1845,18.4500,6.5538115782e-02,6.3382264710e-02,6.1152437197e-02,5.8690052703e-02,6.1278729084e-02,5.9012869947e-02,5.6595235616e-02,5.3831926780e-02
1846,18.4600,6.5423808010e-02,6.3272744409e-02,6.1048136475e-02,5.8591834615e-02,6.1172350872e-02,5.8915421246e-02,5.6507802978e-02,5.3756497620e-02
1847,18.4700,6.5292855571e-02,6.3145465913e-02,6.0924908156e-02,5.8473374901e-02,6.1047320641e-02,5.8797738838e-02,5.6398502793e-02,5.3657402718e-02
1848,18.4800,6.5162921602e-02,6.3019159290e-02,6.0802603289e-02,5.8355783755e-02,6.0923205827e-02,5.8680944801e-02,5.6290073670e-02,5.3559170143e-02
1849,18.4900,6.5037357064e-02,6.2897413007e-02,6.0685059899e-02,5.8243180613e-02,6.0803799588e-02,5.8569142663e-02,5.6186932203e-02,5.3466553674e-02
1850,18.5000,6.4916112439e-02,6.2780135397e-02,6.0572140645e-02,5.8135375181e-02,6.0688985331e-02,5.8462133814e-02,5.6088791846e-02,5.3379166723e-02
1851,18.5100,6.4796855417e-02,6.2664882283e-02,6.0461284555e-02,5.8029676216e-02,6.0576229307e-02,5.8357227543e-02,5.5992799345e-02,5.3293976818e-02
1852,18.5200,6.4663112658e-02,6.2534128935e-02,6.0333866276e-02,5.7906231254e-02,6.0447229285e-02,5.8234510022e-02,5.5877335466e-02,5.3187448104e-02
1853,18.5300,6.4532800671e-02,6.2406970871e-02,6.0210216666e-02,5.7786749585e-02,6.0321942247e-02,5.8115769620e-02,5.5766130540e-02,5.3085497270e-02
1854,18.5400,6.4408291954e-02,6.2285835330e-02,6.0092818660e-02,5.7673774851e-02,6.0202851230e-02,5.8003537606e-02,5.5661759495e-02,5.2990740998e-02
1855,18.5500,6.4288470184e-02,6.2169558752e-02,5.9980459129e-02,5.7566038355e-02,6.0088755854e-02,5.7896544521e-02,5.5562881034e-02,5.2901758507e-02
1856,18.5600,6.4171480891e-02,6.2056230406e-02,5.9871168675e-02,5.7461505393e-02,5.9977696617e-02,5.7792759140e-02,5.5467389779e-02,5.2816362829e-02
1857,18.5700,6.4057855080e-02,6.1946399330e-02,5.9765515240e-02,5.7360765122e-02,5.9870238154e-02,5.7692769461e-02,5.5375897635e-02,5.2735191956e-02
1858,18.5800,6.3946017119e-02,6.1838415263e-02,5.9661770099e-02,5.7262000746e-02,5.9764673439e-02,5.7594756080e-02,5.5286467742e-02,5.2656178471e-02
1859,18.5900,6.3839239998e-02,6.1735671305e-02,5.9563451366e-02,5.7168869107e-02,5.9664490612e-02,5.7502376469e-02,5.5202933495e-02,5.2583350162e-02
1860,18.6000,6.3737192332e-02,6.1637810373e-02,5.9470174543e-02,5.7080954663e-02,5.9569317257e-02,5.7415209797e-02,5.5124820924e-02,5.2516171434e-02
1861,18.6100,6.3621788103e-02,6.1525644367e-02,5.9361595540e-02,5.6976618730e-02,5.9459119119e-02,5.7311585448e-02,5.5028745293e-02,5.2429347442e-02
1862,18.6200,6.3508365814e-02,6.1415474750e-02,5.9255028630e-02,5.6874313153e-02,5.9350929335e-02,5.7209991503e-02,5.4934724499e-02,5.2344606849e-02
1863,18.6300,6.3397754182e-02,6.1308236748e-02,5.9151520569e-02,5.6775209407e-02,5.9245764382e-02,5.7111602597e-02,5.4844097412e-02,5.2263470081e-02
1864,18.6400,6.3289889590e-02,6.1203872101e-02,5.9051018614e-02,5.6679260579e-02,5.9143566693e-02,5.7016375335e-02,5.4756836796e-02,5.2185929181e-02
1865,18.6500,6.3186102718e-02,6.1103723422e-02,5.8954875845e-02,5.6587829084e-02,5.9045695856e-02,5.6925664488e-02,5.4674288492e-02,5.2113315971e-02
1866,18.6600,6.3084901278e-02,6.1006270432e-02,5.8861544373e-02,5.6499338284e-02,5.8950605867e-02,5.6837896976e-02,5.4594853182e-02,5.2044004207e-02
1867,18.6700,6.2986588990e-02,6.0911802215e-02,5.8771296525e-02,5.6414039999e-02,5.8858576990e-02,5.6753321589e-02,5.4518745240e-02,5.1978168340e-02
1868,18.6800,6.2892007738e-02,6.0821195649e-02,5.8685046152e-02,5.6332889809e-02,5.8770513476e-02,5.6672894624e-02,5.4446975898e-02,5.1916881261e-02
1869,18.6900,6.2800230285e-02,6.0733481617e-02,5.8601779501e-02,5.6254823092e-02,5.8685412448e-02,5.6595551424e-02,5.4378415270e-02,5.1858939815e-02
1870,18.7000,6.2713229485e-02,6.0650704325e-02,5.8523615323e-02,5.6182041772e-02,5.8605377313e-02,5.6523491731e-02,5.4315362424e-02,5.1806752114e-02
1871,18.7100,6.2629455618e-02,6.0571267143e-02,5.8448908808e-02,5.6112848300e-02,5.8528773221e-02,5.6455019091e-02,5.4256058099e-02,5.1758490766e-02
1872,18.7200,6.2547116246e-02,6.0493312370e-02,5.8375733983e-02,5.6045240467e-02,5.8453688475e-02,5.6388133039e-02,5.4198409911e-02,5.1711962070e-02
1873,18.7300,6.2465801735e-02,6.0416391507e-02,5.8303601595e-02,5.5978683249e-02,5.8379645001e-02,5.6322297426e-02,5.4141821542e-02,5.1666503271e-02
1874,18.7400,6.2368173233e-02,6.0322104059e-02,5.8212995353e-02,5.5892405635e-02,5.8287393971e-02,5.6236743907e-02,5.4063948924e-02,5.1598029657e-02
1875,18.7500,6.2275178362e-02,6.0232634897e-02,5.8127401715e-02,5.5811359512e-02,5.8200108325e-02,5.6156421945e-02,5.3991584532e-02,5.1535370610e-02
1876,18.7600,6.2186475128e-02,6.0147610385e-02,5.8046412105e-02,5.5735094730e-02,5.8117388790e-02,5.6080881434e-02,5.3924224441e-02,5.1477961389e-02
1877,18.7700,6.2101615423e-02,6.0066572288e-02,5.7969558199e-02,5.5663132338e-02,5.8038769303e-02,5.6009643302e-02,5.3861376245e-02,5.1425295072e-02
1878,18.7800,6.2018396973e-02,5.9987233190e-02,5.7894463417e-02,5.5592995906e-02,5.7961895179e-02,5.5940230740e-02,5.3800436653e-02,5.1374628875e-02
1879,18.7900,6.1940033751e-02,5.9912913136e-02,5.7824557549e-02,5.5528236309e-02,5.7890171600e-02,5.5876193708e-02,5.3745104819e-02,5.1329825585e-02
1880,18.8000,6.1850267415e-02,5.9826366200e-02,5.7741557380e-02,5.5449410821e-02,5.7805634428e-02,5.5798015681e-02,5.3674201295e-02,5.1267811072e-02
1881,18.8100,6.1757940880e-02,5.9737009280e-02,5.7655486813e-02,5.5367225362e-02,5.7718111770e-02,5.5716454872e-02,5.3599489669e-02,5.1201503576e-02
1882,18.8200,6.1668572724e-02,5.9650728981e-02,5.7572617185e-02,5.5288380033e-02,5.7633753325e-02,5.5638241739e-02,5.3528322992e-02,5.1138966638e-02
1883,18.8300,6.1582504241e-02,5.9567828986e-02,5.7493211119e-02,5.5213089968e-02,5.7552842817e-02,5.5563580315e-02,5.3460813524e-02,5.1080200973e-02
1884,18.8400,6.1484170749e-02,5.9471667819e-02,5.7399494131e-02,5.5122310241e-02,5.7457957275e-02,5.5473344724e-02,5.3376011645e-02,5.1002178604e-02
1885,18.8500,6.1389128899e-02,5.9378960863e-02,5.7309404160e-02,5.5035353271e-02,5.7366641356e-02,5.5386947738e-02,5.3295340982e-02,5.0928625817e-02
1886,18.8600,6.1296203253e-02,5.9288468997e-02,5.7221633759e-02,5.4950833669e-02,5.7277613848e-02,5.5302994018e-02,5.3217278587e-02,5.0857868420e-02
1887,18.8700,6.1206364687e-02,5.9201207655e-02,5.7137245156e-02,5.4869865807e-02,5.7191919811e-02,5.5222604183e-02,5.3143027888e-02,5.0791206178e-02
1888,18.8800,6.1118176412e-02,5.9115665036e-02,5.7054646859e-02,5.4790768051e-02,5.7107995898e-02,5.5144087646e-02,5.3070759431e-02,5.0726648599e-02
1889,18.8900,6.1034667688e-02,5.9034989022e-02,5.6977110487e-02,5.4716949607e-02,5.7029080695e-02,5.5070857398e-02,5.3004069171e-02,5.0667995964e-02
1890,18.9000,6.0955161035e-02,5.8958450346e-02,5.6903851626e-02,5.4647563441e-02,5.6954409264e-02,5.5002060699e-02,5.2942010249e-02,5.0614194140e-02
1891,18.9100,6.0861544409e-02,5.8866790220e-02,5.6814405801e-02,5.4560792498e-02,5.6863868612e-02,5.4915818088e-02,5.2860827203e-02,5.0539366425e-02
1892,18.9200,6.0767620981e-02,5.8774775796e-02,5.6724557942e-02,5.4473568611e-02,5.6772934229e-02,5.4829124859e-02,5.2779137747e-02,5.0463974316e-02
1893,18.9300,6.0678324711e-02,5.8687587213e-02,5.6639744146e-02,5.4391613155e-02,5.6686973627e-02,5.4747710021e-02,5.2703049686e-02,5.0394548786e-02
1894,18.9400,6.0592769534e-02,5.8604279983e-02,5.6558958650e-02,5.4313848496e-02,5.6605001840e-02,5.4670491286e-02,5.2631376017e-02,5.0329781753e-02
1895,18.9500,6.0509534108e-02,5.8523387042e-02,5.6480686273e-02,5.4238707016e-02,5.6525515232e-02,5.4595900272e-02,5.2562480658e-02,5.0267962349e-02
1896,18.9600,6.0429060393e-02,5.8445383261e-02,5.6405438937e-02,5.4166743123e-02,5.6449014706e-02,5.4524493771e-02,5.2496981593e-02,5.0209778538e-02
1897,18.9700,6.0351278219e-02,5.8370157241e-02,5.6333056061e-02,5.4097737143e-02,5.6375357079e-02,5.4456047115e-02,5.2434562009e-02,5.0154805363e-02
1898,18.9800,6.0277200330e-02,5.8298761873e-02,5.6264634985e-02,5.4032842608e-02,5.6305630273e-02,5.4391709551e-02,5.2376437367e-02,5.0104335483e-02
1899,18.9900,6.0205827970e-02,5.8230179361e-02,5.6199139519e-02,5.3970996890e-02,5.6238798230e-02,5.4330426765e-02,5.2321536986e-02,5.0057279461e-02
1900,19.0000,6.0137404611e-02,5.8164650717e-02,5.6136807016e-02,5.3912434977e-02,5.6175102195e-02,5.4272429300e-02,5.2270077862e-02,5.0013837996e-02
1901,19.0100,6.0069574317e-02,5.8099668352e-02,5.6074969564e-02,5.3854307937e-02,5.6111919507e-02,5.4214861835e-02,5.2218958127e-02,4.9970631038e-02
1902,19.0200,5.9987202735e-02,5.8019144967e-02,5.5996538746e-02,5.3778401970e-02,5.6032427733e-02,5.4139486187e-02,5.2148452899e-02,4.9906270174e-02
1903,19.0300,5.9908625050e-02,5.7942602741e-02,5.5922287082e-02,5.3706900463e-02,5.5957054251e-02,5.4068526792e-02,5.2082681288e-02,4.9847003403e-02
1904,19.0400,5.9831193619e-02,5.7867262328e-02,5.5849296358e-02,5.3636727249e-02,5.5882924340e-02,5.3998898439e-02,5.2018333700e-02,4.9789265936e-02
1905,19.0500,5.9757263933e-02,5.7795549290e-02,5.5780064148e-02,5.3570458725e-02,5.5812521028e-02,5.3933175668e-02,5.1958078315e-02,4.9735827923e-02
1906,19.0600,5.9688354038e-02,5.7729037112e-02,5.5716221196e-02,5.3509788498e-02,5.5747459884e-02,5.3873054056e-02,5.1903694450e-02,4.9688561957e-02
1907,19.0700,5.9622282179e-02,5.7665477455e-02,5.5655450317e-02,5.3452323458e-02,5.5685437369e-02,5.3816142637e-02,5.1852701254e-02,4.9644888794e-02
1908,19.0800,5.9558617213e-02,5.7604403873e-02,5.5597247649e-02,5.3397517528e-02,5.5625965009e-02,5.3761889301e-02,5.1804477764e-02,4.9604108280e-02
1909,19.0900,5.9496736101e-02,5.7545185935e-02,5.5540975720e-02,5.3344726160e-02,5.5568403589e-02,5.3709652419e-02,5.1758381213e-02,4.9565577897e-02
1910,19.1000,5.9437354704e-02,5.7488558204e-02,5.5487387872e-02,5.3294722668e-02,5.5513502451e-02,5.3660205206e-02,5.1715209044e-02,4.9530121227e-02
1911,19.1100,5.9380175350e-02,5.7434225770e-02,5.5436192995e-02,5.3247221293e-02,5.5460967334e-02,5.3613263665e-02,5.1674689266e-02,4.9497481074e-02
1912,19.1200,5.9324856255e-02,5.7381814966e-02,5.5386982995e-02,5.3201774200e-02,5.5410401450e-02,5.3568377435e-02,5.1636314108e-02,4.9467084190e-02
1913,19.1300,5.9272384130e-02,5.7332344131e-02,5.5340809768e-02,5.3159470699e-02,5.5362850595e-02,5.3526634647e-02,5.1601215739e-02,4.9440110917e-02
1914,19.1400,5.9223167775e-02,5.7286239338e-02,5.5298116157e-02,5.3120772097e-02,5.5318751674e-02,5.3488497489e-02,5.1569882080e-02,4.9417078262e-02
1915,19.1500,5.9170133275e-02,5.7235911945e-02,5.5250769815e-02,5.3076933237e-02,5.5270150778e-02,5.3445172762e-02,5.1532609399e-02,4.9387228714e-02
1916,19.1600,5.9116977126e-02,5.7185395712e-02,5.5203163743e-02,5.3032754975e-02,5.5221314606e-02,5.3401501157e-02,5.1494868737e-02,4.9356771143e-02
1917,19.1700,5.9047488862e-02,5.7117370380e-02,5.5136805862e-02,5.2968426017e-02,5.5154122008e-02,5.3337579585e-02,5.1434829226e-02,4.9301650835e-02
1918,19.1800,5.8980013478e-02,5.7051480337e-02,5.5072715230e-02,5.2906516018e-02,5.5089147765e-02,5.3276093811e-02,5.1377467925e-02,4.9249496640e-02
1919,19.1900,5.8914353692e-02,5.6987489035e-02,5.5010611506e-02,5.2846692622e-02,5.5026131633e-02,5.3216702409e-02,5.1322349630e-02,4.9199758331e-02
1920,19.2000,5.8852046467e-02,5.6927003192e-02,5.4952174684e-02,5.2790717903e-02,5.4966732075e-02,5.3161171423e-02,5.1271354528e-02,4.9154445086e-02
1921,19.2100,5.8794043495e-02,5.6870967424e-02,5.4898339230e-02,5.2739511838e-02,5.4911896477e-02,5.3110411438e-02,5.1225347311e-02,4.9114361877e-02
1922,19.2200,5.8726724678e-02,5.6804827795e-02,5.4833565187e-02,5.2676423583e-02,5.4846388348e-02,5.3047704283e-02,5.1166015551e-02,4.9059367193e-02
1923,19.2300,5.8656879204e-02,5.6735947466e-02,5.4765826597e-02,5.2610121215e-02,5.4777979953e-02,5.2981771875e-02,5.1103114492e-02,4.9000415094e-02
1924,19.2400,5.8589702357e-02,5.6669875872e-02,5.4701046108e-02,5.2546946883e-02,5.4712480184e-02,5.2918980744e-02,5.1043608034e-02,4.8945151621e-02
1925,19.2500,5.8524053284e-02,5.6605409655e-02,5.4637953553e-02,5.2485554201e-02,5.4648641012e-02,5.2857978612e-02,5.0986030166e-02,4.8891978487e-02
1926,19.2600,5.8460646002e-02,5.6543284993e-02,5.4577307715e-02,5.2426726440e-02,5.4587215825e-02,5.2799549027e-02,5.0931195430e-02,4.8841744101e-02
1927,19.2700,5.8401117844e-02,5.6485193568e-02,5.4520856412e-02,5.2372273207e-02,5.4529939600e-02,5.2745501420e-02,5.0880990038e-02,4.8796418966e-02
1928,19.2800,5.8345065425e-02,5.6430703739e-02,5.4468137501e-02,5.2321697247e-02,5.4476362084e-02,5.2695334170e-02,5.0834855274e-02,4.8755376807e-02
1929,19.2900,5.8291618544e-02,5.6378927505e-02,5.4418245771e-02,5.2274075797e-02,5.4425578671e-02,5.2648127545e-02,5.0791859077e-02,4.8717675916e-02
1930,19.3000,5.8239030432e-02,5.6328042390e-02,5.4369278954e-02,5.2227416889e-02,5.4375710968e-02,5.2601884758e-02,5.0749877793e-02,4.8681047726e-02
1931,19.3100,5.8170881837e-02,5.6260485970e-02,5.4302467921e-02,5.2161590966e-02,5.4308341085e-02,5.2536415617e-02,5.0686830997e-02,4.8621262691e-02
1932,19.3200,5.8105085692e-02,5.6195390219e-02,5.4238233593e-02,5.2098474780e-02,5.4243509329e-02,5.2473666219e-02,5.0626701904e-02,4.8564625365e-02
1933,19.3300,5.8042533836e-02,5.6133674650e-02,5.4177522388e-02,5.2039042222e-02,5.4182159853e-02,5.2414607100e-02,5.0570484273e-02,4.8512150218e-02
1934,19.3400,5.7983646945e-02,5.6075779200e-02,5.4120794646e-02,5.1983776672e-02,5.4124746237e-02,5.2359723493e-02,5.0518697667e-02,4.8464396472e-02
1935,19.3500,5.7927124566e-02,5.6020343306e-02,5.4066626043e-02,5.1931181545e-02,5.4069863491e-02,5.2307514947e-02,5.0469739145e-02,4.8419643892e-02
1936,19.3600,5.7872157005e-02,5.5966525811e-02,5.4014142592e-02,5.1880346363e-02,5.4016646745e-02,5.2257069556e-02,5.0422646939e-02,4.8376874375e-02
1937,19.3700,5.7821287533e-02,5.5916962433e-02,5.3966076141e-02,5.1834109492e-02,5.3967803250e-02,5.2211227859e-02,5.0380401438e-02,4.8339224654e-02
1938,19.3800,5.7772618421e-02,5.5869685481e-02,5.3920386055e-02,5.1790349230e-02,5.3921312018e-02,5.2167865581e-02,5.0340769194e-02,4.8304338292e-02
1939,19.3900,5.7725178834e-02,5.5823690048e-02,5.3876031937e-02,5.1747985711e-02,5.3876140654e-02,5.2125903203e-02,5.0302621906e-02,4.8271033213e-02
1940,19.4000,5.7680523502e-02,5.5780590238e-02,5.3834690003e-02,5.1708764505e-02,5.3833949313e-02,5.2087087643e-02,5.0267797659e-02,4.8241249579e-02
1941,19.4100,5.7637257950e-02,5.5738929903e-02,5.3794839149e-02,5.1671091477e-02,5.3793235583e-02,5.2049821686e-02,5.0234598546e-02,4.8213175517e-02
1942,19.4200,5.7595938371e-02,5.5699283269e-02,5.3757072263e-02,5.1635580125e-02,5.3754588219e-02,5.2014718611e-02,5.0203663064e-02,4.8187477121e-02
1943,19.4300,5.7558478322e-02,5.5663637627e-02,5.3723453382e-02,5.1604379619e-02,5.3720050377e-02,5.1983930403e-02,5.0177257601e-02,4.8166548913e-02
1944,19.4400,5.7523474501e-02,5.5630535751e-02,5.3692469036e-02,5.1575913933e-02,5.3688123500e-02,5.1955879393e-02,5.0153721370e-02,4.8148637058e-02
1945,19.4500,5.7490160200e-02,5.5599179015e-02,5.3663287482e-02,5.1549314734e-02,5.3657985935e-02,5.1929695015e-02,5.0132132301e-02,4.8132761730e-02
1946,19.4600,5.7458591555e-02,5.5569633563e-02,5.3635985548e-02,5.1524671015e-02,5.3629709726e-02,5.1905468303e-02,5.0112602088e-02,4.8119058532e-02
1947,19.4700,5.7428570516e-02,5.5541686263e-02,5.3610333987e-02,5.1501735138e-02,5.3603071495e-02,5.1882949789e-02,5.0094853070e-02,4.8107217374e-02
1948,19.4800,5.7400650305e-02,5.5515917368e-02,5.3586941471e-02,5.1481147639e-02,5.3578671282e-02,5.1862781795e-02,5.0079572501e-02,4.8097976369e-02
1949,19.4900,5.7374794532e-02,5.5492290916e-02,5.3565772625e-02,5.1462873990e-02,5.3556473368e-02,5.1844929890e-02,5.0066727288e-02,4.8091303899e-02
1950,19.5000,5.7352138490e-02,5.5471963314e-02,5.3548004575e-02,5.1448112798e-02,5.3537652948e-02,5.1830590380e-02,5.0057533751e-02,4.8088436233e-02
1951,19.5100,5.7311469443e-02,5.5432327364e-02,5.3509554886e-02,5.1411116701e-02,5.3498596599e-02,5.1793897795e-02,5.0023676443e-02,4.8058210614e-02
1952,19.5200,5.7273116302e-02,5.5395133711e-02,5.3473683370e-02,5.1376854717e-02,5.3462070010e-02,5.1759955009e-02,4.9992814447e-02,4.8031273097e-02
1953,19.5300,5.7237650217e-02,5.5360955438e-02,5.3440962828e-02,5.1345896555e-02,5.3428652167e-02,5.1729325985e-02,4.9965488243e-02,4.8008128178e-02
1954,19.5400,5.7193889065e-02,5.5317835364e-02,5.3398614571e-02,5.1304534292e-02,5.3385827442e-02,5.1688236326e-02,4.9926554440e-02,4.7972042366e-02
1955,19.5500,5.7144016937e-02,5.5268139230e-02,5.3349199678e-02,5.1255553354e-02,5.3336087686e-02,5.1639493339e-02,4.9879171071e-02,4.7926590312e-02
1956,19.5600,5.7096576690e-02,5.5221001453e-02,5.3302478666e-02,5.1209421354e-02,5.3288995006e-02,5.1593613406e-02,4.9834889814e-02,4.7884523064e-02
1957,19.5700,5.7053454902e-02,5.5178366288e-02,5.3260454263e-02,5.1168203979e-02,5.3246540371e-02,5.1552660573e-02,4.9795846802e-02,4.7848051614e-02
1958,19.5800,5.7012712252e-02,5.5138207855e-02,5.3221009299e-02,5.1129681338e-02,5.3206634656e-02,5.1514408697e-02,4.9759668384e-02,4.7814632807e-02
1959,19.5900,5.6973126286e-02,5.5099270784e-02,5.3182855089e-02,5.1092528922e-02,5.3167995211e-02,5.1477534696e-02,4.9724991277e-02,4.7782861063e-02
1960,19.6000,5.6935325256e-02,5.5062192878e-02,5.3146638150e-02,5.1057401427e-02,5.3131269680e-02,5.1442690480e-02,4.9692468608e-02,4.7753386915e-02
1961,19.6100,5.6887142100e-02,5.5013939936e-02,5.3098405742e-02,5.1009307220e-02,5.3082789495e-02,5.1394820837e-02,4.9645546479e-02,4.7707927490e-02
1962,19.6200,5.6836415197e-02,5.4962902505e-02,5.3047135814e-02,5.0957891768e-02,5.3031346107e-02,5.1343616024e-02,4.9594892590e-02,4.7658285368e-02
1963,19.6300,5.6789589201e-02,5.4915946782e-02,5.3000139349e-02,5.0910966876e-02,5.2984115372e-02,5.1296916527e-02,4.9549061555e-02,4.7613833877e-02
1964,19.6400,5.6745110441e-02,5.4871437633e-02,5.2955694360e-02,5.0866711738e-02,5.2939404548e-02,5.1252893308e-02,4.9506075279e-02,4.7572420924e-02
1965,19.6500,5.6701773507e-02,5.4828131553e-02,5.2912517797e-02,5.0823799463e-02,5.2895939943e-02,5.1210219297e-02,4.9464550845e-02,4.7532601248e-02
1966,19.6600,5.6661083396e-02,5.4787598499e-02,5.2872247976e-02,5.0783945125e-02,5.2855339856e-02,5.1170613276e-02,4.9426314345e-02,4.7496323197e-02
1967,19.6700,5.6622062329e-02,5.4748794861e-02,5.2833770472e-02,5.0745952983e-02,5.2816515636e-02,5.1132871175e-02,4.9390034553e-02,4.7462106119e-02
1968,19.6800,5.6586107613e-02,5.4713180588e-02,5.2798611178e-02,5.0711422979e-02,5.2780972532e-02,5.1098597803e-02,4.9357423165e-02,4.7431784116e-02
1969,19.6900,5.6552427270e-02,5.4679937948e-02,5.2765925681e-02,5.0679481184e-02,5.2747872406e-02,5.1066919178e-02,4.9327569019e-02,4.7404404948e-02
1970,19.7000,5.6520680907e-02,5.4648704741e-02,5.2735328815e-02,5.0649716727e-02,5.2716839032e-02,5.1037421056e-02,4.9300016529e-02,4.7379465105e-02
1971,19.7100,5.6491090341e-02,5.4619696670e-02,5.2707028579e-02,5.0622327422e-02,5.2688085604e-02,5.1010298296e-02,4.9274938157e-02,4.7357108233e-02
1972,19.7200,5.6463879271e-02,5.4593170091e-02,5.2681317001e-02,5.0597646848e-02,5.2661888727e-02,5.0985890874e-02,4.9252744960e-02,4.7337830305e-02
1973,19.7300,5.6438388852e-02,5.4568435776e-02,5.2657472820e-02,5.0574917728e-02,5.2637537281e-02,5.0963439031e-02,4.9232624774e-02,4.7320758913e-02
1974,19.7400,5.6414675342e-02,5.4545535325e-02,5.2635521224e-02,5.0554145687e-02,5.2615064721e-02,5.0942944454e-02,4.9214543040e-02,4.7305815543e-02
1975,19.7500,5.6392407292e-02,5.4524136977e-02,5.2615130872e-02,5.0535000721e-02,5.2594136793e-02,5.0924079604e-02,4.9198181091e-02,4.7292693577e-02
1976,19.7600,5.6373276196e-02,5.4505998951e-02,5.2598129715e-02,5.0519388465e-02,5.2576561668e-02,5.0908753445e-02,4.9185554840e-02,4.7283529950e-02
1977,19.7700,5.6355099054e-02,5.4488850791e-02,5.2582155814e-02,5.0504844955e-02,5.2560003694e-02,5.0894497365e-02,4.9174054439e-02,4.7275554827e-02
1978,19.7800,5.6337677706e-02,5.4472482596e-02,5.2566986823e-02,5.0491133778e-02,5.2544244747e-02,5.0881073756e-02,4.9163421227e-02,4.7268485289e-02
1979,19.7900,5.6322309413e-02,5.4458244881e-02,5.2554029005e-02,5.0479723434e-02,5.2530675022e-02,5.0869953957e-02,4.9155212687e-02,4.7263976329e-02
1980,19.8000,5.6309589152e-02,5.4446750254e-02,5.2543912952e-02,5.0471264005e-02,5.2519920988e-02,5.0861788111e-02,4.9150103277e-02,4.7262728984e-02
1981,19.8100,5.6299163841e-02,5.4437628520e-02,5.2536250499e-02,5.0465347218e-02,5.2511600316e-02,5.0856166437e-02,4.9147653897e-02,4.7264270790e-02
1982,19.8200,5.6290161524e-02,5.4429981194e-02,5.2530115852e-02,5.0461017342e-02,5.2504793602e-02,5.0852133038e-02,4.9146870653e-02,4.7267565669e-02
1983,19.8300,5.6281967531e-02,5.4423174327e-02,5.2524855241e-02,5.0457598905e-02,5.2498851633e-02,5.0849012432e-02,4.9147050970e-02,4.7271881288e-02
1984,19.8400,5.6274548733e-02,5.4417174173e-02,5.2520434294e-02,5.0455056857e-02,5.2493739845e-02,5.0846769905e-02,4.9148160206e-02,4.7277183368e-02
1985,19.8500,5.6267026909e-02,5.4411043130e-02,5.2515852245e-02,5.0452318701e-02,5.2488478200e-02,5.0844327313e-02,4.9149012449e-02,4.7282159321e-02
1986,19.8600,5.6253605468e-02,5.4398493551e-02,5.2504297992e-02,5.0441977647e-02,5.2476431517e-02,5.0834227230e-02,4.9141243832e-02,4.7277376095e-02
1987,19.8700,5.6234583280e-02,5.4379893819e-02,5.2486215674e-02,5.0424565957e-02,5.2458013313e-02,5.0817014217e-02,4.9125549050e-02,4.7263712524e-02
1988,19.8800,5.6207425339e-02,5.4352493250e-02,5.2458626425e-02,5.0396847190e-02,5.2430317559e-02,5.0789433509e-02,4.9098294782e-02,4.7237096270e-02
1989,19.8900,5.6183281724e-02,5.4328253822e-02,5.2434355485e-02,5.0372626468e-02,5.2405887061e-02,5.0765366306e-02,4.9074829779e-02,4.7214597305e-02
1990,19.9000,5.6160649986e-02,5.4305610185e-02,5.2411770686e-02,5.0350195787e-02,5.2383110327e-02,5.0743099699e-02,4.9053329524e-02,4.7194259451e-02
1991,19.9100,5.6139852872e-02,5.4284885211e-02,5.2391193573e-02,5.0329873440e-02,5.2362313048e-02,5.0722948408e-02,4.9034092390e-02,4.7176356613e-02
1992,19.9200,5.6113449512e-02,5.4258145737e-02,5.2364169651e-02,5.0302615508e-02,5.2335203435e-02,5.0695830320e-02,4.9007178115e-02,4.7149952601e-02
1993,19.9300,5.6077061794e-02,5.4220674476e-02,5.2325621923e-02,5.0262937839e-02,5.2296819570e-02,5.0656232356e-02,4.8966473958e-02,4.7108237579e-02
1994,19.9400,5.6044093247e-02,5.4186797845e-02,5.2290856819e-02,5.0227257961e-02,5.2262153963e-02,5.0620651220e-02,4.8930117243e-02,4.7071261569e-02
1995,19.9500,5.6013982804e-02,5.4155900240e-02,5.2259198499e-02,5.0194828961e-02,5.2230556311e-02,5.0588329445e-02,4.8897227245e-02,4.7037992415e-02
1996,19.9600,5.5987427406e-02,5.4128707281e-02,5.2231402565e-02,5.0166439828e-02,5.2202773487e-02,5.0560057677e-02,4.8868641163e-02,4.7009320083e-02
1997,19.9700,5.5962463215e-02,5.4103191140e-02,5.2205375261e-02,5.0139924474e-02,5.2176727494e-02,5.0533669259e-02,4.8842100497e-02,4.6982884771e-02
1998,19.9800,5.5937906198e-02,5.4078104236e-02,5.2179800798e-02,5.0113888917e-02,5.2151126182e-02,5.0507763086e-02,4.8816083466e-02,4.6957021815e-02
1999,19.9900,5.5915457291e-02,5.4055228603e-02,5.2156547292e-02,5.0090298795e-02,5.2127809832e-02,5.0484311968e-02,4.8792707187e-02,4.6934016191e-02
2000,20.0000,5.5894782340e-02,5.4034193888e-02,5.2135204574e-02,5.0068697185e-02,5.2106384941e-02,5.0462852300e-02,4.8771428403e-02,4.6913228079e-02
2001,20.0100,5.5877366813e-02,5.4016550491e-02,5.2117391592e-02,5.0050780254e-02,5.2088449482e-02,5.0445084875e-02,4.8754058823e-02,4.6896596961e-02
2002,20.0200,5.5862001963e-02,5.4001036719e-02,5.2101790774e-02,5.0035167500e-02,5.2072702906e-02,5.0429625498e-02,4.8739124121e-02,4.6882544806e-02
2003,20.0300,5.5847919935e-02,5.3986857865e-02,5.2087579540e-02,5.0021005510e-02,5.2058329823e-02,5.0415620047e-02,4.8725729464e-02,4.6870131140e-02
2004,20.0400,5.5834733089e-02,5.3973618571e-02,5.2074355006e-02,5.0007883655e-02,5.2044928015e-02,5.0402658803e-02,4.8713458396e-02,4.6858933323e-02
2005,20.0500,5.5823316163e-02,5.3962221431e-02,5.2063048341e-02,4.9996764294e-02,5.2033421925e-02,5.0391704299e-02,4.8703312643e-02,4.6849995986e-02
2006,20.0600,5.5813199436e-02,5.3952176423e-02,5.2053148152e-02,4.9987112045e-02,5.2023306885e-02,5.0382219497e-02,4.8694720185e-02,4.6842706734e-02
2007,20.0700,5.5804719316e-02,5.3943835653e-02,5.2045023192e-02,4.9979314495e-02,5.2014946117e-02,5.0374593529e-02,4.8688098447e-02,4.6837515982e-02
2008,20.0800,5.5798465148e-02,5.3937798653e-02,5.2039282747e-02,4.9973990747e-02,5.2008948863e-02,5.0369443577e-02,4.8684070895e-02,4.6835051790e-02
2009,20.0900,5.5793694136e-02,5.3933299077e-02,5.2035136249e-02,4.9970323703e-02,5.2004530303e-02,5.0365952359e-02,4.8681786678e-02,4.6834426332e-02
2010,20.1000,5.5790488213e-02,5.3930427505e-02,5.2032683652e-02,4.9968424159e-02,5.2001786601e-02,5.0364232104e-02,4.8681375846e-02,4.6835790732e-02
2011,20.1100,5.5789311287e-02,5.3929656733e-02,5.2032406350e-02,4.9968782269e-02,5.2001198697e-02,5.0364771642e-02,4.8683333961e-02,4.6839646238e-02
2012,20.1200,5.5789204323e-02,5.3929997554e-02,5.2033284116e-02,4.9970343846e-02,5.2001753672e-02,5.0366516601e-02,4.8686563828e-02,4.6844848537e-02
2013,20.1300,5.5790053694e-02,5.3931336275e-02,5.2035203492e-02,4.9972996054e-02,5.2003337049e-02,5.0369354994e-02,4.8690956833e-02,4.6851293707e-02
2014,20.1400,5.5792209683e-02,5.3934030367e-02,5.2038529003e-02,4.9977110734e-02,5.2006312678e-02,5.0373657839e-02,4.8696890510e-02,4.6859365362e-02
2015,20.1500,5.5795521869e-02,5.3937921211e-02,5.2043093354e-02,4.9982510805e-02,5.2010516152e-02,5.0379247271e-02,4.8704172517e-02,4.6868854555e-02
2016,20.1600,5.5800379781e-02,5.3943408099e-02,5.2049305737e-02,4.9989616133e-02,5.2016355113e-02,5.0386542516e-02,4.8713233588e-02,4.6880204136e-02
2017,20.1700,5.5807644073e-02,5.3951392439e-02,5.2058110489e-02,4.9999419277e-02,5.2024760348e-02,5.0396539385e-02,4.8725139342e-02,4.6894559671e-02
2018,20.1800,5.5815983017e-02,5.3960490565e-02,5.2068069710e-02,5.0010421965e-02,5.2034309263e-02,5.0407737074e-02,4.8738306015e-02,4.6910243521e-02
2019,20.1900,5.5824494634e-02,5.3969768295e-02,5.2078215785e-02,5.0021619591e-02,5.2044042934e-02,5.0419130087e-02,4.8751679259e-02,4.6926146715e-02
2020,20.2000,5.5833708547e-02,5.3979773717e-02,5.2089115932e-02,5.0033600493e-02,5.2054523597e-02,5.0431307293e-02,4.8765875862e-02,4.6942917236e-02
2021,20.2100,5.5838666650e-02,5.3985157623e-02,5.2095002988e-02,5.0040120366e-02,5.2060124865e-02,5.0437983517e-02,4.8773880066e-02,4.6952671012e-02
2022,20.2200,5.5832382349e-02,5.3978455283e-02,5.2087906118e-02,5.0032636578e-02,5.2053035475e-02,5.0430576881e-02,4.8766270276e-02,4.6945007384e-02
2023,20.2300,5.5827768180e-02,5.3973512936e-02,5.2082666622e-02,5.0027123015e-02,5.2047768161e-02,5.0425152405e-02,4.8760824585e-02,4.6939729832e-02
2024,20.2400,5.5825742119e-02,5.3971247452e-02,5.2080197269e-02,5.0024484239e-02,5.2045244201e-02,5.0422607679e-02,4.8758406105e-02,4.6937650288e-02
2025,20.2500,5.5806533766e-02,5.3950550050e-02,5.2057967177e-02,5.0000575754e-02,5.2023390107e-02,5.0398679988e-02,4.8732352436e-02,4.6909290513e-02
2026,20.2600,5.5790696136e-02,5.3933408840e-02,5.2039493520e-02,4.9980654791e-02,5.2005220579e-02,5.0378763386e-02,4.8710677180e-02,4.6885752068e-02
2027,20.2700,5.5776547818e-02,5.3918043341e-02,5.2022888338e-02,4.9962708736e-02,5.1988887416e-02,5.0360831509e-02,4.8691152095e-02,4.6864561462e-02
2028,20.2800,5.5764174122e-02,5.3904547775e-02,5.2008255668e-02,4.9946853154e-02,5.1974490444e-02,5.0345001696e-02,4.8673914584e-02,4.6845880630e-02
2029,20.2900,5.5752585024e-02,5.3891883124e-02,5.1994503997e-02,4.9931936438e-02,5.1960956136e-02,5.0330116925e-02,4.8657714666e-02,4.6828348684e-02
2030,20.3000,5.5743176834e-02,5.3881497604e-02,5.1983135627e-02,4.9919520955e-02,5.1949771926e-02,5.0317741779e-02,4.8644198656e-02,4.6813704372e-02
2031,20.3100,5.5737135279e-02,5.3874616289e-02,5.1975416130e-02,4.9910916663e-02,5.1942193736e-02,5.0309186470e-02,4.8634732546e-02,4.6803374523e-02
2032,20.3200,5.5732084440e-02,5.3868770896e-02,5.1968780148e-02,4.9903449438e-02,5.1935683511e-02,5.0301772107e-02,4.8626486157e-02,4.6794355901e-02
2033,20.3300,5.5728151392e-02,5.3864104182e-02,5.1963388408e-02,4.9897301750e-02,5.1930395010e-02,5.0295684268e-02,4.8619683070e-02,4.6786919118e-02
2034,20.3400,5.5724650283e-02,5.3859888684e-02,5.1958468301e-02,4.9891648773e-02,5.1925571688e-02,5.0290092730e-02,4.8613410166e-02,4.6780051961e-02
2035,20.3500,5.5722953435e-02,5.3857551201e-02,5.1955503706e-02,4.9888038170e-02,5.1922680824e-02,5.0286548296e-02,4.8609307597e-02,4.6775496668e-02
2036,20.3600,5.5723116507e-02,5.3857157832e-02,5.1954572282e-02,4.9886561259e-02,5.1921795085e-02,5.0285144351e-02,4.8607492378e-02,4.6773399007e-02
2037,20.3700,5.5725188892e-02,5.3858739882e-02,5.1955684759e-02,4.9887203845e-02,5.1922935712e-02,5.0285861523e-02,4.8607897448e-02,4.6773632287e-02
2038,20.3800,5.5729201619e-02,5.3862336419e-02,5.1958889259e-02,4.9890024914e-02,5.1926146504e-02,5.0288760820e-02,4.8610603955e-02,4.6776302776e-02
2039,20.3900,5.5734357714e-02,5.3867131991e-02,5.1963351930e-02,4.9894171198e-02,5.1930596069e-02,5.0292990539e-02,4.8614740948e-02,4.6780520517e-02
2040,20.4000,5.5739513808e-02,5.3871927564e-02,5.1967814601e-02,4.9898317482e-02,5.1935045635e-02,5.0297220259e-02,4.8618877942e-02,4.6784738257e-02
2041,20.4100,5.5745310074e-02,5.3877387893e-02,5.1972967699e-02,4.9903182768e-02,5.1940178421e-02,5.0302170151e-02,4.8623774338e-02,4.6789759846e-02
2042,20.4200,5.5754381320e-02,5.3886255313e-02,5.1981666384e-02,4.9911748476e-02,5.1948816402e-02,5.0310828144e-02,4.8632595778e-02,4.6798954144e-02
2043,20.4300,5.5764707172e-02,5.3896421532e-02,5.1991709713e-02,4.9921709508e-02,5.1958787001e-02,5.0320882808e-02,4.8642881155e-02,4.6809687708e-02
2044,20.4400,5.5775483216e-02,5.3907052029e-02,5.2002231823e-02,4.9932165228e-02,5.1969233021e-02,5.0331432192e-02,4.8653681226e-02,4.6820957985e-02
2045,20.4500,5.5787821243e-02,5.3919302809e-02,5.2014435032e-02,4.9944369681e-02,5.1981343422e-02,5.0343732772e-02,4.8666324534e-02,4.6834175647e-02
2046,20.4600,5.5801918460e-02,5.3933383939e-02,5.2028543201e-02,4.9958562518e-02,5.1995336963e-02,5.0358025930e-02,4.8681077471e-02,4.6849636612e-02
2047,20.4700,5.5816548607e-02,5.3948016405e-02,5.2043221765e-02,4.9973346781e-02,5.2009896015e-02,5.0372910969e-02,4.8696449875e-02,4.6865747805e-02
2048,20.4800,5.5832079719e-02,5.3963580937e-02,5.2058864603e-02,4.9989130853e-02,5.2025411119e-02,5.0388796555e-02,4.8712869358e-02,4.6882957944e-02
2049,20.4900,5.5849268481e-02,5.3980867034e-02,5.2076295747e-02,5.0006777526e-02,5.2042695767e-02,5.0406547804e-02,4.8731256537e-02,4.6902251354e-02
2050,20.5000,5.5867489709e-02,5.3999229055e-02,5.2094848459e-02,5.0025596900e-02,5.2061088328e-02,5.0425474589e-02,4.8750891751e-02,4.6922875788e-02
2051,20.5100,5.5885828453e-02,5.4017713556e-02,5.2113528868e-02,5.0044549816e-02,5.2079607019e-02,5.0444535243e-02,4.8770669135e-02,4.6943651900e-02
2052,20.5200,5.5905091396e-02,5.4037151034e-02,5.2133191877e-02,5.0064517807e-02,5.2099101474e-02,5.0464611016e-02,4.8791502352e-02,4.6965528712e-02
2053,20.5300,5.5925138366e-02,5.4057403746e-02,5.2153702771e-02,5.0085370111e-02,5.2119434455e-02,5.0485572756e-02,4.8813272043e-02,4.6988399379e-02
2054,20.5400,5.5947166967e-02,5.4079710090e-02,5.2176342161e-02,5.0108433871e-02,5.2141875866e-02,5.0508748523e-02,4.8837367043e-02,4.7013720440e-02
2055,20.5500,5.5970211815e-02,5.4103070955e-02,5.2200075969e-02,5.0132636379e-02,5.2165400653e-02,5.0533064719e-02,4.8862662886e-02,4.7040310595e-02
2056,20.5600,5.5990359786e-02,5.4123300937e-02,5.2220428262e-02,5.0153170523e-02,5.2185629357e-02,5.0553687068e-02,4.8883821798e-02,4.7062234340e-02
2057,20.5700,5.6005179119e-02,5.4137806024e-02,5.2234633705e-02,5.0167077899e-02,5.2199849510e-02,5.0567644934e-02,4.8897592987e-02,4.7075915632e-02
2058,20.5800,5.6007242906e-02,5.4138595271e-02,5.2234099391e-02,5.0165079255e-02,5.2199667986e-02,5.0565603074e-02,4.8893599109e-02,4.7069741557e-02
2059,20.5900,5.6006841235e-02,5.4136718969e-02,5.2230689674e-02,5.0159970519e-02,5.2196672785e-02,5.0560439070e-02,4.8886153426e-02,4.7059739791e-02
2060,20.6000,5.6008498571e-02,5.4137004503e-02,5.2229552303e-02,5.0157261101e-02,5.2195911736e-02,5.0557686145e-02,4.8881317202e-02,4.7052586233e-02
2061,20.6100,5.6011943871e-02,5.4139172037e-02,5.2230398312e-02,5.0156651900e-02,5.2197098145e-02,5.0557045013e-02,4.8878777698e-02,4.7047952658e-02
2062,20.6200,5.6017061342e-02,5.4143089286e-02,5.2233076631e-02,5.0157968975e-02,5.2200089813e-02,5.0558337514e-02,4.8878313370e-02,4.7045561485e-02
2063,20.6300,5.6023695353e-02,5.4148593222e-02,5.2237416257e-02,5.0161032135e-02,5.2204718505e-02,5.0561382590e-02,4.8879728686e-02,4.7045199624e-02
2064,20.6400,5.6031543990e-02,5.4155374735e-02,5.2243100949e-02,5.0165517647e-02,5.2210668919e-02,5.0565857134e-02,4.8882693264e-02,4.7046529688e-02
2065,20.6500,5.6040426007e-02,5.4163238618e-02,5.2249920147e-02,5.0171196911e-02,5.2217736701e-02,5.0571530106e-02,4.8886945366e-02,4.7049252115e-02
2066,20.6600,5.6049881177e-02,5.4171707944e-02,5.2257379561e-02,5.0177556396e-02,5.2225432240e-02,5.0577887351e-02,4.8891944923e-02,4.7052797627e-02
2067,20.6700,5.6061117606e-02,5.4182032264e-02,5.2266771673e-02,5.0185935964e-02,5.2235037054e-02,5.0586269726e-02,4.8899094922e-02,4.7058638573e-02
2068,20.6800,5.6073869317e-02,5.4193930416e-02,5.2277798864e-02,5.0196018935e-02,5.2246259548e-02,5.0596358502e-02,4.8908045952e-02,4.7066388357e-02
2069,20.6900,5.6087888270e-02,5.4207152528e-02,5.2290210108e-02,5.0207553923e-02,5.2258847034e-02,5.0607904046e-02,4.8918553848e-02,4.7075811812e-02
2070,20.7000,5.6103709167e-02,5.4222247492e-02,5.2304568477e-02,5.0221119012e-02,5.2273360215e-02,5.0621483631e-02,4.8931211639e-02,4.7087517504e-02
2071,20.7100,5.6119889060e-02,5.4237719662e-02,5.2319323484e-02,5.0235102869e-02,5.2288263474e-02,5.0635483870e-02,4.8944323741e-02,4.7099717138e-02
2072,20.7200,5.6136622478e-02,5.4253773537e-02,5.2334690266e-02,5.0249732762e-02,5.2303768339e-02,5.0650133082e-02,4.8958136970e-02,4.7112679325e-02
2073,20.7300,5.6154510966e-02,5.4271029209e-02,5.2351307864e-02,5.0265668316e-02,5.2320509664e-02,5.0666090737e-02,4.8973335750e-02,4.7127115298e-02
2074,20.7400,5.6173641372e-02,5.4289572607e-02,5.2369260955e-02,5.0282992468e-02,5.2338573407e-02,5.0683438884e-02,4.8989997223e-02,4.7143095721e-02
2075,20.7500,5.6194242352e-02,5.4309646001e-02,5.2388806417e-02,5.0301978838e-02,5.2358211177e-02,5.0702452864e-02,4.9008423032e-02,4.7160953405e-02
2076,20.7600,5.6216026931e-02,5.4330946541e-02,5.2409624372e-02,5.0322288032e-02,5.2379109076e-02,5.0722791423e-02,4.9028241579e-02,4.7180280747e-02
2077,20.7700,5.6238883526e-02,5.4353357995e-02,5.2431593737e-02,5.0343793580e-02,5.2401147418e-02,5.0744327840e-02,4.9049318723e-02,4.7200935277e-02
2078,20.7800,5.6262556987e-02,5.4376623387e-02,5.2454456237e-02,5.0366236485e-02,5.2424066537e-02,5.0766804623e-02,4.9071400858e-02,4.7222669694e-02
2079,20.7900,5.6287279620e-02,5.4400976875e-02,5.2478447377e-02,5.0389853049e-02,5.2448103219e-02,5.0790456643e-02,4.9094719223e-02,4.7245709168e-02
2080,20.8000,5.6312296164e-02,5.4425637358e-02,5.2502759328e-02,5.0413805984e-02,5.2472456404e-02,5.0814446054e-02,4.9118397579e-02,4.7269134764e-02
2081,20.8100,5.6338112648e-02,5.4451126722e-02,5.2527930274e-02,5.0438651319e-02,5.2497660488e-02,5.0839328926e-02,4.9143014363e-02,4.7293549482e-02
2082,20.8200,5.6366135067e-02,5.4478905733e-02,5.2555478259e-02,5.0465970963e-02,5.2525217213e-02,5.0866689991e-02,4.9170242688e-02,4.7320726928e-02
2083,20.8300,5.6394157486e-02,5.4506684745e-02,5.2583026244e-02,5.0493290607e-02,5.2552773939e-02,5.0894051056e-02,4.9197471013e-02,4.7347904374e-02
2084,20.8400,5.6422464439e-02,5.4534760222e-02,5.2610883237e-02,5.0520933317e-02,5.2580635913e-02,5.0921735974e-02,4.9225043169e-02,4.7375448569e-02
2085,20.8500,5.6451905747e-02,5.4564010963e-02,5.2639958015e-02,5.0549840921e-02,5.2609704321e-02,5.0950687208e-02,4.9253944742e-02,4.7404393105e-02
2086,20.8600,5.6482253986e-02,5.4594207164e-02,5.2670018767e-02,5.0579779939e-02,5.2639746491e-02,5.0980672455e-02,4.9283945061e-02,4.7434510667e-02
2087,20.8700,5.6512622223e-02,5.4624424210e-02,5.2700101258e-02,5.0609741698e-02,5.2669810131e-02,5.1010680500e-02,4.9313969606e-02,4.7464654094e-02
2088,20.8800,5.6543857744e-02,5.4655538870e-02,5.2731112812e-02,5.0640667269e-02,5.2700794639e-02,5.1041653233e-02,4.9345004820e-02,4.7495859638e-02
2089,20.8900,5.6575648819e-02,5.4687230809e-02,5.2762724361e-02,5.0672218160e-02,5.2732372664e-02,5.1073252415e-02,4.9376701550e-02,4.7527766555e-02
2090,20.9000,5.6607985724e-02,5.4719490874e-02,5.2794927410e-02,5.0704386686e-02,5.2764535334e-02,5.1105470561e-02,4.9409053930e-02,4.7560370998e-02
2091,20.9100,5.6641363146e-02,5.4752829464e-02,5.2828248531e-02,5.0737717139e-02,5.2797805401e-02,5.1138852060e-02,4.9442628723e-02,4.7594264353e-02
2092,20.9200,5.6663600086e-02,5.4774192043e-02,5.2848700068e-02,5.0757156760e-02,5.2818506388e-02,5.1158255540e-02,4.9460658744e-02,4.7610743210e-02
2093,20.9300,5.6680065653e-02,5.4789350096e-02,5.2862487434e-02,5.0769411388e-02,5.2832690196e-02,5.1170436408e-02,4.9470693438e-02,4.7618320129e-02
2094,20.9400,5.6697694929e-02,5.4805739708e-02,5.2877580295e-02,5.0783057718e-02,5.2848151715e-02,5.1184018965e-02,4.9482272057e-02,4.7627616413e-02
2095,20.9500,5.6717764544e-02,5.4824683685e-02,5.2895349263e-02,5.0799519057e-02,5.2866249002e-02,5.1200427873e-02,4.9496888497e-02,4.7640202325e-02
2096,20.9600,5.6738428193e-02,5.4844256468e-02,5.2913784765e-02,5.0816690694e-02,5.2884998833e-02,5.1217551958e-02,4.9512291224e-02,4.7653661160e-02
2097,20.9700,5.6759498600e-02,5.4864260580e-02,5.2932678328e-02,5.0834351493e-02,5.2904196660e-02,5.1235168806e-02,4.9528237751e-02,4.7667726242e-02
2098,20.9800,5.6782373906e-02,5.4886148864e-02,5.2953540158e-02,5.0854075829e-02,5.2925336106e-02,5.1254855875e-02,4.9546395460e-02,4.7684168064e-02
2099,20.9900,5.6805703474e-02,5.4908512800e-02,5.2974900420e-02,5.0874324508e-02,5.2946966493e-02,5.1275069340e-02,4.9565118630e-02,4.7701221465e-02
2100,21.0000,5.6830447953e-02,5.4932356731e-02,5.2997809794e-02,5.0896200668e-02,5.2970123686e-02,5.1296916112e-02,4.9585591796e-02,4.7720161746e-02
2101,21.0100,5.6855805537e-02,5.4956841335e-02,5.3021389097e-02,5.0918779909e-02,5.2993941449e-02,5.1319468364e-02,4.9606819637e-02,4.7739914415e-02
2102,21.0200,5.6882146829e-02,5.4982347473e-02,5.3046029553e-02,5.0942464564e-02,5.3018809041e-02,5.1343128046e-02,4.9629216576e-02,4.7760906762e-02
2103,21.0300,5.6909188483e-02,5.5008590936e-02,5.3071446971e-02,5.0966971582e-02,5.3044439808e-02,5.1367614335e-02,4.9652510644e-02,4.7782880208e-02
2104,21.0400,5.6936748958e-02,5.5035372146e-02,5.3097421819e-02,5.0992057852e-02,5.3070622697e-02,5.1392680584e-02,4.9676414037e-02,4.7805496024e-02
2105,21.0500,5.6966162091e-02,5.5064078005e-02,5.3125396712e-02,5.1019228386e-02,5.3098784034e-02,5.1419834960e-02,4.9702522864e-02,4.7830451340e-02
2106,21.0600,5.6996430996e-02,5.5093677387e-02,5.3154305039e-02,5.1047377387e-02,5.3127866324e-02,5.1447970794e-02,4.9729678875e-02,4.7856530219e-02
2107,21.0700,5.7026699901e-02,5.5123276769e-02,5.3183213366e-02,5.1075526387e-02,5.3156948614e-02,5.1476106627e-02,4.9756834887e-02,4.7882609098e-02
2108,21.0800,5.7057393274e-02,5.5153321399e-02,5.3212589065e-02,5.1104167902e-02,5.3186490934e-02,5.1504737011e-02,4.9784523347e-02,4.7909264938e-02
2109,21.0900,5.7089727778e-02,5.5185070131e-02,5.3243734728e-02,5.1134652852e-02,5.3217784535e-02,5.1535214041e-02,4.9814160209e-02,4.7937985166e-02
2110,21.1000,5.7122335852e-02,5.5217102286e-02,5.3275174054e-02,5.1165442803e-02,5.3249369065e-02,5.1565996415e-02,4.9844117592e-02,4.7967042962e-02
2111,21.1100,5.7155909908e-02,5.5250136210e-02,5.3307652425e-02,5.1197313186e-02,5.3281982449e-02,5.1597860683e-02,4.9875212973e-02,4.7997302082e-02
2112,21.1200,5.7191215945e-02,5.5284970824e-02,5.3342003528e-02,5.1231136871e-02,5.3316447645e-02,5.1631682195e-02,4.9908378531e-02,4.8029760633e-02
2113,21.1300,5.7226648273e-02,5.5319935903e-02,5.3376489406e-02,5.1265100074e-02,5.3351046550e-02,5.1665643292e-02,4.9941689797e-02,4.8062371691e-02
2114,21.1400,5.7262080601e-02,5.5354900981e-02,5.3410975284e-02,5.1299063277e-02,5.3385645456e-02,5.1699604390e-02,4.9975001064e-02,4.8094982750e-02
2115,21.1500,5.7298154760e-02,5.5390534208e-02,5.3446156945e-02,5.1333753216e-02,5.3420931961e-02,5.1734293873e-02,5.0009084484e-02,4.8128416138e-02
2116,21.1600,5.7334982015e-02,5.5426952219e-02,5.3482156730e-02,5.1369298696e-02,5.3457026541e-02,5.1769841044e-02,5.0044078997e-02,4.8162822049e-02
2117,21.1700,5.7372759635e-02,5.5464354101e-02,5.3519175147e-02,5.1405901237e-02,5.3494130651e-02,5.1806446281e-02,5.0080182545e-02,4.8198394061e-02
2118,21.1800,5.7410540484e-02,5.5501759326e-02,5.3556197025e-02,5.1442507368e-02,5.3531238189e-02,5.1843055113e-02,5.0116289860e-02,4.8233970034e-02
2119,21.1900,5.7448712127e-02,5.5539572123e-02,5.3593644144e-02,5.1479558591e-02,5.3568765586e-02,5.1880110225e-02,5.0152871929e-02,4.8270053550e-02
2120,21.2000,5.7487418110e-02,5.5577942203e-02,5.3631672705e-02,5.1517218397e-02,5.3606867064e-02,5.1917775544e-02,5.0190103140e-02,4.8306831040e-02
2121,21.2100,5.7526275779e-02,5.5616469254e-02,5.3669863718e-02,5.1555046707e-02,5.3645129570e-02,5.1955609516e-02,5.0227510998e-02,4.8343794118e-02
2122,21.2200,5.7565459421e-02,5.5655333637e-02,5.3708403838e-02,5.1593237133e-02,5.3683738127e-02,5.1993805920e-02,5.0265298471e-02,4.8381156023e-02
2123,21.2300,5.7605496395e-02,5.5695081650e-02,5.3747859042e-02,5.1632377447e-02,5.3723253467e-02,5.2032953182e-02,5.0304083155e-02,4.8419567137e-02
2124,21.2400,5.7646567218e-02,5.5735904777e-02,5.3788432585e-02,5.1672684378e-02,5.3763874626e-02,5.2073269383e-02,5.0344104191e-02,4.8459291481e-02
2125,21.2500,5.7687638041e-02,5.5776727904e-02,5.3829006128e-02,5.1712991309e-02,5.3804495785e-02,5.2113585584e-02,5.0384125227e-02,4.8499015825e-02
2126,21.2600,5.7728708863e-02,5.5817551031e-02,5.3869579670e-02,5.1753298239e-02,5.3845116944e-02,5.2153901785e-02,5.0424146263e-02,4.8538740169e-02
2127,21.2700,5.7763733014e-02,5.5851878454e-02,5.3903177099e-02,5.1786079727e-02,5.3878923678e-02,5.2186645471e-02,5.0455750672e-02,4.8569038736e-02
2128,21.2800,5.7797006799e-02,5.5884293854e-02,5.3934690540e-02,5.1816581865e-02,5.3910702456e-02,5.2217094780e-02,5.0484767668e-02,4.8596404557e-02
2129,21.2900,5.7831453270e-02,5.5917937740e-02,5.3967492230e-02,5.1848440681e-02,5.3943749350e-02,5.2248906670e-02,5.0515252797e-02,4.8625365255e-02
2130,21.3000,5.7866977889e-02,5.5952708652e-02,5.4001473107e-02,5.1881538186e-02,5.3977958329e-02,5.2281961967e-02,5.0547071680e-02,4.8655767519e-02
2131,21.3100,5.7902795726e-02,5.5987791314e-02,5.4035785975e-02,5.1914991321e-02,5.4012491520e-02,5.2315375771e-02,5.0579288413e-02,4.8686616091e-02
2132,21.3200,5.7938745777e-02,5.6023014547e-02,5.4070248538e-02,5.1948604812e-02,5.4047170899e-02,5.2348951228e-02,5.0611684537e-02,4.8717665905e-02
2133,21.3300,5.7975668866e-02,5.6059257088e-02,5.4105779755e-02,5.1983343168e-02,5.4082902579e-02,5.2383656122e-02,5.0645295328e-02,4.8750031328e-02
2134,21.3400,5.8012991531e-02,5.6095915096e-02,5.4141743091e-02,5.2018532253e-02,5.4119061549e-02,5.2418812648e-02,5.0679383793e-02,4.8782904197e-02
2135,21.3500,5.8051176653e-02,5.6133473862e-02,5.4178647833e-02,5.2054708814e-02,5.4156148969e-02,5.2454959946e-02,5.0714531366e-02,4.8816916455e-02
2136,21.3600,5.8089854248e-02,5.6171542869e-02,5.4216081319e-02,5.2091434667e-02,5.4193760132e-02,5.2491657220e-02,5.0750256718e-02,4.8851537964e-02
2137,21.3700,5.8129283583e-02,5.6210393756e-02,5.4254328375e-02,5.2129009643e-02,5.4232175500e-02,5.2529205510e-02,5.0786883559e-02,4.8887119188e-02
2138,21.3800,5.8169289604e-02,5.6249846446e-02,5.4293203788e-02,5.2167242934e-02,5.4271210958e-02,5.2567414078e-02,5.0824214371e-02,4.8923455219e-02
2139,21.3900,5.8209875316e-02,5.6289900532e-02,5.4332703212e-02,5.2206125360e-02,5.4310864196e-02,5.2606272708e-02,5.0862229415e-02,4.8960514071e-02
2140,21.4000,5.8250837208e-02,5.6330350195e-02,5.4372618973e-02,5.2245447852e-02,5.4350926650e-02,5.2645573536e-02,5.0900723204e-02,4.8998095032e-02
2141,21.4100,5.8291869671e-02,5.6370874070e-02,5.4412612842e-02,5.2284852902e-02,5.4391065874e-02,5.2684957322e-02,5.0939306806e-02,4.9035773942e-02
2142,21.4200,5.8333328870e-02,5.6411839152e-02,5.4453062892e-02,5.2324730641e-02,5.4431657482e-02,5.2724814122e-02,5.0978384985e-02,4.9073971454e-02
2143,21.4300,5.8375577296e-02,5.6453626013e-02,5.4494368977e-02,5.2365502885e-02,5.4473094853e-02,5.2765567599e-02,5.1018414770e-02,4.9113183940e-02
2144,21.4400,5.8419332570e-02,5.6496973858e-02,5.4537292321e-02,5.2407954733e-02,5.4516134454e-02,5.2808002576e-02,5.1060209622e-02,4.9154255486e-02
2145,21.4500,5.8463205202e-02,5.6540443344e-02,5.4580341760e-02,5.2450537615e-02,5.4559298949e-02,5.2850568745e-02,5.1102142314e-02,4.9195472352e-02
2146,21.4600,5.8507328940e-02,5.6584175735e-02,5.4623666625e-02,5.2493410108e-02,5.4602734813e-02,5.2893425589e-02,5.1144386773e-02,4.9237025635e-02
2147,21.4700,5.8551656696e-02,5.6628121727e-02,5.4667215266e-02,5.2536517902e-02,5.4646391156e-02,5.2936518599e-02,5.1186884535e-02,4.9278852249e-02
2148,21.4800,5.8595984452e-02,5.6672067720e-02,5.4710763907e-02,5.2579625697e-02,5.4690047500e-02,5.2979611609e-02,5.1229382296e-02,4.9320678862e-02
2149,21.4900,5.8640379776e-02,5.6716083693e-02,5.4754385034e-02,5.2622808749e-02,5.4733775665e-02,5.3022779957e-02,5.1271959095e-02,4.9362588663e-02
2150,21.5000,5.8686093452e-02,5.6761469111e-02,5.4799429034e-02,5.2667474255e-02,5.4778911516e-02,5.3067433379e-02,5.1316103443e-02,4.9406159875e-02
2151,21.5100,5.8731832052e-02,5.6806880572e-02,5.4844500264e-02,5.2712168328e-02,5.4824074222e-02,5.3112115460e-02,5.1360278406e-02,4.9449763971e-02
2152,21.5200,5.8777570651e-02,5.6852292034e-02,5.4889571493e-02,5.2756862402e-02,5.4869236929e-02,5.3156797541e-02,5.1404453369e-02,4.9493368068e-02
2153,21.5300,5.8823325411e-02,5.6897720353e-02,5.4934660316e-02,5.2801574895e-02,5.4914417004e-02,5.3201498092e-02,5.1448647992e-02,4.9536993197e-02
2154,21.5400,5.8869526125e-02,5.6943613876e-02,5.4980234627e-02,5.2846795684e-02,5.4960076355e-02,5.3246708334e-02,5.1493385134e-02,4.9581198714e-02
2155,21.5500,5.8915726840e-02,5.6989507399e-02,5.5025808938e-02,5.2892016473e-02,5.5005735705e-02,5.3291918575e-02,5.1538122276e-02,4.9625404230e-02
2156,21.5600,5.8962857137e-02,5.7036363108e-02,5.5072379253e-02,5.2938270641e-02,5.5052382232e-02,5.3338163151e-02,5.1583943256e-02,4.9670748998e-02
2157,21.5700,5.9010012400e-02,5.7083244658e-02,5.5118976316e-02,5.2984552561e-02,5.5099055270e-02,5.3384435505e-02,5.1629793343e-02,4.9716124362e-02
2158,21.5800,5.9057549888e-02,5.7130524307e-02,5.5165988154e-02,5.3031267943e-02,5.5146138112e-02,5.3431142342e-02,5.1676104412e-02,4.9761991097e-02
2159,21.5900,5.9105170273e-02,5.7177890294e-02,5.5213089947e-02,5.3078077332e-02,5.5193309831e-02,5.3477943409e-02,5.1722515457e-02,4.9807964399e-02
2160,21.6000,5.9152790657e-02,5.7225256281e-02,5.5260191740e-02,5.3124886722e-02,5.5240481551e-02,5.3524744477e-02,5.1768926502e-02,4.9853937701e-02
2161,21.6100,5.9200411042e-02,5.7272622268e-02,5.5307293533e-02,5.3171696112e-02,5.5287653270e-02,5.3571545544e-02,5.1815337547e-02,4.9899911003e-02
2162,21.6200,5.9248738282e-02,5.7320720360e-02,5.5355153659e-02,5.3219292874e-02,5.5335576359e-02,5.3619134830e-02,5.1862575608e-02,4.9946754895e-02
2163,21.6300,5.9297782979e-02,5.7369562503e-02,5.5403785544e-02,5.3267692164e-02,5.5384263617e-02,5.3667527744e-02,5.1910659055e-02,4.9994491330e-02
2164,21.6400,5.9346827675e-02,5.7418404646e-02,5.5452417428e-02,5.3316091454e-02,5.5432950875e-02,5.3715920658e-02,5.1958742502e-02,5.0042227765e-02
2165,21.6500,5.9395872372e-02,5.7467246790e-02,5.5501049313e-02,5.3364490744e-02,5.5481638133e-02,5.3764313572e-02,5.2006825949e-02,5.0089964199e-02
2166,21.6600,5.9444917068e-02,5.7516088933e-02,5.5549681197e-02,5.3412890033e-02,5.5530325390e-02,5.3812706486e-02,5.2054909395e-02,5.0137700634e-02
2167,21.6700,5.9494195577e-02,5.7565173956e-02,5.5598565438e-02,5.3461552238e-02,5.5579262320e-02,5.3861362770e-02,5.2103270785e-02,5.0185731560e-02
2168,21.6800,5.9543710482e-02,5.7614504543e-02,5.5647704823e-02,5.3510480261e-02,5.5628451679e-02,5.3910285334e-02,5.2151913187e-02,5.0234060229e-02
2169,21.6900,5.9594104045e-02,5.7664743920e-02,5.5697784201e-02,5.3560382706e-02,5.5678573043e-02,5.3960183062e-02,5.2201575932e-02,5.0283459657e-02
2170,21.7000,5.9644576860e-02,5.7715065269e-02,5.5747948365e-02,5.3610373041e-02,5.5728778471e-02,5.4010168748e-02,5.2251330709e-02,5.0332955665e-02
2171,21.7100,5.9695049672e-02,5.7765386613e-02,5.5798112524e-02,5.3660363372e-02,5.5778983896e-02,5.4060154429e-02,5.2301085482e-02,5.0382451668e-02
2172,21.7200,5.9745707126e-02,5.7815899554e-02,5.5848475532e-02,5.3710560612e-02,5.5829386160e-02,5.4110347326e-02,5.2351058465e-02,5.0432178316e-02
2173,21.7300,5.9796652244e-02,5.7866710993e-02,5.5899148335e-02,5.3761080205e-02,5.5880095092e-02,5.4160863056e-02,5.2401371412e-02,5.0482264298e-02
2174,21.7400,5.9847597361e-02,5.7917522432e-02,5.5949821138e-02,5.3811599799e-02,5.5930804023e-02,5.4211378786e-02,5.2451684359e-02,5.0532350281e-02
2175,21.7500,5.9898542479e-02,5.7968333871e-02,5.6000493942e-02,5.3862119392e-02,5.5981512954e-02,5.4261894516e-02,5.2501997305e-02,5.0582436264e-02
2176,21.7600,5.9950412381e-02,5.8020101665e-02,5.6052155782e-02,5.3913664070e-02,5.6033202589e-02,5.4313436079e-02,5.2553383297e-02,5.0633647946e-02
2177,21.7700,6.0002316285e-02,5.8071904621e-02,5.6103853986e-02,5.3965246436e-02,5.6084928281e-02,5.4365015358e-02,5.2604808741e-02,5.0684901017e-02
2178,21.7800,6.0054690575e-02,5.8124195233e-02,5.6156057819e-02,5.4017354368e-02,5.6137154725e-02,5.4417120874e-02,5.2656787337e-02,5.0736737566e-02
2179,21.7900,6.0107068592e-02,5.8176489710e-02,5.6208265658e-02,5.4069466465e-02,5.6189385138e-02,5.4469230561e-02,5.2708770316e-02,5.0788578738e-02
2180,21.8000,6.0159446610e-02,5.8228784187e-02,5.6260473498e-02,5.4121578562e-02,5.6241615551e-02,5.4521340247e-02,5.2760753296e-02,5.0840419911e-02
2181,21.8100,6.0211824628e-02,5.8281078664e-02,5.6312681338e-02,5.4173690659e-02,5.6293845964e-02,5.4573449934e-02,5.2812736276e-02,5.0892261083e-02
2182,21.8200,6.0264202646e-02,5.8333373141e-02,5.6364889178e-02,5.4225802756e-02,5.6346076377e-02,5.4625559621e-02,5.2864719255e-02,5.0944102256e-02
2183,21.8300,6.0316725102e-02,5.8385817245e-02,5.6417252035e-02,5.4278075842e-02,5.6398460372e-02,5.4677830474e-02,5.2916871390e-02,5.0996121557e-02
2184,21.8400,6.0369578761e-02,5.8438604451e-02,5.6469970359e-02,5.4330718084e-02,5.6451196537e-02,5.4730470893e-02,5.2969411409e-02,5.1048549320e-02
2185,21.8500,6.0422432421e-02,5.8491391657e-02,5.6522688682e-02,5.4383360326e-02,5.6503932702e-02,5.4783111312e-02,5.3021951428e-02,5.1100977082e-02
2186,21.8600,6.0475286081e-02,5.8544178863e-02,5.6575407006e-02,5.4436002568e-02,5.6556668868e-02,5.4835751731e-02,5.3074491447e-02,5.1153404844e-02
2187,21.8700,6.0528139740e-02,5.8596966069e-02,5.6628125329e-02,5.4488644810e-02,5.6609405033e-02,5.4888392150e-02,5.3127031465e-02,5.1205832606e-02
2188,21.8800,6.0580993400e-02,5.8649753274e-02,5.6680843653e-02,5.4541287052e-02,5.6662141198e-02,5.4941032569e-02,5.3179571484e-02,5.1258260368e-02
2189,21.8900,6.0634003699e-02,5.8702702649e-02,5.6733729882e-02,5.4594103545e-02,5.6715043764e-02,5.4993847408e-02,5.3232294351e-02,5.1310880422e-02
2190,21.9000,6.0687334251e-02,5.8755983581e-02,5.6786959399e-02,5.4647276296e-02,5.6768286536e-02,5.5047018854e-02,5.3285391054e-02,5.1363893618e-02
2191,21.9100,6.0740664803e-02,5.8809264512e-02,5.6840188915e-02,5.4700449048e-02,5.6821529308e-02,5.5100190299e-02,5.3338487757e-02,5.1416906815e-02
2192,21.9200,6.0793995355e-02,5.8862545443e-02,5.6893418432e-02,5.4753621800e-02,5.6874772081e-02,5.5153361744e-02,5.3391584460e-02,5.1469920011e-02
2193,21.9300,6.0847325907e-02,5.8915826375e-02,5.6946647948e-02,5.4806794551e-02,5.6928014853e-02,5.5206533190e-02,5.3444681162e-02,5.1522933207e-02
2194,21.9400,6.0900656459e-02,5.8969107306e-02,5.6999877465e-02,5.4859967303e-02,5.6981257626e-02,5.5259704635e-02,5.3497777865e-02,5.1575946403e-02
2195,21.9500,6.0954020243e-02,5.9022422627e-02,5.7053142571e-02,5.4913176970e-02,5.7034535676e-02,5.5312913027e-02,5.3550913266e-02,5.1629000255e-02
2196,21.9600,6.1007828665e-02,5.9076198072e-02,5.7106883855e-02,5.4966880550e-02,5.7088285738e-02,5.5366615765e-02,5.3604566438e-02,5.1682598078e-02
2197,21.9700,6.1061637088e-02,5.9129973517e-02,5.7160625140e-02,5.5020584130e-02,5.7142035801e-02,5.5420318504e-02,5.3658219610e-02,5.1736195900e-02
2198,21.9800,6.1115445510e-02,5.9183748962e-02,5.7214366424e-02,5.5074287710e-02,5.7195785863e-02,5.5474021242e-02,5.3711872782e-02,5.1789793723e-02
2199,21.9900,6.1169253932e-02,5.9237524407e-02,5.7268107708e-02,5.5127991290e-02,5.7249535925e-02,5.5527723980e-02,5.3765525953e-02,5.1843391546e-02
2200,22.0000,6.1223062355e-02,5.9291299852e-02,5.7321848993e-02,5.5181694870e-02,5.7303285988e-02,5.5581426718e-02,5.3819179125e-02,5.1896989368e-02
2201,22.0100,6.1276870777e-02,5.9345075297e-02,5.7375590277e-02,5.5235398449e-02,5.7357036050e-02,5.5635129455e-02,5.3872832297e-02,5.1950587191e-02
2202,22.0200,6.1330932869e-02,5.9399113167e-02,5.7429603058e-02,5.5289383539e-02,5.7411055273e-02,5.5689113931e-02,5.3926780383e-02,5.2004494647e-02
2203,22.0300,6.1385219870e-02,5.9453383710e-02,5.7483856553e-02,5.5343618223e-02,5.7465313140e-02,5.5743348203e-02,5.3980989948e-02,5.2058676631e-02
2204,22.0400,6.1439506871e-02,5.9507654253e-02,5.7538110049e-02,5.5397852906e-02,5.7519571007e-02,5.5797582474e-02,5.4035199513e-02,5.2112858616e-02
2205,22.0500,6.1493793872e-02,5.9561924795e-02,5.7592363545e-02,5.5452087590e-02,5.7573828874e-02,5.5851816746e-02,5.4089409078e-02,5.2167040600e-02
2206,22.0600,6.1548080874e-02,5.9616195338e-02,5.7646617041e-02,5.5506322273e-02,5.7628086741e-02,5.5906051017e-02,5.4143618643e-02,5.2221222585e-02
2207,22.0700,6.1602367875e-02,5.9670465881e-02,5.7700870536e-02,5.5560556957e-02,5.7682344608e-02,5.5960285289e-02,5.4197828208e-02,5.2275404569e-02
2208,22.0800,6.1656654876e-02,5.9724736423e-02,5.7755124032e-02,5.5614791640e-02,5.7736602475e-02,5.6014519560e-02,5.4252037773e-02,5.2329586553e-02
2209,22.0900,6.1711283512e-02,5.9779360340e-02,5.7809743060e-02,5.5669405271e-02,5.7791222756e-02,5.6069133074e-02,5.4306644201e-02,5.2384185071e-02
2210,22.1000,6.1766049533e-02,5.9834126362e-02,5.7864509081e-02,5.5724171292e-02,5.7845988777e-02,5.6123899095e-02,5.4361410223e-02,5.2438951092e-02
2211,22.1100,6.1820815554e-02,5.9888892384e-02,5.7919275103e-02,5.5778937313e-02,5.7900754798e-02,5.6178665117e-02,5.4416176245e-02,5.2493717113e-02
2212,22.1200,6.1875581575e-02,5.9943658406e-02,5.7974041124e-02,5.5833703334e-02,5.7955520819e-02,5.6233431138e-02,5.4470942266e-02,5.2548483134e-02
2213,22.1300,6.1930347596e-02,5.9998424427e-02,5.8028807146e-02,5.5888469354e-02,5.8010286840e-02,5.6288197160e-02,5.4525708288e-02,5.2603249155e-02
2214,22.1400,6.1985113617e-02,6.0053190449e-02,5.8083573168e-02,5.5943235375e-02,5.8065052861e-02,5.6342963182e-02,5.4580474310e-02,5.2658015176e-02
2215,22.1500,6.2039879638e-02,6.0107956471e-02,5.8138339189e-02,5.5998001396e-02,5.8119818881e-02,5.6397729203e-02,5.4635240331e-02,5.2712781196e-02
2216,22.1600,6.2094645659e-02,6.0162722493e-02,5.8193105211e-02,5.6052767416e-02,5.8174584902e-02,5.6452495225e-02,5.4690006353e-02,5.2767547217e-02
2217,22.1700,6.2149411679e-02,6.0217488515e-02,5.8247871232e-02,5.6107533437e-02,5.8229350923e-02,5.6507261246e-02,5.4744772375e-02,5.2822313238e-02
2218,22.1800,6.2204177700e-02,6.0272254536e-02,5.8302637254e-02,5.6162299458e-02,5.8284116944e-02,5.6562027268e-02,5.4799538396e-02,5.2877079259e-02
2219,22.1900,6.2258943721e-02,6.0327020558e-02,5.8357403276e-02,5.6217065478e-02,5.8338882965e-02,5.6616793289e-02,5.4854304418e-02,5.2931845280e-02
2220,22.2000,6.2313709742e-02,6.0381786580e-02,5.8412169297e-02,5.6271831499e-02,5.8393648986e-02,5.6671559311e-02,5.4909070439e-02,5.2986611301e-02
2221,22.2100,6.2368475763e-02,6.0436552602e-02,5.8466935319e-02,5.6326597520e-02,5.8448415007e-02,5.6726325332e-02,5.4963836461e-02,5.3041377322e-02
2222,22.2200,6.2423241784e-02,6.0491318624e-02,5.8521701340e-02,5.6381363540e-02,5.8503181028e-02,5.6781091354e-02,5.5018602483e-02,5.3096143343e-02
2223,22.2300,6.2478007805e-02,6.0546084645e-02,5.8576467362e-02,5.6436129561e-02,5.8557947049e-02,5.6835857375e-02,5.5073368504e-02,5.3150909364e-02
2224,22.2400,6.2532773826e-02,6.0600850667e-02,5.8631233384e-02,5.6490895582e-02,5.8612713070e-02,5.6890623397e-02,5.5128134526e-02,5.3205675385e-02
2225,22.2500,6.2587539847e-02,6.0655616689e-02,5.8685999405e-02,5.6545661602e-02,5.8667479091e-02,5.6945389418e-02,5.5182900548e-02,5.3260441406e-02
2226,22.2600,6.2642305867e-02,6.0710382711e-02,5.8740765427e-02,5.6600427623e-02,5.8722245112e-02,5.7000155440e-02,5.5237666569e-02,5.3315207427e-02
2227,22.2700,6.2697071888e-02,6.0765148733e-02,5.8795531448e-02,5.6655193644e-02,5.8777011133e-02,5.7054921461e-02,5.5292432591e-02,5.3369973448e-02
2228,22.2800,6.2751837909e-02,6.0819914754e-02,5.8850297470e-02,5.6709959664e-02,5.8831777154e-02,5.7109687483e-02,5.5347198612e-02,5.3424739469e-02
2229,22.2900,6.2806603930e-02,6.0874680776e-02,5.8905063491e-02,5.6764725685e-02,5.8886543175e-02,5.7164453504e-02,5.5401964634e-02,5.3479505490e-02
2230,22.3000,6.2861369951e-02,6.0929446798e-02,5.8959829513e-02,5.6819491706e-02,5.8941309196e-02,5.7219219526e-02,5.5456730656e-02,5.3534271510e-02
2231,22.3100,6.2916135972e-02,6.0984212820e-02,5.9014595535e-02,5.6874257726e-02,5.8996075217e-02,5.7273985547e-02,5.5511496677e-02,5.3589037531e-02
2232,22.3200,6.2970901993e-02,6.1038978842e-02,5.9069361556e-02,5.6929023747e-02,5.9050841238e-02,5.7328751569e-02,5.5566262699e-02,5.3643803552e-02
2233,22.3300,6.3025668014e-02,6.1093744863e-02,5.9124127578e-02,5.6983789768e-02,5.9105607259e-02,5.7383517590e-02,5.5621028721e-02,5.3698569573e-02
2234,22.3400,6.3080434035e-02,6.1148510885e-02,5.9178893599e-02,5.7038555788e-02,5.9160373280e-02,5.7438283612e-02,5.5675794742e-02,5.3753335594e-02
2235,22.3500,6.3135200055e-02,6.1203276907e-02,5.9233659621e-02,5.7093321809e-02,5.9215139301e-02,5.7493049633e-02,5.5730560764e-02,5.3808101615e-02
2236,22.3600,6.3189966076e-02,6.1258042929e-02,5.9288425642e-02,5.7148087830e-02,5.9269905322e-02,5.7547815655e-02,5.5785326785e-02,5.3862867636e-02
2237,22.3700,6.3244732097e-02,6.1312808951e-02,5.9343191664e-02,5.7202853850e-02,5.9324671343e-02,5.7602581676e-02,5.5840092807e-02,5.3917633657e-02
2238,22.3800,6.3299498118e-02,6.1367574972e-02,5.9397957686e-02,5.7257619871e-02,5.9379437364e-02,5.7657347698e-02,5.5894858829e-02,5.3972399678e-02
2239,22.3900,6.3354264139e-02,6.1422340994e-02,5.9452723707e-02,5.7312385892e-02,5.9434203385e-02,5.7712113719e-02,5.5949624850e-02,5.4027165699e-02
2240,22.4000,6.3409030160e-02,6.1477107016e-02,5.9507489729e-02,5.7367151912e-02,5.9488969406e-02,5.7766879741e-02,5.6004390872e-02,5.4081931720e-02
2241,22.4100,6.3463796181e-02,6.1531873038e-02,5.9562255750e-02,5.7421917933e-02,5.9543735427e-02,5.7821645762e-02,5.6059156893e-02,5.4136697741e-02
2242,22.4200,6.3518562202e-02,6.1586639059e-02,5.9617021772e-02,5.7476683954e-02,5.9598501448e-02,5.7876411783e-02,5.6113922915e-02,5.4191463762e-02
2243,22.4300,6.3573328222e-02,6.1641405081e-02,5.9671787793e-02,5.7531449974e-02,5.9653267469e-02,5.7931177805e-02,5.6168688937e-02,5.4246229783e-02
2244,22.4400,6.3628094243e-02,6.1696171103e-02,5.9726553815e-02,5.7586215995e-02,5.9708033490e-02,5.7985943826e-02,5.6223454958e-02,5.4300995804e-02
2245,22.4500,6.3682860264e-02,6.1750937125e-02,5.9781319836e-02,5.7640982016e-02,5.9762799511e-02,5.8040709848e-02,5.6278220980e-02,5.4355761825e-02
2246,22.4600,6.3737626285e-02,6.1805703147e-02,5.9836085858e-02,5.7695748036e-02,5.9817565532e-02,5.8095475869e-02,5.6332987001e-02,5.4410527845e-02
2247,22.4700,6.3792392306e-02,6.1860469168e-02,5.9890851880e-02,5.7750514057e-02,5.9872331553e-02,5.8150241891e-02,5.6387753023e-02,5.4465293866e-02
2248,22.4800,6.3847158327e-02,6.1915235190e-02,5.9945617901e-02,5.7805280078e-02,5.9927097574e-02,5.8205007912e-02,5.6442519045e-02,5.4520059887e-02
2249,22.4900,6.3901924348e-02,6.1970001212e-02,6.0000383923e-02,5.7860046098e-02,5.9981863595e-02,5.8259773934e-02,5.6497285066e-02,5.4574825908e-02
2250,22.5000,6.3956690369e-02,6.2024767234e-02,6.0055149944e-02,5.7914812119e-02,6.0036629616e-02,5.8314539955e-02,5.6552051088e-02,5.4629591929e-02
2251,22.5100,6.4011456390e-02,6.2079533255e-02,6.0109915966e-02,5.7969578139e-02,6.0091395637e-02,5.8369305977e-02,5.6606817109e-02,5.4684357950e-02
2252,22.5200,6.4066222410e-02,6.2134299277e-02,6.0164681987e-02,5.8024344160e-02,6.0146161658e-02,5.8424071998e-02,5.6661583131e-02,5.4739123971e-02
2253,22.5300,6.4120988431e-02,6.2189065299e-02,6.0219448009e-02,5.8079110181e-02,6.0200927679e-02,5.8478838019e-02,5.6716349153e-02,5.4793889992e-02
2254,22.5400,6.4175754452e-02,6.2243831321e-02,6.0274214030e-02,5.8133876201e-02,6.0255693700e-02,5.8533604041e-02,5.6771115174e-02,5.4848656013e-02
2255,22.5500,6.4230520473e-02,6.2298597343e-02,6.0328980052e-02,5.8188642222e-02,6.0310459721e-02,5.8588370062e-02,5.6825881196e-02,5.4903422034e-02
2256,22.5600,6.4285286494e-02,6.2353363364e-02,6.0383746073e-02,5.8243408243e-02,6.0365225742e-02,5.8643136084e-02,5.6880647217e-02,5.4958188055e-02
2257,22.5700,6.4340052515e-02,6.2408129386e-02,6.0438512095e-02,5.8298174263e-02,6.0419991763e-02,5.8697902105e-02,5.6935413239e-02,5.5012954076e-02
2258,22.5800,6.4394818536e-02,6.2462895408e-02,6.0493278117e-02,5.8352940284e-02,6.0474757784e-02,5.8752668127e-02,5.6990179260e-02,5.5067720097e-02
2259,22.5900,6.4449584557e-02,6.2517661430e-02,6.0548044138e-02,5.8407706304e-02,6.0529523805e-02,5.8807434148e-02,5.7044945282e-02,5.5122486118e-02
2260,22.6000,6.4504350578e-02,6.2572427451e-02,6.0602810160e-02,5.8462472325e-02,6.0584289826e-02,5.8862200170e-02,5.7099711304e-02,5.5177252139e-02
2261,22.6100,6.4559116598e-02,6.2627193473e-02,6.0657576181e-02,5.8517238346e-02,6.0639055847e-02,5.8916966191e-02,5.7154477325e-02,5.5232018160e-02
2262,22.6200,6.4613882619e-02,6.2681959495e-02,6.0712342203e-02,5.8572004366e-02,6.0693821868e-02,5.8971732212e-02,5.7209243347e-02,5.5286784181e-02
2263,22.6300,6.4668648640e-02,6.2736725517e-02,6.0767108224e-02,5.8626770387e-02,6.0748587889e-02,5.9026498234e-02,5.7264009368e-02,5.5341550201e-02
2264,22.6400,6.4723414661e-02,6.2791491538e-02,6.0821874246e-02,5.8681536407e-02,6.0803353910e-02,5.9081264255e-02,5.7318775390e-02,5.5396316222e-02
2265,22.6500,6.4778180682e-02,6.2846257560e-02,6.0876640267e-02,5.8736302428e-02,6.0858119931e-02,5.9136030277e-02,5.7373541411e-02,5.5451082243e-02
2266,22.6600,6.4832946703e-02,6.2901023582e-02,6.0931406289e-02,5.8791068449e-02,6.0912885952e-02,5.9190796298e-02,5.7428307433e-02,5.5505848264e-02
2267,22.6700,6.4887712724e-02,6.2955789604e-02,6.0986172310e-02,5.8845834469e-02,6.0967651973e-02,5.9245562319e-02,5.7483073455e-02,5.5560614285e-02
2268,22.6800,6.4942478745e-02,6.3010555625e-02,6.1040938332e-02,5.8900600490e-02,6.1022417994e-02,5.9300328341e-02,5.7537839476e-02,5.5615380306e-02
2269,22.6900,6.4997244765e-02,6.3065321647e-02,6.1095704353e-02,5.8955366511e-02,6.1077184015e-02,5.9355094362e-02,5.7592605498e-02,5.5670146327e-02
2270,22.7000,6.5052010786e-02,6.3120087669e-02,6.1150470375e-02,5.9010132531e-02,6.1131950037e-02,5.9409860384e-02,5.7647371519e-02,5.5724912348e-02
2271,22.7100,6.5106776807e-02,6.3174853691e-02,6.1205236396e-02,5.9064898552e-02,6.1186716058e-02,5.9464626405e-02,5.7702137541e-02,5.5779678369e-02
2272,22.7200,6.5161542828e-02,6.3229619712e-02,6.1260002418e-02,5.9119664572e-02,6.1241482079e-02,5.9519392426e-02,5.7756903562e-02,5.5834444390e-02
2273,22.7300,6.5216308849e-02,6.3284385734e-02,6.1314768439e-02,5.9174430593e-02,6.1296248100e-02,5.9574158448e-02,5.7811669584e-02,5.5889210411e-02
2274,22.7400,6.5271074870e-02,6.3339151756e-02,6.1369534461e-02,5.9229196614e-02,6.1351014121e-02,5.9628924469e-02,5.7866435605e-02,5.5943976432e-02
2275,22.7500,6.5325840891e-02,6.3393917778e-02,6.1424300482e-02,5.9283962634e-02,6.1405780142e-02,5.9683690491e-02,5.7921201627e-02,5.5998742453e-02
2276,22.7600,6.5380606912e-02,6.3448683799e-02,6.1479066504e-02,5.9338728655e-02,6.1460546163e-02,5.9738456512e-02,5.7975967649e-02,5.6053508474e-02
2277,22.7700,6.5435372933e-02,6.3503449821e-02,6.1533832525e-02,5.9393494675e-02,6.1515312184e-02,5.9793222533e-02,5.8030733670e-02,5.6108274495e-02
2278,22.7800,6.5490139154e-02,6.3558216390e-02,6.1588598773e-02,5.9448260642e-02,6.1570078020e-02,5.9847988943e-02,5.8085500306e-02,5.6163040714e-02
2279,22.7900,6.5544905174e-02,6.3612982412e-02,6.1643364795e-02,5.9503026662e-02,6.1624844042e-02,5.9902754964e-02,5.8140266327e-02,5.6217806735e-02
2280,22.8000,6.5599671195e-02,6.3667748433e-02,6.1698130816e-02,5.9557792682e-02,6.1679610063e-02,5.9957520985e-02,5.8195032348e-02,5.6272572756e-02
2281,22.8100,6.5654437216e-02,6.3722514455e-02,6.1752896838e-02,5.9612558702e-02,6.1734376085e-02,6.0012287006e-02,5.8249798369e-02,5.6327338777e-02
2282,22.8200,6.5709203236e-02,6.3777280476e-02,6.1807662860e-02,5.9667324722e-02,6.1789142107e-02,6.0067053027e-02,5.8304564390e-02,5.6382104798e-02
2283,22.8300,6.5763969257e-02,6.3832046498e-02,6.1862428881e-02,5.9722090743e-02,6.1843908129e-02,6.0121819048e-02,5.8359330411e-02,5.6436870819e-02
2284,22.8400,6.5818735278e-02,6.3886812519e-02,6.1917194903e-02,5.9776856763e-02,6.1898674151e-02,6.0176585069e-02,5.8414096433e-02,5.6491636840e-02
2285,22.8500,6.5873501298e-02,6.3941578541e-02,6.1971960924e-02,5.9831622783e-02,6.1953440173e-02,6.0231351090e-02,5.8468862454e-02,5.6546402860e-02
2286,22.8600,6.5928267319e-02,6.3996344562e-02,6.2026726946e-02,5.9886388803e-02,6.2008206195e-02,6.0286117111e-02,5.8523628475e-02,5.6601168881e-02
2287,22.8700,6.5983033340e-02,6.4051110583e-02,6.2081492967e-02,5.9941154823e-02,6.2062972216e-02,6.0340883132e-02,5.8578394496e-02,5.6655934902e-02
2288,22.8800,6.6037799360e-02,6.4105876605e-02,6.2136258989e-02,5.9995920844e-02,6.2117738238e-02,6.0395649153e-02,5.8633160517e-02,5.6710700923e-02
2289,22.8900,6.6092565381e-02,6.4160642626e-02,6.2191025010e-02,6.0050686864e-02,6.2172504260e-02,6.0450415174e-02,5.8687926538e-02,5.6765466944e-02
2290,22.9000,6.6147331401e-02,6.4215408648e-02,6.2245791032e-02,6.0105452884e-02,6.2227270282e-02,6.0505181195e-02,5.8742692559e-02,5.6820232965e-02
2291,22.9100,6.6202097422e-02,6.4270174669e-02,6.2300557053e-02,6.0160218904e-02,6.2282036304e-02,6.0559947216e-02,5.8797458580e-02,5.6874998986e-02
2292,22.9200,6.6256863443e-02,6.4324940690e-02,6.2355323075e-02,6.0214984924e-02,6.2336802326e-02,6.0614713237e-02,5.8852224601e-02,5.6929765007e-02
2293,22.9300,6.6311629463e-02,6.4379706712e-02,6.2410089096e-02,6.0269750945e-02,6.2391568348e-02,6.0669479258e-02,5.8906990622e-02,5.6984531027e-02
2294,22.9400,6.6366395484e-02,6.4434472733e-02,6.2464855118e-02,6.0324516965e-02,6.2446334370e-02,6.0724245278e-02,5.8961756643e-02,5.7039297048e-02
2295,22.9500,6.6421161505e-02,6.4489238754e-02,6.2519621139e-02,6.0379282985e-02,6.2501100392e-02,6.0779011299e-02,5.9016522664e-02,5.7094063069e-02
2296,22.9600,6.6475927525e-02,6.4544004776e-02,6.2574387161e-02,6.0434049005e-02,6.2555866414e-02,6.0833777320e-02,5.9071288685e-02,5.7148829090e-02
2297,22.9700,6.6530693546e-02,6.4598770797e-02,6.2629153182e-02,6.0488815025e-02,6.2610632435e-02,6.0888543341e-02,5.9126054706e-02,5.7203595111e-02
2298,22.9800,6.6585459566e-02,6.4653536818e-02,6.2683919204e-02,6.0543581045e-02,6.2665398457e-02,6.0943309362e-02,5.9180820727e-02,5.7258361132e-02
2299,22.9900,6.6640225587e-02,6.4708302840e-02,6.2738685225e-02,6.0598347066e-02,6.2720164479e-02,6.0998075383e-02,5.9235586748e-02,5.7313127153e-02
2300,23.0000,6.6694991608e-02,6.4763068861e-02,6.2793451247e-02,6.0653113086e-02,6.2774930501e-02,6.1052841404e-02,5.9290352769e-02,5.7367893173e-02
2301,23.0100,6.6749757628e-02,6.4817834882e-02,6.2848217268e-02,6.0707879106e-02,6.2829696523e-02,6.1107607424e-02,5.9345118790e-02,5.7422659194e-02
2302,23.0200,6.6804523649e-02,6.4872600904e-02,6.2902983290e-02,6.0762645126e-02,6.2884462545e-02,6.1162373445e-02,5.9399884811e-02,5.7477425215e-02
2303,23.0300,6.6859289670e-02,6.4927366925e-02,6.2957749311e-02,6.0817411146e-02,6.2939228567e-02,6.1217139466e-02,5.9454650832e-02,5.7532191236e-02
2304,23.0400,6.6914055690e-02,6.4982132946e-02,6.3012515332e-02,6.0872177166e-02,6.2993994589e-02,6.1271905487e-02,5.9509416853e-02,5.7586957257e-02
2305,23.0500,6.6968821711e-02,6.5036898967e-02,6.3067281354e-02,6.0926943187e-02,6.3048760611e-02,6.1326671508e-02,5.9564182874e-02,5.7641723278e-02
2306,23.0600,6.7023587731e-02,6.5091664989e-02,6.3122047375e-02,6.0981709207e-02,6.3103526633e-02,6.1381437528e-02,5.9618948894e-02,5.7696489298e-02
2307,23.0700,6.7078353752e-02,6.5146431010e-02,6.3176813397e-02,6.1036475227e-02,6.3158292655e-02,6.1436203549e-02,5.9673714915e-02,5.7751255319e-02
2308,23.0800,6.7133119773e-02,6.5201197031e-02,6.3231579418e-02,6.1091241247e-02,6.3213058677e-02,6.1490969570e-02,5.9728480936e-02,5.7806021340e-02
2309,23.0900,6.7187885793e-02,6.5255963052e-02,6.3286345439e-02,6.1146007267e-02,6.3267824699e-02,6.1545735591e-02,5.9783246957e-02,5.7860787361e-02
2310,23.1000,6.7242651814e-02,6.5310729074e-02,6.3341111461e-02,6.1200773287e-02,6.3322590721e-02,6.1600501611e-02,5.9838012978e-02,5.7915553382e-02
2311,23.1100,6.7297417834e-02,6.5365495095e-02,6.3395877482e-02,6.1255539308e-02,6.3377356743e-02,6.1655267632e-02,5.9892778999e-02,5.7970319403e-02
2312,23.1200,6.7352183855e-02,6.5420261116e-02,6.3450643503e-02,6.1310305328e-02,6.3432122765e-02,6.1710033653e-02,5.9947545020e-02,5.8025085423e-02
2313,23.1300,6.7406949876e-02,6.5475027137e-02,6.3505409525e-02,6.1365071348e-02,6.3486888787e-02,6.1764799673e-02,6.0002311040e-02,5.8079851444e-02
2314,23.1400,6.7461715896e-02,6.5529793158e-02,6.3560175546e-02,6.1419837368e-02,6.3541654809e-02,6.1819565694e-02,6.0057077061e-02,5.8134617465e-02
2315,23.1500,6.7516481917e-02,6.5584559179e-02,6.3614941567e-02,6.1474603388e-02,6.3596420830e-02,6.1874331715e-02,6.0111843082e-02,5.8189383486e-02
2316,23.1600,6.7571247937e-02,6.5639325201e-02,6.3669707589e-02,6.1529369408e-02,6.3651186852e-02,6.1929097735e-02,6.0166609103e-02,5.8244149507e-02
2317,23.1700,6.7626013958e-02,6.5694091222e-02,6.3724473610e-02,6.1584135428e-02,6.3705952874e-02,6.1983863756e-02,6.0221375123e-02,5.8298915527e-02
2318,23.1800,6.7680779979e-02,6.5748857243e-02,6.3779239631e-02,6.1638901449e-02,6.3760718896e-02,6.2038629777e-02,6.0276141144e-02,5.8353681548e-02
2319,23.1900,6.7735545999e-02,6.5803623264e-02,6.3834005652e-02,6.1693667469e-02,6.3815484918e-02,6.2093395797e-02,6.0330907165e-02,5.8408447569e-02
2320,23.2000,6.7790312020e-02,6.5858389285e-02,6.3888771674e-02,6.1748433489e-02,6.3870250940e-02,6.2148161818e-02,6.0385673186e-02,5.8463213590e-02
2321,23.2100,6.7845078040e-02,6.5913155306e-02,6.3943537695e-02,6.1803199509e-02,6.3925016962e-02,6.2202927838e-02,6.0440439206e-02,5.8517979611e-02
2322,23.2200,6.7899844061e-02,6.5967921327e-02,6.3998303716e-02,6.1857965529e-02,6.3979782984e-02,6.2257693859e-02,6.0495205227e-02,5.8572745631e-02
2323,23.2300,6.7954610082e-02,6.6022687348e-02,6.4053069737e-02,6.1912731549e-02,6.4034549006e-02,6.2312459880e-02,6.0549971248e-02,5.8627511652e-02
2324,23.2400,6.8009376102e-02,6.6077453369e-02,6.4107835759e-02,6.1967497569e-02,6.4089315028e-02,6.2367225900e-02,6.0604737268e-02,5.8682277673e-02
2325,23.2500,6.8064142123e-02,6.6132219390e-02,6.4162601780e-02,6.2022263590e-02,6.4144081050e-02,6.2421991921e-02,6.0659503289e-02,5.8737043694e-02
2326,23.2600,6.8118908143e-02,6.6186985411e-02,6.4217367801e-02,6.2077029610e-02,6.4198847072e-02,6.2476757941e-02,6.0714269310e-02,5.8791809715e-02
2327,23.2700,6.8173674164e-02,6.6241751433e-02,6.4272133822e-02,6.2131795630e-02,6.4253613094e-02,6.2531523962e-02,6.0769035330e-02,5.8846575735e-02
2328,23.2800,6.8228440185e-02,6.6296517454e-02,6.4326899843e-02,6.2186561650e-02,6.4308379116e-02,6.2586289982e-02,6.0823801351e-02,5.8901341756e-02
2329,23.2900,6.8283206205e-02,6.6351283475e-02,6.4381665865e-02,6.2241327670e-02,6.4363145138e-02,6.2641056003e-02,6.0878567372e-02,5.8956107777e-02
2330,23.3000,6.8337972226e-02,6.6406049496e-02,6.4436431886e-02,6.2296093690e-02,6.4417911160e-02,6.2695822023e-02,6.0933333392e-02,5.9010873798e-02
2331,23.3100,6.8392738246e-02,6.6460815517e-02,6.4491197907e-02,6.2350859710e-02,6.4472677182e-02,6.2750588044e-02,6.0988099413e-02,5.9065639819e-02
2332,23.3200,6.8447504267e-02,6.6515581538e-02,6.4545963928e-02,6.2405625730e-02,6.4527443204e-02,6.2805354064e-02,6.1042865433e-02,5.9120405839e-02
2333,23.3300,6.8502270287e-02,6.6570347558e-02,6.4600729949e-02,6.2460391751e-02,6.4582209226e-02,6.2860120085e-02,6.1097631454e-02,5.9175171860e-02
2334,23.3400,6.8557036308e-02,6.6625113579e-02,6.4655495970e-02,6.2515157771e-02,6.4636975248e-02,6.2914886105e-02,6.1152397475e-02,5.9229937881e-02
2335,23.3500,6.8611802329e-02,6.6679879600e-02,6.4710261991e-02,6.2569923791e-02,6.4691741270e-02,6.2969652126e-02,6.1207163495e-02,5.9284703902e-02
2336,23.3600,6.8666568349e-02,6.6734645621e-02,6.4765028013e-02,6.2624689811e-02,6.4746507293e-02,6.3024418146e-02,6.1261929516e-02,5.9339469922e-02
2337,23.3700,6.8721334370e-02,6.6789411642e-02,6.4819794034e-02,6.2679455831e-02,6.4801273315e-02,6.3079184167e-02,6.1316695536e-02,5.9394235943e-02
2338,23.3800,6.8776100390e-02,6.6844177663e-02,6.4874560055e-02,6.2734221851e-02,6.4856039337e-02,6.3133950187e-02,6.1371461557e-02,5.9449001964e-02
2339,23.3900,6.8830866411e-02,6.6898943684e-02,6.4929326076e-02,6.2788987871e-02,6.4910805359e-02,6.3188716207e-02,6.1426227577e-02,5.9503767985e-02
2340,23.4000,6.8885632431e-02,6.6953709705e-02,6.4984092097e-02,6.2843753891e-02,6.4965571381e-02,6.3243482228e-02,6.1480993598e-02,5.9558534005e-02
2341,23.4100,6.8940398452e-02,6.7008475726e-02,6.5038858118e-02,6.2898519911e-02,6.5020337403e-02,6.3298248248e-02,6.1535759618e-02,5.9613300026e-02
2342,23.4200,6.8995164473e-02,6.7063241747e-02,6.5093624139e-02,6.2953285932e-02,6.5075103425e-02,6.3353014269e-02,6.1590525639e-02,5.9668066047e-02
2343,23.4300,6.9049930493e-02,6.7118007768e-02,6.5148390160e-02,6.3008051952e-02,6.5129869447e-02,6.3407780289e-02,6.1645291659e-02,5.9722832068e-02
2344,23.4400,6.9104696514e-02,6.7172773788e-02,6.5203156181e-02,6.3062817972e-02,6.5184635469e-02,6.3462546309e-02,6.1700057679e-02,5.9777598088e-02
2345,23.4500,6.9159462534e-02,6.7227539809e-02,6.5257922202e-02,6.3117583992e-02,6.5239401491e-02,6.3517312330e-02,6.1754823700e-02,5.9832364109e-02
2346,23.4600,6.9214228555e-02,6.7282305830e-02,6.5312688223e-02,6.3172350012e-02,6.5294167513e-02,6.3572078350e-02,6.1809589720e-02,5.9887130130e-02
2347,23.4700,6.9268994575e-02,6.7337071851e-02,6.5367454244e-02,6.3227116032e-02,6.5348933535e-02,6.3626844370e-02,6.1864355741e-02,5.9941896151e-02
2348,23.4800,6.9323760596e-02,6.7391837872e-02,6.5422220265e-02,6.3281882052e-02,6.5403699557e-02,6.3681610390e-02,6.1919121761e-02,5.9996662171e-02
2349,23.4900,6.9378526616e-02,6.7446603892e-02,6.5476986286e-02,6.3336648072e-02,6.5458465579e-02,6.3736376411e-02,6.1973887781e-02,6.0051428192e-02
2350,23.5000,6.9433292637e-02,6.7501369913e-02,6.5531752307e-02,6.3391414092e-02,6.5513231601e-02,6.3791142431e-02,6.2028653802e-02,6.0106194213e-02
2351,23.5100,6.9488058658e-02,6.7556135934e-02,6.5586518328e-02,6.3446180112e-02,6.5567997623e-02,6.3845908451e-02,6.2083419822e-02,6.0160960234e-02
2352,23.5200,6.9542824678e-02,6.7610901955e-02,6.5641284349e-02,6.3500946133e-02,6.5622763645e-02,6.3900674472e-02,6.2138185842e-02,6.0215726254e-02
2353,23.5300,6.9597590699e-02,6.7665667975e-02,6.5696050370e-02,6.3555712153e-02,6.5677529667e-02,6.3955440492e-02,6.2192951863e-02,6.0270492275e-02
2354,23.5400,6.9652356719e-02,6.7720433996e-02,6.5750816391e-02,6.3610478173e-02,6.5732295690e-02,6.4010206512e-02,6.2247717883e-02,6.0325258296e-02
2355,23.5500,6.9707122740e-02,6.7775200017e-02,6.5805582412e-02,6.3665244193e-02,6.5787061712e-02,6.4064972532e-02,6.2302483903e-02,6.0380024317e-02
2356,23.5600,6.9761888760e-02,6.7829966038e-02,6.5860348433e-02,6.3720010213e-02,6.5841827734e-02,6.4119738552e-02,6.2357249924e-02,6.0434790337e-02
2357,23.5700,6.9816654781e-02,6.7884732058e-02,6.5915114453e-02,6.3774776233e-02,6.5896593756e-02,6.4174504572e-02,6.2412015944e-02,6.0489556358e-02
2358,23.5800,6.9871420801e-02,6.7939498079e-02,6.5969880474e-02,6.3829542253e-02,6.5951359778e-02,6.4229270593e-02,6.2466781964e-02,6.0544322379e-02
2359,23.5900,6.9926186822e-02,6.7994264100e-02,6.6024646495e-02,6.3884308273e-02,6.6006125800e-02,6.4284036613e-02,6.2521547984e-02,6.0599088399e-02
2360,23.6000,6.9980952843e-02,6.8049030120e-02,6.6079412516e-02,6.3939074293e-02,6.6060891822e-02,6.4338802633e-02,6.2576314005e-02,6.0653854420e-02
2361,23.6100,7.0035718863e-02,6.8103796141e-02,6.6134178537e-02,6.3993840313e-02,6.6115657844e-02,6.4393568653e-02,6.2631080025e-02,6.0708620441e-02
2362,23.6200,7.0090484884e-02,6.8158562162e-02,6.6188944558e-02,6.4048606333e-02,6.6170423866e-02,6.4448334673e-02,6.2685846045e-02,6.0763386462e-02
2363,23.6300,7.0145250904e-02,6.8213328182e-02,6.6243710578e-02,6.4103372353e-02,6.6225189888e-02,6.4503100693e-02,6.2740612065e-02,6.0818152482e-02
2364,23.6400,7.0200016925e-02,6.8268094203e-02,6.6298476599e-02,6.4158138374e-02,6.6279955910e-02,6.4557866713e-02,6.2795378085e-02,6.0872918503e-02
2365,23.6500,7.0254782945e-02,6.8322860223e-02,6.6353242620e-02,6.4212904394e-02,6.6334721932e-02,6.4612632733e-02,6.2850144105e-02,6.0927684524e-02
2366,23.6600,7.0309548966e-02,6.8377626244e-02,6.6408008641e-02,6.4267670414e-02,6.6389487955e-02,6.4667398753e-02,6.2904910126e-02,6.0982450544e-02
2367,23.6700,7.0364314986e-02,6.8432392264e-02,6.6462774662e-02,6.4322436434e-02,6.6444253977e-02,6.4722164774e-02,6.2959676146e-02,6.1037216565e-02
2368,23.6800,7.0419081007e-02,6.8487158285e-02,6.6517540682e-02,6.4377202454e-02,6.6499019999e-02,6.4776930794e-02,6.3014442166e-02,6.1091982586e-02
2369,23.6900,7.0473847027e-02,6.8541924306e-02,6.6572306703e-02,6.4431968474e-02,6.6553786021e-02,6.4831696814e-02,6.3069208186e-02,6.1146748606e-02
2370,23.7000,7.0528613048e-02,6.8596690326e-02,6.6627072724e-02,6.4486734494e-02,6.6608552043e-02,6.4886462834e-02,6.3123974206e-02,6.1201514627e-02
2371,23.7100,7.0583379069e-02,6.8651456347e-02,6.6681838744e-02,6.4541500514e-02,6.6663318065e-02,6.4941228854e-02,6.3178740226e-02,6.1256280648e-02
2372,23.7200,7.0638145089e-02,6.8706222367e-02,6.6736604765e-02,6.4596266534e-02,6.6718084087e-02,6.4995994873e-02,6.3233506246e-02,6.1311046668e-02
2373,23.7300,7.0692911110e-02,6.8760988388e-02,6.6791370786e-02,6.4651032554e-02,6.6772850109e-02,6.5050760893e-02,6.3288272266e-02,6.1365812689e-02
2374,23.7400,7.0747677130e-02,6.8815754408e-02,6.6846136806e-02,6.4705798574e-02,6.6827616131e-02,6.5105526913e-02,6.3343038286e-02,6.1420578710e-02
2375,23.7500,7.0802443151e-02,6.8870520428e-02,6.6900902827e-02,6.4760564594e-02,6.6882382154e-02,6.5160292933e-02,6.3397804306e-02,6.1475344730e-02
2376,23.7600,7.0857209171e-02,6.8925286449e-02,6.6955668848e-02,6.4815330614e-02,6.6937148176e-02,6.5215058953e-02,6.3452570326e-02,6.1530110751e-02
2377,23.7700,7.0911975192e-02,6.8980052469e-02,6.7010434868e-02,6.4870096634e-02,6.6991914198e-02,6.5269824973e-02,6.3507336346e-02,6.1584876772e-02
2378,23.7800,7.0966741212e-02,6.9034818490e-02,6.7065200889e-02,6.4924862654e-02,6.7046680220e-02,6.5324590993e-02,6.3562102366e-02,6.1639642792e-02
2379,23.7900,7.1021507233e-02,6.9089584510e-02,6.7119966910e-02,6.4979628674e-02,6.7101446242e-02,6.5379357013e-02,6.3616868386e-02,6.1694408813e-02
2380,23.8000,7.1076273253e-02,6.9144350531e-02,6.7174732930e-02,6.5034394694e-02,6.7156212264e-02,6.5434123033e-02,6.3671634406e-02,6.1749174834e-02
2381,23.8100,7.1131039274e-02,6.9199116551e-02,6.7229498951e-02,6.5089160715e-02,6.7210978286e-02,6.5488889053e-02,6.3726400426e-02,6.1803940854e-02
2382,23.8200,7.1185805294e-02,6.9253882571e-02,6.7284264971e-02,6.5143926735e-02,6.7265744308e-02,6.5543655072e-02,6.3781166445e-02,6.1858706875e-02
2383,23.8300,7.1240571315e-02,6.9308648592e-02,6.7339030992e-02,6.5198692755e-02,6.7320510331e-02,6.5598421092e-02,6.3835932465e-02,6.1913472896e-02
2384,23.8400,7.1295337335e-02,6.9363414612e-02,6.7393797012e-02,6.5253458775e-02,6.7375276353e-02,6.5653187112e-02,6.3890698485e-02,6.1968238916e-02
2385,23.8500,7.1350103356e-02,6.9418180632e-02,6.7448563033e-02,6.5308224795e-02,6.7430042375e-02,6.5707953132e-02,6.3945464505e-02,6.2023004937e-02
2386,23.8600,7.1404869376e-02,6.9472946653e-02,6.7503329054e-02,6.5362990815e-02,6.7484808397e-02,6.5762719152e-02,6.4000230525e-02,6.2077770957e-02
2387,23.8700,7.1459635397e-02,6.9527712673e-02,6.7558095074e-02,6.5417756835e-02,6.7539574419e-02,6.5817485171e-02,6.4054996545e-02,6.2132536978e-02
2388,23.8800,7.1514401418e-02,6.9582478693e-02,6.7612861095e-02,6.5472522855e-02,6.7594340441e-02,6.5872251191e-02,6.4109762564e-02,6.2187302999e-02
2389,23.8900,7.1569167438e-02,6.9637244713e-02,6.7667627115e-02,6.5527288875e-02,6.7649106463e-02,6.5927017211e-02,6.4164528584e-02,6.2242069019e-02
2390,23.9000,7.1623933459e-02,6.9692010734e-02,6.7722393135e-02,6.5582054895e-02,6.7703872486e-02,6.5981783231e-02,6.4219294604e-02,6.2296835040e-02
2391,23.9100,7.1678699477e-02,6.9746776751e-02,6.7777159152e-02,6.5636820911e-02,6.7758638504e-02,6.6036549246e-02,6.4274060619e-02,6.2351601056e-02
2392,23.9200,7.1733465497e-02,6.9801542771e-02,6.7831925173e-02,6.5691586931e-02,6.7813404527e-02,6.6091315266e-02,6.4328826639e-02,6.2406367076e-02
2393,23.9300,7.1788231518e-02,6.9856308791e-02,6.7886691193e-02,6.5746352951e-02,6.7868170549e-02,6.6146081286e-02,6.4383592659e-02,6.2461133097e-02
2394,23.9400,7.1842997538e-02,6.9911074812e-02,6.7941457214e-02,6.5801118971e-02,6.7922936571e-02,6.6200847305e-02,6.4438358678e-02,6.2515899118e-02
2395,23.9500,7.1897763559e-02,6.9965840832e-02,6.7996223234e-02,6.5855884991e-02,6.7977702593e-02,6.6255613325e-02,6.4493124698e-02,6.2570665138e-02
2396,23.9600,7.1952529579e-02,7.0020606852e-02,6.8050989254e-02,6.5910651011e-02,6.8032468615e-02,6.6310379345e-02,6.4547890718e-02,6.2625431159e-02
2397,23.9700,7.2007295600e-02,7.0075372872e-02,6.8105755275e-02,6.5965417031e-02,6.8087234637e-02,6.6365145364e-02,6.4602656737e-02,6.2680197179e-02
2398,23.9800,7.2062061620e-02,7.0130138892e-02,6.8160521295e-02,6.6020183051e-02,6.8142000659e-02,6.6419911384e-02,6.4657422757e-02,6.2734963200e-02
2399,23.9900,7.2116827641e-02,7.0184904912e-02,6.8215287315e-02,6.6074949071e-02,6.8196766682e-02,6.6474677403e-02,6.4712188777e-02,6.2789729221e-02
2400,24.0000,7.2171593661e-02,7.0239670932e-02,6.8270053336e-02,6.6129715091e-02,6.8251532704e-02,6.6529443423e-02,6.4766954796e-02,6.2844495241e-02
2401,24.0100,7.2226359682e-02,7.0294436952e-02,6.8324819356e-02,6.6184481111e-02,6.8306298726e-02,6.6584209442e-02,6.4821720816e-02,6.2899261262e-02
2402,24.0200,7.2281125703e-02,7.0349202973e-02,6.8379585376e-02,6.6239247132e-02,6.8361064748e-02,6.6638975462e-02,6.4876486835e-02,6.2954027282e-02
2403,24.0300,7.2335891723e-02,7.0403968993e-02,6.8434351397e-02,6.6294013152e-02,6.8415830770e-02,6.6693741482e-02,6.4931252855e-02,6.3008793303e-02
2404,24.0400,7.2390657744e-02,7.0458735013e-02,6.8489117417e-02,6.6348779172e-02,6.8470596792e-02,6.6748507501e-02,6.4986018874e-02,6.3063559324e-02
2405,24.0500,7.2445423764e-02,7.0513501033e-02,6.8543883437e-02,6.6403545192e-02,6.8525362815e-02,6.6803273520e-02,6.5040784894e-02,6.3118325344e-02
2406,24.0600,7.2500189785e-02,7.0568267053e-02,6.8598649457e-02,6.6458311212e-02,6.8580128837e-02,6.6858039540e-02,6.5095550913e-02,6.3173091365e-02
2407,24.0700,7.2554955805e-02,7.0623033073e-02,6.8653415478e-02,6.6513077232e-02,6.8634894859e-02,6.6912805559e-02,6.5150316933e-02,6.3227857385e-02
2408,24.0800,7.2609721826e-02,7.0677799093e-02,6.8708181498e-02,6.6567843252e-02,6.8689660881e-02,6.6967571579e-02,6.5205082952e-02,6.3282623406e-02
2409,24.0900,7.2664487846e-02,7.0732565113e-02,6.8762947518e-02,6.6622609272e-02,6.8744426903e-02,6.7022337598e-02,6.5259848972e-02,6.3337389426e-02
2410,24.1000,7.2719253867e-02,7.0787331133e-02,6.8817713538e-02,6.6677375292e-02,6.8799192925e-02,6.7077103618e-02,6.5314614991e-02,6.3392155447e-02
2411,24.1100,7.2774019887e-02,7.0842097153e-02,6.8872479558e-02,6.6732141312e-02,6.8853958948e-02,6.7131869637e-02,6.5369381011e-02,6.3446921467e-02
2412,24.1200,7.2828785908e-02,7.0896863173e-02,6.8927245578e-02,6.6786907332e-02,6.8908724970e-02,6.7186635656e-02,6.5424147030e-02,6.3501687488e-02
2413,24.1300,7.2883551928e-02,7.0951629192e-02,6.8982011599e-02,6.6841673352e-02,6.8963490992e-02,6.7241401676e-02,6.5478913049e-02,6.3556453509e-02
2414,24.1400,7.2938317949e-02,7.1006395212e-02,6.9036777619e-02,6.6896439372e-02,6.9018257014e-02,6.7296167695e-02,6.5533679069e-02,6.3611219529e-02
2415,24.1500,7.2993083969e-02,7.1061161232e-02,6.9091543639e-02,6.6951205392e-02,6.9073023036e-02,6.7350933714e-02,6.5588445088e-02,6.3665985550e-02
2416,24.1600,7.3047849990e-02,7.1115927252e-02,6.9146309659e-02,6.7005971412e-02,6.9127789058e-02,6.7405699734e-02,6.5643211107e-02,6.3720751570e-02
2417,24.1700,7.3102616010e-02,7.1170693272e-02,6.9201075679e-02,6.7060737432e-02,6.9182555081e-02,6.7460465753e-02,6.5697977127e-02,6.3775517591e-02
2418,24.1800,7.3157382031e-02,7.1225459292e-02,6.9255841699e-02,6.7115503452e-02,6.9237321103e-02,6.7515231772e-02,6.5752743146e-02,6.3830283611e-02
2419,24.1900,7.3212148051e-02,7.1280225312e-02,6.9310607719e-02,6.7170269472e-02,6.9292087125e-02,6.7569997792e-02,6.5807509165e-02,6.3885049632e-02
2420,24.2000,7.3266914072e-02,7.1334991331e-02,6.9365373739e-02,6.7225035492e-02,6.9346853147e-02,6.7624763811e-02,6.5862275184e-02,6.3939815652e-02
2421,24.2100,7.3321680092e-02,7.1389757351e-02,6.9420139759e-02,6.7279801512e-02,6.9401619169e-02,6.7679529830e-02,6.5917041204e-02,6.3994581673e-02
2422,24.2200,7.3376446113e-02,7.1444523371e-02,6.9474905779e-02,6.7334567532e-02,6.9456385191e-02,6.7734295849e-02,6.5971807223e-02,6.4049347693e-02
2423,24.2300,7.3431212133e-02,7.1499289391e-02,6.9529671799e-02,6.7389333552e-02,6.9511151214e-02,6.7789061868e-02,6.6026573242e-02,6.4104113714e-02
2424,24.2400,7.3485978154e-02,7.1554055411e-02,6.9584437819e-02,6.7444099572e-02,6.9565917236e-02,6.7843827888e-02,6.6081339261e-02,6.4158879734e-02
2425,24.2500,7.3540744174e-02,7.1608821430e-02,6.9639203839e-02,6.7498865592e-02,6.9620683258e-02,6.7898593907e-02,6.6136105280e-02,6.4213645755e-02
2426,24.2600,7.3595510195e-02,7.1663587450e-02,6.9693969859e-02,6.7553631612e-02,6.9675449280e-02,6.7953359926e-02,6.6190871300e-02,6.4268411775e-02
2427,24.2700,7.3650276215e-02,7.1718353470e-02,6.9748735879e-02,6.7608397632e-02,6.9730215302e-02,6.8008125945e-02,6.6245637319e-02,6.4323177796e-02
2428,24.2800,7.3705042236e-02,7.1773119489e-02,6.9803501899e-02,6.7663163652e-02,6.9784981324e-02,6.8062891964e-02,6.6300403338e-02,6.4377943816e-02
2429,24.2900,7.3759808256e-02,7.1827885509e-02,6.9858267919e-02,6.7717929672e-02,6.9839747347e-02,6.8117657983e-02,6.6355169357e-02,6.4432709837e-02
2430,24.3000,7.3814574277e-02,7.1882651529e-02,6.9913033938e-02,6.7772695692e-02,6.9894513369e-02,6.8172424002e-02,6.6409935376e-02,6.4487475857e-02
2431,24.3100,7.3869340298e-02,7.1937417548e-02,6.9967799958e-02,6.7827461712e-02,6.9949279391e-02,6.8227190021e-02,6.6464701395e-02,6.4542241878e-02
2432,24.3200,7.3924106318e-02,7.1992183568e-02,7.0022565978e-02,6.7882227732e-02,7.0004045413e-02,6.8281956040e-02,6.6519467414e-02,6.4597007898e-02
2433,24.3300,7.3978872339e-02,7.2046949588e-02,7.0077331998e-02,6.7936993752e-02,7.0058811435e-02,6.8336722060e-02,6.6574233433e-02,6.4651773919e-02
2434,24.3400,7.4033638359e-02,7.2101715607e-02,7.0132098018e-02,6.7991759772e-02,7.0113577457e-02,6.8391488079e-02,6.6628999452e-02,6.4706539939e-02
2435,24.3500,7.4088404380e-02,7.2156481627e-02,7.0186864038e-02,6.8046525792e-02,7.0168343480e-02,6.8446254098e-02,6.6683765471e-02,6.4761305960e-02
2436,24.3600,7.4143170290e-02,7.2211247613e-02,7.0241630104e-02,6.8101291638e-02,7.0223109381e-02,6.8501020389e-02,6.6738532279e-02,6.4816072432e-02
2437,24.3700,7.4197936311e-02,7.2266013632e-02,7.0296396123e-02,6.8156057658e-02,7.0277875404e-02,6.8555786407e-02,6.6793298296e-02,6.4870838452e-02
2438,24.3800,7.4252702331e-02,7.2320779650e-02,7.0351162142e-02,6.8210823678e-02,7.0332641427e-02,6.8610552425e-02,6.6848064312e-02,6.4925604471e-02
2439,24.3900,7.4307468352e-02,7.2375545669e-02,7.0405928161e-02,6.8265589698e-02,7.0387407450e-02,6.8665318442e-02,6.6902830329e-02,6.4980370491e-02
2440,24.4000,7.4362234372e-02,7.2430311688e-02,7.0460694181e-02,6.8320355718e-02,7.0442173473e-02,6.8720084460e-02,6.6957596346e-02,6.5035136510e-02
2441,24.4100,7.4417000393e-02,7.2485077707e-02,7.0515460200e-02,6.8375121738e-02,7.0496939496e-02,6.8774850478e-02,6.7012362362e-02,6.5089902530e-02
2442,24.4200,7.4471766413e-02,7.2539843726e-02,7.0570226219e-02,6.8429887758e-02,7.0551705519e-02,6.8829616495e-02,6.7067128379e-02,6.5144668549e-02
2443,24.4300,7.4526532434e-02,7.2594609745e-02,7.0624992238e-02,6.8484653778e-02,7.0606471542e-02,6.8884382513e-02,6.7121894395e-02,6.5199434568e-02
2444,24.4400,7.4581298454e-02,7.2649375763e-02,7.0679758257e-02,6.8539419798e-02,7.0661237565e-02,6.8939148531e-02,6.7176660412e-02,6.5254200588e-02
2445,24.4500,7.4636064475e-02,7.2704141782e-02,7.0734524276e-02,6.8594185818e-02,7.0716003588e-02,6.8993914548e-02,6.7231426428e-02,6.5308966607e-02
2446,24.4600,7.4690830495e-02,7.2758907801e-02,7.0789290295e-02,6.8648951838e-02,7.0770769611e-02,6.9048680566e-02,6.7286192445e-02,6.5363732627e-02
2447,24.4700,7.4745596516e-02,7.2813673820e-02,7.0844056314e-02,6.8703717858e-02,7.0825535634e-02,6.9103446583e-02,6.7340958461e-02,6.5418498646e-02
2448,24.4800,7.4800362536e-02,7.2868439838e-02,7.0898822333e-02,6.8758483878e-02,7.0880301657e-02,6.9158212601e-02,6.7395724478e-02,6.5473264665e-02
2449,24.4900,7.4855128557e-02,7.2923205857e-02,7.0953588352e-02,6.8813249899e-02,7.0935067680e-02,6.9212978618e-02,6.7450490494e-02,6.5528030685e-02
2450,24.5000,7.4909894577e-02,7.2977971876e-02,7.1008354371e-02,6.8868015919e-02,7.0989833703e-02,6.9267744636e-02,6.7505256511e-02,6.5582796704e-02
2451,24.5100,7.4964660598e-02,7.3032737894e-02,7.1063120390e-02,6.8922781939e-02,7.1044599726e-02,6.9322510653e-02,6.7560022527e-02,6.5637562724e-02
2452,24.5200,7.5019426618e-02,7.3087503913e-02,7.1117886409e-02,6.8977547959e-02,7.1099365749e-02,6.9377276671e-02,6.7614788543e-02,6.5692328743e-02
2453,24.5300,7.5074192639e-02,7.3142269932e-02,7.1172652428e-02,6.9032313979e-02,7.1154131772e-02,6.9432042688e-02,6.7669554560e-02,6.5747094762e-02
2454,24.5400,7.5128958659e-02,7.3197035950e-02,7.1227418447e-02,6.9087079999e-02,7.1208897795e-02,6.9486808706e-02,6.7724320576e-02,6.5801860782e-02
2455,24.5500,7.5183724680e-02,7.3251801969e-02,7.1282184466e-02,6.9141846019e-02,7.1263663818e-02,6.9541574723e-02,6.7779086593e-02,6.5856626801e-02
2456,24.5600,7.5238490700e-02,7.3306567987e-02,7.1336950485e-02,6.9196612039e-02,7.1318429841e-02,6.9596340741e-02,6.7833852609e-02,6.5911392821e-02
2457,24.5700,7.5293256721e-02,7.3361334006e-02,7.1391716504e-02,6.9251378059e-02,7.1373195864e-02,6.9651106758e-02,6.7888618625e-02,6.5966158840e-02
2458,24.5800,7.5348022741e-02,7.3416100024e-02,7.1446482523e-02,6.9306144079e-02,7.1427961887e-02,6.9705872775e-02,6.7943384641e-02,6.6020924859e-02
2459,24.5900,7.5402788762e-02,7.3470866043e-02,7.1501248542e-02,6.9360910099e-02,7.1482727910e-02,6.9760638793e-02,6.7998150658e-02,6.6075690879e-02
2460,24.6000,7.5457554782e-02,7.3525632061e-02,7.1556014560e-02,6.9415676119e-02,7.1537493932e-02,6.9815404810e-02,6.8052916674e-02,6.6130456898e-02
2461,24.6100,7.5512320803e-02,7.3580398080e-02,7.1610780579e-02,6.9470442139e-02,7.1592259955e-02,6.9870170827e-02,6.8107682690e-02,6.6185222917e-02
2462,24.6200,7.5567086823e-02,7.3635164098e-02,7.1665546598e-02,6.9525208159e-02,7.1647025978e-02,6.9924936845e-02,6.8162448706e-02,6.6239988937e-02
2463,24.6300,7.5621852844e-02,7.3689930117e-02,7.1720312617e-02,6.9579974180e-02,7.1701792001e-02,6.9979702862e-02,6.8217214722e-02,6.6294754956e-02
2464,24.6400,7.5676618864e-02,7.3744696135e-02,7.1775078635e-02,6.9634740200e-02,7.1756558024e-02,7.0034468879e-02,6.8271980739e-02,6.6349520975e-02
2465,24.6500,7.5731384885e-02,7.3799462154e-02,7.1829844654e-02,6.9689506220e-02,7.1811324047e-02,7.0089234896e-02,6.8326746755e-02,6.6404286995e-02
2466,24.6600,7.5786150905e-02,7.3854228172e-02,7.1884610673e-02,6.9744272240e-02,7.1866090070e-02,7.0144000913e-02,6.8381512771e-02,6.6459053014e-02
2467,24.6700,7.5840916926e-02,7.3908994190e-02,7.1939376692e-02,6.9799038260e-02,7.1920856093e-02,7.0198766931e-02,6.8436278787e-02,6.6513819033e-02
2468,24.6800,7.5895682946e-02,7.3963760209e-02,7.1994142710e-02,6.9853804280e-02,7.1975622116e-02,7.0253532948e-02,6.8491044803e-02,6.6568585053e-02
2469,24.6900,7.5950448967e-02,7.4018526227e-02,7.2048908729e-02,6.9908570300e-02,7.2030388138e-02,7.0308298965e-02,6.8545810819e-02,6.6623351072e-02
2470,24.7000,7.6005214987e-02,7.4073292245e-02,7.2103674747e-02,6.9963336320e-02,7.2085154161e-02,7.0363064982e-02,6.8600576835e-02,6.6678117092e-02
2471,24.7100,7.6059981008e-02,7.4128058264e-02,7.2158440766e-02,7.0018102340e-02,7.2139920184e-02,7.0417830999e-02,6.8655342851e-02,6.6732883111e-02
2472,24.7200,7.6114747028e-02,7.4182824282e-02,7.2213206785e-02,7.0072868360e-02,7.2194686207e-02,7.0472597016e-02,6.8710108867e-02,6.6787649130e-02
2473,24.7300,7.6169513049e-02,7.4237590300e-02,7.2267972803e-02,7.0127634380e-02,7.2249452230e-02,7.0527363033e-02,6.8764874883e-02,6.6842415150e-02
2474,24.7400,7.6224279070e-02,7.4292356318e-02,7.2322738822e-02,7.0182400400e-02,7.2304218253e-02,7.0582129051e-02,6.8819640899e-02,6.6897181169e-02
2475,24.7500,7.6279045090e-02,7.4347122337e-02,7.2377504840e-02,7.0237166420e-02,7.2358984275e-02,7.0636895068e-02,6.8874406915e-02,6.6951947188e-02
2476,24.7600,7.6333811111e-02,7.4401888355e-02,7.2432270859e-02,7.0291932440e-02,7.2413750298e-02,7.0691661085e-02,6.8929172931e-02,6.7006713208e-02
2477,24.7700,7.6388577131e-02,7.4456654373e-02,7.2487036877e-02,7.0346698460e-02,7.2468516321e-02,7.0746427102e-02,6.8983938947e-02,6.7061479227e-02
2478,24.7800,7.6443343152e-02,7.4511420391e-02,7.2541802896e-02,7.0401464481e-02,7.2523282344e-02,7.0801193119e-02,6.9038704963e-02,6.7116245246e-02
2479,24.7900,7.6498109172e-02,7.4566186409e-02,7.2596568914e-02,7.0456230501e-02,7.2578048367e-02,7.0855959136e-02,6.9093470979e-02,6.7171011265e-02
2480,24.8000,7.6552875193e-02,7.4620952428e-02,7.2651334932e-02,7.0510996521e-02,7.2632814389e-02,7.0910725153e-02,6.9148236995e-02,6.7225777285e-02
2481,24.8100,7.6607641213e-02,7.4675718446e-02,7.2706100951e-02,7.0565762541e-02,7.2687580412e-02,7.0965491169e-02,6.9203003011e-02,6.7280543304e-02
2482,24.8200,7.6662407234e-02,7.4730484464e-02,7.2760866969e-02,7.0620528561e-02,7.2742346435e-02,7.1020257186e-02,6.9257769026e-02,6.7335309323e-02
2483,24.8300,7.6717173255e-02,7.4785250482e-02,7.2815632987e-02,7.0675294581e-02,7.2797112458e-02,7.1075023203e-02,6.9312535042e-02,6.7390075343e-02
2484,24.8400,7.6771939275e-02,7.4840016500e-02,7.2870399006e-02,7.0730060601e-02,7.2851878480e-02,7.1129789220e-02,6.9367301058e-02,6.7444841362e-02
2485,24.8500,7.6826705296e-02,7.4894782518e-02,7.2925165024e-02,7.0784826621e-02,7.2906644503e-02,7.1184555237e-02,6.9422067074e-02,6.7499607381e-02
2486,24.8600,7.6881471316e-02,7.4949548536e-02,7.2979931042e-02,7.0839592641e-02,7.2961410526e-02,7.1239321254e-02,6.9476833090e-02,6.7554373401e-02
2487,24.8700,7.6936237337e-02,7.5004314554e-02,7.3034697061e-02,7.0894358661e-02,7.3016176549e-02,7.1294087271e-02,6.9531599105e-02,6.7609139420e-02
2488,24.8800,7.6991003357e-02,7.5059080572e-02,7.3089463079e-02,7.0949124681e-02,7.3070942571e-02,7.1348853288e-02,6.9586365121e-02,6.7663905439e-02
2489,24.8900,7.7045769378e-02,7.5113846590e-02,7.3144229097e-02,7.1003890701e-02,7.3125708594e-02,7.1403619304e-02,6.9641131137e-02,6.7718671459e-02
2490,24.9000,7.7100535399e-02,7.5168612608e-02,7.3198995115e-02,7.1058656721e-02,7.3180474617e-02,7.1458385321e-02,6.9695897153e-02,6.7773437478e-02
2491,24.9100,7.7155301419e-02,7.5223378626e-02,7.3253761133e-02,7.1113422741e-02,7.3235240640e-02,7.1513151338e-02,6.9750663168e-02,6.7828203497e-02
2492,24.9200,7.7210067440e-02,7.5278144644e-02,7.3308527152e-02,7.1168188761e-02,7.3290006662e-02,7.1567917355e-02,6.9805429184e-02,6.7882969516e-02
2493,24.9300,7.7264833460e-02,7.5332910662e-02,7.3363293170e-02,7.1222954782e-02,7.3344772685e-02,7.1622683372e-02,6.9860195200e-02,6.7937735536e-02
2494,24.9400,7.7319599481e-02,7.5387676680e-02,7.3418059188e-02,7.1277720802e-02,7.3399538708e-02,7.1677449388e-02,6.9914961215e-02,6.7992501555e-02
2495,24.9500,7.7374365502e-02,7.5442442698e-02,7.3472825206e-02,7.1332486822e-02,7.3454304730e-02,7.1732215405e-02,6.9969727231e-02,6.8047267574e-02
2496,24.9600,7.7429131522e-02,7.5497208716e-02,7.3527591224e-02,7.1387252842e-02,7.3509070753e-02,7.1786981422e-02,7.0024493247e-02,6.8102033594e-02
2497,24.9700,7.7483897543e-02,7.5551974733e-02,7.3582357242e-02,7.1442018862e-02,7.3563836776e-02,7.1841747438e-02,7.0079259262e-02,6.8156799613e-02
2498,24.9800,7.7538663563e-02,7.5606740751e-02,7.3637123260e-02,7.1496784882e-02,7.3618602798e-02,7.1896513455e-02,7.0134025278e-02,6.8211565632e-02
2499,24.9900,7.7593429584e-02,7.5661506769e-02,7.3691889278e-02,7.1551550902e-02,7.3673368821e-02,7.1951279472e-02,7.0188791293e-02,6.8266331651e-02
2500,25.0000,7.7648195605e-02,7.5716272787e-02,7.3746655296e-02,7.1606316922e-02,7.3728134844e-02,7.2006045488e-02,7.0243557309e-02,6.8321097671e-02
2501,25.0100,7.7702961625e-02,7.5771038805e-02,7.3801421314e-02,7.1661082942e-02,7.3782900866e-02,7.2060811505e-02,7.0298323324e-02,6.8375863690e-02
2502,25.0200,7.7757727646e-02,7.5825804822e-02,7.3856187332e-02,7.1715848962e-02,7.3837666889e-02,7.2115577521e-02,7.0353089340e-02,6.8430629709e-02
2503,25.0300,7.7812493666e-02,7.5880570840e-02,7.3910953350e-02,7.1770614982e-02,7.3892432912e-02,7.2170343538e-02,7.0407855355e-02,6.8485395729e-02
2504,25.0400,7.7867259687e-02,7.5935336858e-02,7.3965719368e-02,7.1825381002e-02,7.3947198934e-02,7.2225109555e-02,7.0462621371e-02,6.8540161748e-02
2505,25.0500,7.7922025708e-02,7.5990102876e-02,7.4020485386e-02,7.1880147022e-02,7.4001964957e-02,7.2279875571e-02,7.0517387386e-02,6.8594927767e-02
2506,25.0600,7.7976791728e-02,7.6044868893e-02,7.4075251404e-02,7.1934913042e-02,7.4056730979e-02,7.2334641588e-02,7.0572153402e-02,6.8649693786e-02
2507,25.0700,7.8031557749e-02,7.6099634911e-02,7.4130017422e-02,7.1989679062e-02,7.4111497002e-02,7.2389407604e-02,7.0626919417e-02,6.8704459806e-02
2508,25.0800,7.8086323769e-02,7.6154400929e-02,7.4184783440e-02,7.2044445083e-02,7.4166263024e-02,7.2444173621e-02,7.0681685433e-02,6.8759225825e-02
2509,25.0900,7.8141089790e-02,7.6209166946e-02,7.4239549458e-02,7.2099211103e-02,7.4221029047e-02,7.2498939637e-02,7.0736451448e-02,6.8813991844e-02
2510,25.1000,7.8195855811e-02,7.6263932964e-02,7.4294315475e-02,7.2153977123e-02,7.4275795070e-02,7.2553705654e-02,7.0791217464e-02,6.8868757863e-02
2511,25.1100,7.8250621831e-02,7.6318698982e-02,7.4349081493e-02,7.2208743143e-02,7.4330561092e-02,7.2608471670e-02,7.0845983479e-02,6.8923523883e-02
2512,25.1200,7.8305387852e-02,7.6373464999e-02,7.4403847511e-02,7.2263509163e-02,7.4385327115e-02,7.2663237687e-02,7.0900749494e-02,6.8978289902e-02
2513,25.1300,7.8360153873e-02,7.6428231017e-02,7.4458613529e-02,7.2318275183e-02,7.4440093137e-02,7.2718003703e-02,7.0955515510e-02,6.9033055921e-02
2514,25.1400,7.8414919893e-02,7.6482997035e-02,7.4513379546e-02,7.2373041203e-02,7.4494859160e-02,7.2772769719e-02,7.1010281525e-02,6.9087821940e-02
2515,25.1500,7.8469685914e-02,7.6537763052e-02,7.4568145564e-02,7.2427807223e-02,7.4549625182e-02,7.2827535736e-02,7.1065047541e-02,6.9142587960e-02
2516,25.1600,7.8524451935e-02,7.6592529070e-02,7.4622911582e-02,7.2482573243e-02,7.4604391205e-02,7.2882301752e-02,7.1119813556e-02,6.9197353979e-02
2517,25.1700,7.8579217955e-02,7.6647295087e-02,7.4677677600e-02,7.2537339263e-02,7.4659157227e-02,7.2937067769e-02,7.1174579571e-02,6.9252119998e-02
2518,25.1800,7.8633983976e-02,7.6702061105e-02,7.4732443617e-02,7.2592105283e-02,7.4713923250e-02,7.2991833785e-02,7.1229345587e-02,6.9306886018e-02
2519,25.1900,7.8688749996e-02,7.6756827122e-02,7.4787209635e-02,7.2646871303e-02,7.4768689272e-02,7.3046599801e-02,7.1284111602e-02,6.9361652037e-02
2520,25.2000,7.8743516017e-02,7.6811593140e-02,7.4841975653e-02,7.2701637323e-02,7.4823455295e-02,7.3101365818e-02,7.1338877617e-02,6.9416418056e-02
2521,25.2100,7.8798282038e-02,7.6866359157e-02,7.4896741670e-02,7.2756403343e-02,7.4878221317e-02,7.3156131834e-02,7.1393643632e-02,6.9471184075e-02
2522,25.2200,7.8853048058e-02,7.6921125175e-02,7.4951507688e-02,7.2811169363e-02,7.4932987340e-02,7.3210897850e-02,7.1448409648e-02,6.9525950095e-02
2523,25.2300,7.8907814079e-02,7.6975891192e-02,7.5006273705e-02,7.2865935383e-02,7.4987753362e-02,7.3265663866e-02,7.1503175663e-02,6.9580716114e-02
2524,25.2400,7.8962580100e-02,7.7030657210e-02,7.5061039723e-02,7.2920701404e-02,7.5042519384e-02,7.3320429883e-02,7.1557941678e-02,6.9635482133e-02
2525,25.2500,7.9017346120e-02,7.7085423227e-02,7.5115805740e-02,7.2975467424e-02,7.5097285407e-02,7.3375195899e-02,7.1612707693e-02,6.9690248152e-02
2526,25.2600,7.9072112141e-02,7.7140189244e-02,7.5170571758e-02,7.3030233444e-02,7.5152051429e-02,7.3429961915e-02,7.1667473709e-02,6.9745014172e-02
2527,25.2700,7.9126878162e-02,7.7194955262e-02,7.5225337776e-02,7.3084999464e-02,7.5206817452e-02,7.3484727931e-02,7.1722239724e-02,6.9799780191e-02
2528,25.2800,7.9181644182e-02,7.7249721279e-02,7.5280103793e-02,7.3139765484e-02,7.5261583474e-02,7.3539493948e-02,7.1777005739e-02,6.9854546210e-02
2529,25.2900,7.9236410203e-02,7.7304487297e-02,7.5334869810e-02,7.3194531504e-02,7.5316349496e-02,7.3594259964e-02,7.1831771754e-02,6.9909312229e-02
2530,25.3000,7.9291176224e-02,7.7359253314e-02,7.5389635828e-02,7.3249297524e-02,7.5371115519e-02,7.3649025980e-02,7.1886537769e-02,6.9964078249e-02
2531,25.3100,7.9345942245e-02,7.7414019331e-02,7.5444401845e-02,7.3304063544e-02,7.5425881541e-02,7.3703791996e-02,7.1941303784e-02,7.0018844268e-02
2532,25.3200,7.9400708265e-02,7.7468785349e-02,7.5499167863e-02,7.3358829564e-02,7.5480647564e-02,7.3758558012e-02,7.1996069800e-02,7.0073610287e-02
2533,25.3300,7.9455474286e-02,7.7523551366e-02,7.5553933880e-02,7.3413595584e-02,7.5535413586e-02,7.3813324029e-02,7.2050835815e-02,7.0128376306e-02
2534,25.3400,7.9510240307e-02,7.7578317383e-02,7.5608699898e-02,7.3468361604e-02,7.5590179608e-02,7.3868090045e-02,7.2105601830e-02,7.0183142326e-02
2535,25.3500,7.9565006327e-02,7.7633083400e-02,7.5663465915e-02,7.3523127624e-02,7.5644945630e-02,7.3922856061e-02,7.2160367845e-02,7.0237908345e-02
2536,25.3600,7.9619772348e-02,7.7687849418e-02,7.5718231932e-02,7.3577893644e-02,7.5699711653e-02,7.3977622077e-02,7.2215133860e-02,7.0292674364e-02
2537,25.3700,7.9674538369e-02,7.7742615435e-02,7.5772997950e-02,7.3632659664e-02,7.5754477675e-02,7.4032388093e-02,7.2269899875e-02,7.0347440383e-02
2538,25.3800,7.9729304389e-02,7.7797381452e-02,7.5827763967e-02,7.3687425684e-02,7.5809243697e-02,7.4087154109e-02,7.2324665890e-02,7.0402206403e-02
2539,25.3900,7.9784070410e-02,7.7852147469e-02,7.5882529984e-02,7.3742191705e-02,7.5864009720e-02,7.4141920125e-02,7.2379431905e-02,7.0456972422e-02
2540,25.4000,7.9838836431e-02,7.7906913487e-02,7.5937296001e-02,7.3796957725e-02,7.5918775742e-02,7.4196686141e-02,7.2434197920e-02,7.0511738441e-02
2541,25.4100,7.9893602452e-02,7.7961679504e-02,7.5992062019e-02,7.3851723745e-02,7.5973541764e-02,7.4251452157e-02,7.2488963935e-02,7.0566504460e-02
2542,25.4200,7.9948368472e-02,7.8016445521e-02,7.6046828036e-02,7.3906489765e-02,7.6028307786e-02,7.4306218173e-02,7.2543729950e-02,7.0621270480e-02
2543,25.4300,8.0003134493e-02,7.8071211538e-02,7.6101594053e-02,7.3961255785e-02,7.6083073809e-02,7.4360984189e-02,7.2598495965e-02,7.0676036499e-02
2544,25.4400,8.0057900514e-02,7.8125977555e-02,7.6156360070e-02,7.4016021805e-02,7.6137839831e-02,7.4415750205e-02,7.2653261980e-02,7.0730802518e-02
2545,25.4500,8.0112666535e-02,7.8180743572e-02,7.6211126088e-02,7.4070787825e-02,7.6192605853e-02,7.4470516221e-02,7.2708027995e-02,7.0785568537e-02
2546,25.4600,8.0167432555e-02,7.8235509590e-02,7.6265892105e-02,7.4125553845e-02,7.6247371875e-02,7.4525282237e-02,7.2762794010e-02,7.0840334557e-02
2547,25.4700,8.0222198576e-02,7.8290275607e-02,7.6320658122e-02,7.4180319865e-02,7.6302137898e-02,7.4580048253e-02,7.2817560025e-02,7.0895100576e-02
2548,25.4800,8.0276964597e-02,7.8345041624e-02,7.6375424139e-02,7.4235085885e-02,7.6356903920e-02,7.4634814269e-02,7.2872326040e-02,7.0949866595e-02
2549,25.4900,8.0331730617e-02,7.8399807641e-02,7.6430190156e-02,7.4289851905e-02,7.6411669942e-02,7.4689580285e-02,7.2927092055e-02,7.1004632614e-02
2550,25.5000,8.0386496638e-02,7.8454573658e-02,7.6484956173e-02,7.4344617925e-02,7.6466435964e-02,7.4744346301e-02,7.2981858070e-02,7.1059398634e-02
2551,25.5100,8.0441262659e-02,7.8509339675e-02,7.6539722190e-02,7.4399383945e-02,7.6521201986e-02,7.4799112317e-02,7.3036624085e-02,7.1114164653e-02
2552,25.5200,8.0496028680e-02,7.8564105692e-02,7.6594488208e-02,7.4454149965e-02,7.6575968008e-02,7.4853878333e-02,7.3091390100e-02,7.1168930672e-02
2553,25.5300,8.0550794701e-02,7.8618871709e-02,7.6649254225e-02,7.4508915986e-02,7.6630734030e-02,7.4908644349e-02,7.3146156115e-02,7.1223696691e-02
2554,25.5400,8.0605560721e-02,7.8673637726e-02,7.6704020242e-02,7.4563682006e-02,7.6685500053e-02,7.4963410365e-02,7.3200922130e-02,7.1278462711e-02
2555,25.5500,8.0660326742e-02,7.8728403743e-02,7.6758786259e-02,7.4618448026e-02,7.6740266075e-02,7.5018176381e-02,7.3255688145e-02,7.1333228730e-02
2556,25.5600,8.0715092763e-02,7.8783169760e-02,7.6813552276e-02,7.4673214046e-02,7.6795032097e-02,7.5072942397e-02,7.3310454160e-02,7.1387994749e-02
2557,25.5700,8.0769858784e-02,7.8837935777e-02,7.6868318293e-02,7.4727980066e-02,7.6849798119e-02,7.5127708412e-02,7.3365220175e-02,7.1442760768e-02
2558,25.5800,8.0824624804e-02,7.8892701794e-02,7.6923084310e-02,7.4782746086e-02,7.6904564141e-02,7.5182474428e-02,7.3419986190e-02,7.1497526788e-02
2559,25.5900,8.0879390825e-02,7.8947467811e-02,7.6977850327e-02,7.4837512106e-02,7.6959330163e-02,7.5237240444e-02,7.3474752205e-02,7.1552292807e-02
2560,25.6000,8.0934156846e-02,7.9002233828e-02,7.7032616344e-02,7.4892278126e-02,7.7014096185e-02,7.5292006460e-02,7.3529518220e-02,7.1607058826e-02
2561,25.6100,8.0988922867e-02,7.9056999845e-02,7.7087382361e-02,7.4947044146e-02,7.7068862207e-02,7.5346772476e-02,7.3584284234e-02,7.1661824846e-02
2562,25.6200,8.1043688887e-02,7.9111765862e-02,7.7142148377e-02,7.5001810166e-02,7.7123628229e-02,7.5401538492e-02,7.3639050249e-02,7.1716590865e-02
2563,25.6300,8.1098454908e-02,7.9166531879e-02,7.7196914394e-02,7.5056576186e-02,7.7178394251e-02,7.5456304507e-02,7.3693816264e-02,7.1771356884e-02
2564,25.6400,8.1153220929e-02,7.9221297896e-02,7.7251680411e-02,7.5111342206e-02,7.7233160273e-02,7.5511070523e-02,7.3748582279e-02,7.1826122903e-02
2565,25.6500,8.1207986950e-02,7.9276063913e-02,7.7306446428e-02,7.5166108226e-02,7.7287926295e-02,7.5565836539e-02,7.3803348294e-02,7.1880888923e-02
2566,25.6600,8.1262752971e-02,7.9330829930e-02,7.7361212445e-02,7.5220874247e-02,7.7342692317e-02,7.5620602555e-02,7.3858114309e-02,7.1935654942e-02
2567,25.6700,8.1317518991e-02,7.9385595946e-02,7.7415978462e-02,7.5275640267e-02,7.7397458339e-02,7.5675368570e-02,7.3912880324e-02,7.1990420961e-02
2568,25.6800,8.1372285012e-02,7.9440361963e-02,7.7470744479e-02,7.5330406287e-02,7.7452224361e-02,7.5730134586e-02,7.3967646338e-02,7.2045186980e-02
2569,25.6900,8.1427051033e-02,7.9495127980e-02,7.7525510496e-02,7.5385172307e-02,7.7506990383e-02,7.5784900602e-02,7.4022412353e-02,7.2099953000e-02
2570,25.7000,8.1481817054e-02,7.9549893997e-02,7.7580276512e-02,7.5439938327e-02,7.7561756405e-02,7.5839666618e-02,7.4077178368e-02,7.2154719019e-02
2571,25.7100,8.1536583075e-02,7.9604660014e-02,7.7635042529e-02,7.5494704347e-02,7.7616522427e-02,7.5894432633e-02,7.4131944383e-02,7.2209485038e-02
2572,25.7200,8.1591349096e-02,7.9659426031e-02,7.7689808546e-02,7.5549470367e-02,7.7671288449e-02,7.5949198649e-02,7.4186710398e-02,7.2264251058e-02
2573,25.7300,8.1646115116e-02,7.9714192048e-02,7.7744574563e-02,7.5604236387e-02,7.7726054471e-02,7.6003964665e-02,7.4241476412e-02,7.2319017077e-02
2574,25.7400,8.1700881137e-02,7.9768958064e-02,7.7799340579e-02,7.5659002407e-02,7.7780820493e-02,7.6058730681e-02,7.4296242427e-02,7.2373783096e-02
2575,25.7500,8.1755647158e-02,7.9823724081e-02,7.7854106596e-02,7.5713768427e-02,7.7835586514e-02,7.6113496696e-02,7.4351008442e-02,7.2428549115e-02
2576,25.7600,8.1810413179e-02,7.9878490098e-02,7.7908872613e-02,7.5768534447e-02,7.7890352536e-02,7.6168262712e-02,7.4405774457e-02,7.2483315135e-02
2577,25.7700,8.1865179200e-02,7.9933256115e-02,7.7963638630e-02,7.5823300467e-02,7.7945118558e-02,7.6223028728e-02,7.4460540472e-02,7.2538081154e-02
2578,25.7800,8.1919945221e-02,7.9988022132e-02,7.8018404646e-02,7.5878066487e-02,7.7999884580e-02,7.6277794743e-02,7.4515306486e-02,7.2592847173e-02
2579,25.7900,8.1974711241e-02,8.0042788148e-02,7.8073170663e-02,7.5932832508e-02,7.8054650602e-02,7.6332560759e-02,7.4570072501e-02,7.2647613193e-02
2580,25.8000,8.2029477262e-02,8.0097554165e-02,7.8127936680e-02,7.5987598528e-02,7.8109416624e-02,7.6387326775e-02,7.4624838516e-02,7.2702379212e-02
2581,25.8100,8.2084243283e-02,8.0152320182e-02,7.8182702696e-02,7.6042364548e-02,7.8164182646e-02,7.6442092790e-02,7.4679604531e-02,7.2757145231e-02
2582,25.8200,8.2139009304e-02,8.0207086199e-02,7.8237468713e-02,7.6097130568e-02,7.8218948667e-02,7.6496858806e-02,7.4734370546e-02,7.2811911250e-02
2583,25.8300,8.2193775325e-02,8.0261852215e-02,7.8292234730e-02,7.6151896588e-02,7.8273714689e-02,7.6551624822e-02,7.4789136560e-02,7.2866677270e-02
2584,25.8400,8.2248541346e-02,8.0316618232e-02,7.8347000746e-02,7.6206662608e-02,7.8328480711e-02,7.6606390837e-02,7.4843902575e-02,7.2921443289e-02
2585,25.8500,8.2303307367e-02,8.0371384249e-02,7.8401766763e-02,7.6261428628e-02,7.8383246733e-02,7.6661156853e-02,7.4898668590e-02,7.2976209308e-02
2586,25.8600,8.2358073387e-02,8.0426150265e-02,7.8456532779e-02,7.6316194648e-02,7.8438012754e-02,7.6715922868e-02,7.4953434605e-02,7.3030975328e-02
2587,25.8700,8.2412839408e-02,8.0480916282e-02,7.8511298796e-02,7.6370960668e-02,7.8492778776e-02,7.6770688884e-02,7.5008200619e-02,7.3085741347e-02
2588,25.8800,8.2467605429e-02,8.0535682299e-02,7.8566064813e-02,7.6425726688e-02,7.8547544798e-02,7.6825454900e-02,7.5062966634e-02,7.3140507366e-02
2589,25.8900,8.2522371450e-02,8.0590448315e-02,7.8620830829e-02,7.6480492708e-02,7.8602310820e-02,7.6880220915e-02,7.5117732649e-02,7.3195273386e-02
2590,25.9000,8.2577137471e-02,8.0645214332e-02,7.8675596846e-02,7.6535258729e-02,7.8657076841e-02,7.6934986931e-02,7.5172498664e-02,7.3250039405e-02
2591,25.9100,8.2631903492e-02,8.0699980349e-02,7.8730362862e-02,7.6590024749e-02,7.8711842863e-02,7.6989752946e-02,7.5227264678e-02,7.3304805424e-02
2592,25.9200,8.2686669513e-02,8.0754746365e-02,7.8785128879e-02,7.6644790769e-02,7.8766608885e-02,7.7044518962e-02,7.5282030693e-02,7.3359571444e-02
2593,25.9300,8.2741435534e-02,8.0809512382e-02,7.8839894895e-02,7.6699556789e-02,7.8821374906e-02,7.7099284978e-02,7.5336796708e-02,7.3414337463e-02
2594,25.9400,8.2796201555e-02,8.0864278399e-02,7.8894660912e-02,7.6754322809e-02,7.8876140928e-02,7.7154050993e-02,7.5391562723e-02,7.3469103482e-02
2595,25.9500,8.2850967575e-02,8.0919044415e-02,7.8949426928e-02,7.6809088829e-02,7.8930906950e-02,7.7208817009e-02,7.5446328737e-02,7.3523869502e-02
2596,25.9600,8.2905733596e-02,8.0973810432e-02,7.9004192945e-02,7.6863854849e-02,7.8985672971e-02,7.7263583024e-02,7.5501094752e-02,7.3578635521e-02
2597,25.9700,8.2960499617e-02,8.1028576449e-02,7.9058958961e-02,7.6918620869e-02,7.9040438993e-02,7.7318349040e-02,7.5555860767e-02,7.3633401540e-02
2598,25.9800,8.3015265638e-02,8.1083342465e-02,7.9113724978e-02,7.6973386889e-02,7.9095205014e-02,7.7373115055e-02,7.5610626782e-02,7.3688167560e-02
2599,25.9900,8.3070031659e-02,8.1138108482e-02,7.9168490994e-02,7.7028152909e-02,7.9149971036e-02,7.7427881071e-02,7.5665392796e-02,7.3742933579e-02
2600,26.0000,8.3124797680e-02,8.1192874498e-02,7.9223257010e-02,7.7082918929e-02,7.9204737058e-02,7.7482647086e-02,7.5720158811e-02,7.3797699598e-02
2601,26.0100,8.3179563701e-02,8.1247640515e-02,7.9278023027e-02,7.7137684950e-02,7.9259503079e-02,7.7537413102e-02,7.5774924826e-02,7.3852465618e-02
2602,26.0200,8.3234329722e-02,8.1302406532e-02,7.9332789043e-02,7.7192450970e-02,7.9314269101e-02,7.7592179117e-02,7.5829690841e-02,7.3907231637e-02
2603,26.0300,8.3289095743e-02,8.1357172548e-02,7.9387555060e-02,7.7247216990e-02,7.9369035122e-02,7.7646945133e-02,7.5884456855e-02,7.3961997656e-02
2604,26.0400,8.3343861764e-02,8.1411938565e-02,7.9442321076e-02,7.7301983010e-02,7.9423801144e-02,7.7701711149e-02,7.5939222870e-02,7.4016763676e-02
2605,26.0500,8.3398627785e-02,8.1466704581e-02,7.9497087092e-02,7.7356749030e-02,7.9478567165e-02,7.7756477164e-02,7.5993988885e-02,7.4071529695e-02
2606,26.0600,8.3453393806e-02,8.1521470598e-02,7.9551853109e-02,7.7411515050e-02,7.9533333187e-02,7.7811243180e-02,7.6048754900e-02,7.4126295714e-02
2607,26.0700,8.3508159827e-02,8.1576236614e-02,7.9606619125e-02,7.7466281070e-02,7.9588099208e-02,7.7866009195e-02,7.6103520914e-02,7.4181061734e-02
2608,26.0800,8.3562925848e-02,8.1631002631e-02,7.9661385142e-02,7.7521047090e-02,7.9642865230e-02,7.7920775211e-02,7.6158286929e-02,7.4235827753e-02
2609,26.0900,8.3617691868e-02,8.1685768647e-02,7.9716151158e-02,7.7575813110e-02,7.9697631251e-02,7.7975541226e-02,7.6213052944e-02,7.4290593772e-02
2610,26.1000,8.3672457889e-02,8.1740534664e-02,7.9770917174e-02,7.7630579131e-02,7.9752397273e-02,7.8030307242e-02,7.6267818958e-02,7.4345359792e-02
2611,26.1100,8.3727223910e-02,8.1795300680e-02,7.9825683191e-02,7.7685345151e-02,7.9807163294e-02,7.8085073257e-02,7.6322584973e-02,7.4400125811e-02
2612,26.1200,8.3781989931e-02,8.1850066697e-02,7.9880449207e-02,7.7740111171e-02,7.9861929315e-02,7.8139839273e-02,7.6377350988e-02,7.4454891831e-02
2613,26.1300,8.3836755952e-02,8.1904832714e-02,7.9935215223e-02,7.7794877191e-02,7.9916695337e-02,7.8194605288e-02,7.6432117003e-02,7.4509657850e-02
2614,26.1400,8.3891521973e-02,8.1959598730e-02,7.9989981239e-02,7.7849643211e-02,7.9971461358e-02,7.8249371304e-02,7.6486883017e-02,7.4564423869e-02
2615,26.1500,8.3946287994e-02,8.2014364747e-02,8.0044747256e-02,7.7904409231e-02,8.0026227380e-02,7.8304137319e-02,7.6541649032e-02,7.4619189889e-02
2616,26.1600,8.4001054015e-02,8.2069130763e-02,8.0099513272e-02,7.7959175251e-02,8.0080993401e-02,7.8358903335e-02,7.6596415047e-02,7.4673955908e-02
2617,26.1700,8.4055820036e-02,8.2123896780e-02,8.0154279288e-02,7.8013941271e-02,8.0135759422e-02,7.8413669350e-02,7.6651181062e-02,7.4728721927e-02
2618,26.1800,8.4110586057e-02,8.2178662796e-02,8.0209045305e-02,7.8068707291e-02,8.0190525444e-02,7.8468435365e-02,7.6705947076e-02,7.4783487947e-02
2619,26.1900,8.4165352078e-02,8.2233428813e-02,8.0263811321e-02,7.8123473311e-02,8.0245291465e-02,7.8523201381e-02,7.6760713091e-02,7.4838253966e-02
2620,26.2000,8.4220118099e-02,8.2288194829e-02,8.0318577337e-02,7.8178239332e-02,8.0300057486e-02,7.8577967396e-02,7.6815479106e-02,7.4893019986e-02
2621,26.2100,8.4274884120e-02,8.2342960845e-02,8.0373343353e-02,7.8233005352e-02,8.0354823508e-02,7.8632733412e-02,7.6870245121e-02,7.4947786005e-02
2622,26.2200,8.4329650141e-02,8.2397726862e-02,8.0428109369e-02,7.8287771372e-02,8.0409589529e-02,7.8687499427e-02,7.6925011136e-02,7.5002552024e-02
2623,26.2300,8.4384416162e-02,8.2452492878e-02,8.0482875386e-02,7.8342537392e-02,8.0464355550e-02,7.8742265443e-02,7.6979777150e-02,7.5057318044e-02
2624,26.2400,8.4439182183e-02,8.2507258895e-02,8.0537641402e-02,7.8397303412e-02,8.0519121572e-02,7.8797031458e-02,7.7034543165e-02,7.5112084063e-02
2625,26.2500,8.4493948204e-02,8.2562024911e-02,8.0592407418e-02,7.8452069432e-02,8.0573887593e-02,7.8851797474e-02,7.7089309180e-02,7.5166850083e-02
2626,26.2600,8.4548714225e-02,8.2616790928e-02,8.0647173434e-02,7.8506835452e-02,8.0628653614e-02,7.8906563489e-02,7.7144075195e-02,7.5221616102e-02
2627,26.2700,8.4603480246e-02,8.2671556944e-02,8.0701939450e-02,7.8561601472e-02,8.0683419635e-02,7.8961329505e-02,7.7198841209e-02,7.5276382122e-02
2628,26.2800,8.4658246267e-02,8.2726322961e-02,8.0756705467e-02,7.8616367493e-02,8.0738185657e-02,7.9016095520e-02,7.7253607224e-02,7.5331148141e-02
2629,26.2900,8.4713012288e-02,8.2781088977e-02,8.0811471483e-02,7.8671133513e-02,8.0792951678e-02,7.9070861536e-02,7.7308373239e-02,7.5385914160e-02
2630,26.3000,8.4767778309e-02,8.2835854994e-02,8.0866237499e-02,7.8725899533e-02,8.0847717699e-02,7.9125627551e-02,7.7363139254e-02,7.5440680180e-02
2631,26.3100,8.4822544330e-02,8.2890621010e-02,8.0921003515e-02,7.8780665553e-02,8.0902483720e-02,7.9180393567e-02,7.7417905269e-02,7.5495446199e-02
2632,26.3200,8.4877310351e-02,8.2945387027e-02,8.0975769531e-02,7.8835431573e-02,8.0957249741e-02,7.9235159582e-02,7.7472671283e-02,7.5550212219e-02
2633,26.3300,8.4932076372e-02,8.3000153043e-02,8.1030535547e-02,7.8890197593e-02,8.1012015762e-02,7.9289925597e-02,7.7527437298e-02,7.5604978238e-02
2634,26.3400,8.4986842394e-02,8.3054919059e-02,8.1085301564e-02,7.8944963613e-02,8.1066781784e-02,7.9344691613e-02,7.7582203313e-02,7.5659744258e-02
2635,26.3500,8.5041608415e-02,8.3109685076e-02,8.1140067580e-02,7.8999729633e-02,8.1121547805e-02,7.9399457628e-02,7.7636969328e-02,7.5714510277e-02
2636,26.3600,8.5096374436e-02,8.3164451092e-02,8.1194833596e-02,7.9054495654e-02,8.1176313826e-02,7.9454223644e-02,7.7691735343e-02,7.5769276297e-02
2637,26.3700,8.5151140457e-02,8.3219217109e-02,8.1249599612e-02,7.9109261674e-02,8.1231079847e-02,7.9508989659e-02,7.7746501358e-02,7.5824042316e-02
2638,26.3800,8.5205906478e-02,8.3273983125e-02,8.1304365628e-02,7.9164027694e-02,8.1285845868e-02,7.9563755675e-02,7.7801267372e-02,7.5878808336e-02
2639,26.3900,8.5260672499e-02,8.3328749142e-02,8.1359131644e-02,7.9218793714e-02,8.1340611889e-02,7.9618521690e-02,7.7856033387e-02,7.5933574355e-02
2640,26.4000,8.5315438520e-02,8.3383515158e-02,8.1413897660e-02,7.9273559734e-02,8.1395377910e-02,7.9673287706e-02,7.7910799402e-02,7.5988340375e-02
2641,26.4100,8.5370204541e-02,8.3438281174e-02,8.1468663676e-02,7.9328325754e-02,8.1450143931e-02,7.9728053721e-02,7.7965565417e-02,7.6043106394e-02
2642,26.4200,8.5424970562e-02,8.3493047191e-02,8.1523429693e-02,7.9383091774e-02,8.1504909952e-02,7.9782819737e-02,7.8020331432e-02,7.6097872414e-02
2643,26.4300,8.5479736583e-02,8.3547813207e-02,8.1578195709e-02,7.9437857794e-02,8.1559675973e-02,7.9837585752e-02,7.8075097447e-02,7.6152638433e-02
2644,26.4400,8.5534502604e-02,8.3602579224e-02,8.1632961725e-02,7.9492623815e-02,8.1614441994e-02,7.9892351768e-02,7.8129863462e-02,7.6207404453e-02
2645,26.4500,8.5589268625e-02,8.3657345240e-02,8.1687727741e-02,7.9547389835e-02,8.1669208015e-02,7.9947117783e-02,7.8184629476e-02,7.6262170472e-02
2646,26.4600,8.5644034646e-02,8.3712111257e-02,8.1742493757e-02,7.9602155855e-02,8.1723974036e-02,8.0001883799e-02,7.8239395491e-02,7.6316936492e-02
2647,26.4700,8.5698800667e-02,8.3766877273e-02,8.1797259773e-02,7.9656921875e-02,8.1778740057e-02,8.0056649814e-02,7.8294161506e-02,7.6371702511e-02
2648,26.4800,8.5753566689e-02,8.3821643289e-02,8.1852025789e-02,7.9711687895e-02,8.1833506078e-02,8.0111415829e-02,7.8348927521e-02,7.6426468531e-02
2649,26.4900,8.5808332710e-02,8.3876409306e-02,8.1906791805e-02,7.9766453915e-02,8.1888272099e-02,8.0166181845e-02,7.8403693536e-02,7.6481234550e-02
2650,26.5000,8.5863098731e-02,8.3931175322e-02,8.1961557821e-02,7.9821219935e-02,8.1943038120e-02,8.0220947860e-02,7.8458459551e-02,7.6536000570e-02
2651,26.5100,8.5917864752e-02,8.3985941339e-02,8.2016323837e-02,7.9875985955e-02,8.1997804141e-02,8.0275713876e-02,7.8513225566e-02,7.6590766589e-02
2652,26.5200,8.5972630773e-02,8.4040707355e-02,8.2071089853e-02,7.9930751976e-02,8.2052570162e-02,8.0330479891e-02,7.8567991581e-02,7.6645532609e-02
2653,26.5300,8.6027396794e-02,8.4095473372e-02,8.2125855869e-02,7.9985517996e-02,8.2107336183e-02,8.0385245907e-02,7.8622757596e-02,7.6700298628e-02
2654,26.5400,8.6082162815e-02,8.4150239388e-02,8.2180621885e-02,8.0040284016e-02,8.2162102204e-02,8.0440011922e-02,7.8677523611e-02,7.6755064648e-02
2655,26.5500,8.6136928836e-02,8.4205005404e-02,8.2235387901e-02,8.0095050036e-02,8.2216868225e-02,8.0494777938e-02,7.8732289626e-02,7.6809830667e-02
2656,26.5600,8.6191694857e-02,8.4259771421e-02,8.2290153917e-02,8.0149816056e-02,8.2271634246e-02,8.0549543953e-02,7.8787055641e-02,7.6864596687e-02
2657,26.5700,8.6246460879e-02,8.4314537437e-02,8.2344919933e-02,8.0204582076e-02,8.2326400266e-02,8.0604309969e-02,7.8841821656e-02,7.6919362706e-02
2658,26.5800,8.6301226900e-02,8.4369303454e-02,8.2399685949e-02,8.0259348096e-02,8.2381166287e-02,8.0659075984e-02,7.8896587671e-02,7.6974128726e-02
2659,26.5900,8.6355992921e-02,8.4424069470e-02,8.2454451966e-02,8.0314114117e-02,8.2435932308e-02,8.0713842000e-02,7.8951353686e-02,7.7028894746e-02
2660,26.6000,8.6410758942e-02,8.4478835486e-02,8.2509217982e-02,8.0368880137e-02,8.2490698329e-02,8.0768608015e-02,7.9006119701e-02,7.7083660765e-02
2661,26.6100,8.6465524963e-02,8.4533601503e-02,8.2563983998e-02,8.0423646157e-02,8.2545464350e-02,8.0823374031e-02,7.9060885716e-02,7.7138426785e-02
2662,26.6200,8.6520290984e-02,8.4588367519e-02,8.2618750014e-02,8.0478412177e-02,8.2600230371e-02,8.0878140046e-02,7.9115651731e-02,7.7193192804e-02
2663,26.6300,8.6575057005e-02,8.4643133536e-02,8.2673516030e-02,8.0533178197e-02,8.2654996391e-02,8.0932906062e-02,7.9170417746e-02,7.7247958824e-02
2664,26.6400,8.6629823027e-02,8.4697899552e-02,8.2728282046e-02,8.0587944217e-02,8.2709762412e-02,8.0987672078e-02,7.9225183761e-02,7.7302724844e-02
2665,26.6500,8.6684589048e-02,8.4752665569e-02,8.2783048062e-02,8.0642710238e-02,8.2764528433e-02,8.1042438093e-02,7.9279949776e-02,7.7357490863e-02
2666,26.6600,8.6739355069e-02,8.4807431585e-02,8.2837814078e-02,8.0697476258e-02,8.2819294454e-02,8.1097204109e-02,7.9334715791e-02,7.7412256883e-02
2667,26.6700,8.6794121090e-02,8.4862197601e-02,8.2892580094e-02,8.0752242278e-02,8.2874060474e-02,8.1151970124e-02,7.9389481806e-02,7.7467022902e-02
2668,26.6800,8.6848887111e-02,8.4916963618e-02,8.2947346110e-02,8.0807008298e-02,8.2928826495e-02,8.1206736140e-02,7.9444247821e-02,7.7521788922e-02
2669,26.6900,8.6903653132e-02,8.4971729634e-02,8.3002112126e-02,8.0861774318e-02,8.2983592516e-02,8.1261502155e-02,7.9499013836e-02,7.7576554942e-02
2670,26.7000,8.6958419154e-02,8.5026495651e-02,8.3056878142e-02,8.0916540338e-02,8.3038358536e-02,8.1316268171e-02,7.9553779851e-02,7.7631320961e-02
2671,26.7100,8.7013185175e-02,8.5081261667e-02,8.3111644158e-02,8.0971306358e-02,8.3093124557e-02,8.1371034186e-02,7.9608545866e-02,7.7686086981e-02
2672,26.7200,8.7067951196e-02,8.5136027684e-02,8.3166410174e-02,8.1026072379e-02,8.3147890578e-02,8.1425800202e-02,7.9663311882e-02,7.7740853000e-02
2673,26.7300,8.7122717217e-02,8.5190793700e-02,8.3221176190e-02,8.1080838399e-02,8.3202656598e-02,8.1480566218e-02,7.9718077897e-02,7.7795619020e-02
2674,26.7400,8.7177483238e-02,8.5245559717e-02,8.3275942206e-02,8.1135604419e-02,8.3257422619e-02,8.1535332233e-02,7.9772843912e-02,7.7850385040e-02
2675,26.7500,8.7232249260e-02,8.5300325733e-02,8.3330708222e-02,8.1190370439e-02,8.3312188640e-02,8.1590098249e-02,7.9827609927e-02,7.7905151059e-02
2676,26.7600,8.7287015281e-02,8.5355091750e-02,8.3385474238e-02,8.1245136459e-02,8.3366954660e-02,8.1644864264e-02,7.9882375942e-02,7.7959917079e-02
2677,26.7700,8.7341781302e-02,8.5409857766e-02,8.3440240254e-02,8.1299902479e-02,8.3421720681e-02,8.1699630280e-02,7.9937141957e-02,7.8014683099e-02
2678,26.7800,8.7396547323e-02,8.5464623782e-02,8.3495006270e-02,8.1354668500e-02,8.3476486702e-02,8.1754396296e-02,7.9991907973e-02,7.8069449118e-02
2679,26.7900,8.7451313344e-02,8.5519389799e-02,8.3549772286e-02,8.1409434520e-02,8.3531252722e-02,8.1809162311e-02,8.0046673988e-02,7.8124215138e-02
2680,26.8000,8.7506079366e-02,8.5574155815e-02,8.3604538302e-02,8.1464200540e-02,8.3586018743e-02,8.1863928327e-02,8.0101440003e-02,7.8178981158e-02
2681,26.8100,8.7560845387e-02,8.5628921832e-02,8.3659304318e-02,8.1518966560e-02,8.3640784763e-02,8.1918694342e-02,8.0156206018e-02,7.8233747177e-02
2682,26.8200,8.7615611408e-02,8.5683687848e-02,8.3714070334e-02,8.1573732580e-02,8.3695550784e-02,8.1973460358e-02,8.0210972033e-02,7.8288513197e-02
2683,26.8300,8.7670377429e-02,8.5738453865e-02,8.3768836350e-02,8.1628498600e-02,8.3750316804e-02,8.2028226374e-02,8.0265738049e-02,7.8343279217e-02
2684,26.8400,8.7725143450e-02,8.5793219881e-02,8.3823602366e-02,8.1683264621e-02,8.3805082825e-02,8.2082992389e-02,8.0320504064e-02,7.8398045236e-02
2685,26.8500,8.7779909472e-02,8.5847985898e-02,8.3878368382e-02,8.1738030641e-02,8.3859848845e-02,8.2137758405e-02,8.0375270079e-02,7.8452811256e-02
2686,26.8600,8.7834675493e-02,8.5902751914e-02,8.3933134398e-02,8.1792796661e-02,8.3914614866e-02,8.2192524421e-02,8.0430036095e-02,7.8507577276e-02
2687,26.8700,8.7889441514e-02,8.5957517931e-02,8.3987900414e-02,8.1847562681e-02,8.3969380886e-02,8.2247290436e-02,8.0484802110e-02,7.8562343296e-02
2688,26.8800,8.7944207535e-02,8.6012283947e-02,8.4042666430e-02,8.1902328701e-02,8.4024146907e-02,8.2302056452e-02,8.0539568125e-02,7.8617109315e-02
2689,26.8900,8.7998973557e-02,8.6067049964e-02,8.4097432446e-02,8.1957094721e-02,8.4078912927e-02,8.2356822468e-02,8.0594334141e-02,7.8671875335e-02
2690,26.9000,8.8053739578e-02,8.6121815980e-02,8.4152198462e-02,8.2011860742e-02,8.4133678948e-02,8.2411588483e-02,8.0649100156e-02,7.8726641355e-02
2691,26.9100,8.8108505599e-02,8.6176581997e-02,8.4206964478e-02,8.2066626762e-02,8.4188444968e-02,8.2466354499e-02,8.0703866171e-02,7.8781407375e-02
2692,26.9200,8.8163271620e-02,8.6231348013e-02,8.4261730494e-02,8.2121392782e-02,8.4243210989e-02,8.2521120515e-02,8.0758632187e-02,7.8836173394e-02
2693,26.9300,8.8218037642e-02,8.6286114030e-02,8.4316496510e-02,8.2176158802e-02,8.4297977009e-02,8.2575886530e-02,8.0813398202e-02,7.8890939414e-02
2694,26.9400,8.8272803663e-02,8.6340880047e-02,8.4371262526e-02,8.2230924822e-02,8.4352743029e-02,8.2630652546e-02,8.0868164217e-02,7.8945705434e-02
2695,26.9500,8.8327569684e-02,8.6395646063e-02,8.4426028542e-02,8.2285690843e-02,8.4407509050e-02,8.2685418562e-02,8.0922930233e-02,7.9000471454e-02
2696,26.9600,8.8382335705e-02,8.6450412080e-02,8.4480794558e-02,8.2340456863e-02,8.4462275070e-02,8.2740184578e-02,8.0977696248e-02,7.9055237473e-02
2697,26.9700,8.8437101727e-02,8.6505178096e-02,8.4535560574e-02,8.2395222883e-02,8.4517041091e-02,8.2794950593e-02,8.1032462264e-02,7.9110003493e-02
2698,26.9800,8.8491867748e-02,8.6559944113e-02,8.4590326590e-02,8.2449988903e-02,8.4571807111e-02,8.2849716609e-02,8.1087228279e-02,7.9164769513e-02
2699,26.9900,8.8546633769e-02,8.6614710129e-02,8.4645092606e-02,8.2504754923e-02,8.4626573131e-02,8.2904482625e-02,8.1141994295e-02,7.9219535533e-02
2700,27.0000,8.8601399790e-02,8.6669476146e-02,8.4699858622e-02,8.2559520943e-02,8.4681339152e-02,8.2959248641e-02,8.1196760310e-02,7.9274301552e-02
2701,27.0100,8.8656165812e-02,8.6724242162e-02,8.4754624638e-02,8.2614286964e-02,8.4736105172e-02,8.3014014656e-02,8.1251526326e-02,7.9329067572e-02
2702,27.0200,8.8710931833e-02,8.6779008179e-02,8.4809390654e-02,8.2669052984e-02,8.4790871192e-02,8.3068780672e-02,8.1306292341e-02,7.9383833592e-02
2703,27.0300,8.8765697854e-02,8.6833774196e-02,8.4864156670e-02,8.2723819004e-02,8.4845637213e-02,8.3123546688e-02,8.1361058357e-02,7.9438599612e-02
2704,27.0400,8.8820463876e-02,8.6888540212e-02,8.4918922686e-02,8.2778585024e-02,8.4900403233e-02,8.3178312704e-02,8.1415824372e-02,7.9493365632e-02
2705,27.0500,8.8875229897e-02,8.6943306229e-02,8.4973688702e-02,8.2833351044e-02,8.4955169253e-02,8.3233078720e-02,8.1470590388e-02,7.9548131651e-02
2706,27.0600,8.8929995918e-02,8.6998072245e-02,8.5028454718e-02,8.2888117065e-02,8.5009935273e-02,8.3287844736e-02,8.1525356403e-02,7.9602897671e-02
2707,27.0700,8.8984761939e-02,8.7052838262e-02,8.5083220734e-02,8.2942883085e-02,8.5064701294e-02,8.3342610751e-02,8.1580122419e-02,7.9657663691e-02
2708,27.0800,8.9039527961e-02,8.7107604279e-02,8.5137986750e-02,8.2997649105e-02,8.5119467314e-02,8.3397376767e-02,8.1634888434e-02,7.9712429711e-02
2709,27.0900,8.9094293982e-02,8.7162370295e-02,8.5192752766e-02,8.3052415125e-02,8.5174233334e-02,8.3452142783e-02,8.1689654450e-02,7.9767195731e-02
2710,27.1000,8.9149060003e-02,8.7217136312e-02,8.5247518783e-02,8.3107181145e-02,8.5228999354e-02,8.3506908799e-02,8.1744420466e-02,7.9821961751e-02
2711,27.1100,8.9203826025e-02,8.7271902329e-02,8.5302284799e-02,8.3161947166e-02,8.5283765375e-02,8.3561674815e-02,8.1799186481e-02,7.9876727771e-02
2712,27.1200,8.9258592046e-02,8.7326668345e-02,8.5357050815e-02,8.3216713186e-02,8.5338531395e-02,8.3616440831e-02,8.1853952497e-02,7.9931493790e-02
2713,27.1300,8.9313358067e-02,8.7381434362e-02,8.5411816831e-02,8.3271479206e-02,8.5393297415e-02,8.3671206847e-02,8.1908718513e-02,7.9986259810e-02
2714,27.1400,8.9368124089e-02,8.7436200379e-02,8.5466582847e-02,8.3326245226e-02,8.5448063435e-02,8.3725972863e-02,8.1963484528e-02,8.0041025830e-02
2715,27.1500,8.9422890110e-02,8.7490966395e-02,8.5521348863e-02,8.3381011246e-02,8.5502829455e-02,8.3780738878e-02,8.2018250544e-02,8.0095791850e-02
2716,27.1600,8.9477656131e-02,8.7545732412e-02,8.5576114879e-02,8.3435777267e-02,8.5557595476e-02,8.3835504894e-02,8.2073016560e-02,8.0150557870e-02
2717,27.1700,8.9532422153e-02,8.7600498429e-02,8.5630880895e-02,8.3490543287e-02,8.5612361496e-02,8.3890270910e-02,8.2127782576e-02,8.0205323890e-02
2718,27.1800,8.9587188174e-02,8.7655264445e-02,8.5685646911e-02,8.3545309307e-02,8.5667127516e-02,8.3945036926e-02,8.2182548591e-02,8.0260089910e-02
2719,27.1900,8.9641954195e-02,8.7710030462e-02,8.5740412927e-02,8.3600075327e-02,8.5721893536e-02,8.3999802942e-02,8.2237314607e-02,8.0314855930e-02
2720,27.2000,8.9696720217e-02,8.7764796479e-02,8.5795178943e-02,8.3654841347e-02,8.5776659556e-02,8.4054568958e-02,8.2292080623e-02,8.0369621949e-02
2721,27.2100,8.9751486238e-02,8.7819562496e-02,8.5849944960e-02,8.3709607368e-02,8.5831425576e-02,8.4109334974e-02,8.2346846639e-02,8.0424387969e-02
2722,27.2200,8.9806252259e-02,8.7874328512e-02,8.5904710976e-02,8.3764373388e-02,8.5886191596e-02,8.4164100990e-02,8.2401612655e-02,8.0479153989e-02
2723,27.2300,8.9861018281e-02,8.7929094529e-02,8.5959476992e-02,8.3819139408e-02,8.5940957617e-02,8.4218867006e-02,8.2456378670e-02,8.0533920009e-02
2724,27.2400,8.9915784302e-02,8.7983860546e-02,8.6014243008e-02,8.3873905428e-02,8.5995723637e-02,8.4273633022e-02,8.2511144686e-02,8.0588686029e-02
2725,27.2500,8.9970550323e-02,8.8038626562e-02,8.6069009024e-02,8.3928671448e-02,8.6050489657e-02,8.4328399038e-02,8.2565910702e-02,8.0643452049e-02
2726,27.2600,9.0025316345e-02,8.8093392579e-02,8.6123775040e-02,8.3983437469e-02,8.6105255677e-02,8.4383165054e-02,8.2620676718e-02,8.0698218069e-02
2727,27.2700,9.0080082366e-02,8.8148158596e-02,8.6178541056e-02,8.4038203489e-02,8.6160021697e-02,8.4437931070e-02,8.2675442734e-02,8.0752984089e-02
2728,27.2800,9.0134848387e-02,8.8202924613e-02,8.6233307073e-02,8.4092969509e-02,8.6214787717e-02,8.4492697086e-02,8.2730208750e-02,8.0807750109e-02
2729,27.2900,9.0189614409e-02,8.8257690630e-02,8.6288073089e-02,8.4147735529e-02,8.6269553737e-02,8.4547463102e-02,8.2784974766e-02,8.0862516129e-02
2730,27.3000,9.0244380430e-02,8.8312456646e-02,8.6342839105e-02,8.4202501550e-02,8.6324319757e-02,8.4602229119e-02,8.2839740782e-02,8.0917282149e-02
2731,27.3100,9.0299146451e-02,8.8367222663e-02,8.6397605121e-02,8.4257267570e-02,8.6379085777e-02,8.4656995135e-02,8.2894506798e-02,8.0972048169e-02
2732,27.3200,9.0353912473e-02,8.8421988680e-02,8.6452371137e-02,8.4312033590e-02,8.6433851797e-02,8.4711761151e-02,8.2949272814e-02,8.1026814189e-02
2733,27.3300,9.0408678494e-02,8.8476754697e-02,8.6507137154e-02,8.4366799610e-02,8.6488617817e-02,8.4766527167e-02,8.3004038830e-02,8.1081580209e-02
2734,27.3400,9.0463444516e-02,8.8531520714e-02,8.6561903170e-02,8.4421565630e-02,8.6543383837e-02,8.4821293183e-02,8.3058804846e-02,8.1136346229e-02
2735,27.3500,9.0518210537e-02,8.8586286731e-02,8.6616669186e-02,8.4476331651e-02,8.6598149857e-02,8.4876059199e-02,8.3113570862e-02,8.1191112249e-02
2736,27.3600,9.0572976558e-02,8.8641052747e-02,8.6671435202e-02,8.4531097671e-02,8.6652915877e-02,8.4930825215e-02,8.3168336878e-02,8.1245878269e-02
2737,27.3700,9.0627742580e-02,8.8695818764e-02,8.6726201218e-02,8.4585863691e-02,8.6707681897e-02,8.4985591231e-02,8.3223102894e-02,8.1300644289e-02
2738,27.3800,9.0682508601e-02,8.8750584781e-02,8.6780967235e-02,8.4640629711e-02,8.6762447917e-02,8.5040357248e-02,8.3277868910e-02,8.1355410309e-02
2739,27.3900,9.0737274622e-02,8.8805350798e-02,8.6835733251e-02,8.4695395732e-02,8.6817213937e-02,8.5095123264e-02,8.3332634926e-02,8.1410176329e-02
2740,27.4000,9.0792040644e-02,8.8860116815e-02,8.6890499267e-02,8.4750161752e-02,8.6871979957e-02,8.5149889280e-02,8.3387400942e-02,8.1464942349e-02
2741,27.4100,9.0846806665e-02,8.8914882832e-02,8.6945265283e-02,8.4804927772e-02,8.6926745976e-02,8.5204655296e-02,8.3442166958e-02,8.1519708369e-02
2742,27.4200,9.0901572687e-02,8.8969648849e-02,8.7000031300e-02,8.4859693792e-02,8.6981511996e-02,8.5259421313e-02,8.3496932975e-02,8.1574474389e-02
2743,27.4300,9.0956338708e-02,8.9024414866e-02,8.7054797316e-02,8.4914459812e-02,8.7036278016e-02,8.5314187329e-02,8.3551698991e-02,8.1629240409e-02
2744,27.4400,9.1011104729e-02,8.9079180883e-02,8.7109563332e-02,8.4969225833e-02,8.7091044036e-02,8.5368953345e-02,8.3606465007e-02,8.1684006429e-02
2745,27.4500,9.1065870751e-02,8.9133946900e-02,8.7164329348e-02,8.5023991853e-02,8.7145810056e-02,8.5423719361e-02,8.3661231023e-02,8.1738772449e-02
2746,27.4600,9.1120636772e-02,8.9188712917e-02,8.7219095365e-02,8.5078757873e-02,8.7200576076e-02,8.5478485378e-02,8.3715997039e-02,8.1793538469e-02
2747,27.4700,9.1175402794e-02,8.9243478934e-02,8.7273861381e-02,8.5133523893e-02,8.7255342096e-02,8.5533251394e-02,8.3770763056e-02,8.1848304489e-02
2748,27.4800,9.1230168815e-02,8.9298244951e-02,8.7328627397e-02,8.5188289914e-02,8.7310108116e-02,8.5588017410e-02,8.3825529072e-02,8.1903070509e-02
2749,27.4900,9.1284934836e-02,8.9353010967e-02,8.7383393414e-02,8.5243055934e-02,8.7364874135e-02,8.5642783427e-02,8.3880295088e-02,8.1957836529e-02
2750,27.5000,9.1339700858e-02,8.9407776984e-02,8.7438159430e-02,8.5297821954e-02,8.7419640155e-02,8.5697549443e-02,8.3935061105e-02,8.2012602550e-02
2751,27.5100,9.1394466879e-02,8.9462543002e-02,8.7492925446e-02,8.5352587974e-02,8.7474406175e-02,8.5752315459e-02,8.3989827121e-02,8.2067368570e-02
2752,27.5200,9.1449232901e-02,8.9517309019e-02,8.7547691463e-02,8.5407353995e-02,8.7529172195e-02,8.5807081476e-02,8.4044593137e-02,8.2122134590e-02
2753,27.5300,9.1503998922e-02,8.9572075036e-02,8.7602457479e-02,8.5462120015e-02,8.7583938215e-02,8.5861847492e-02,8.4099359154e-02,8.2176900610e-02
2754,27.5400,9.1558764944e-02,8.9626841053e-02,8.7657223495e-02,8.5516886035e-02,8.7638704235e-02,8.5916613508e-02,8.4154125170e-02,8.2231666630e-02
2755,27.5500,9.1613530965e-02,8.9681607070e-02,8.7711989512e-02,8.5571652055e-02,8.7693470254e-02,8.5971379525e-02,8.4208891186e-02,8.2286432650e-02
2756,27.5600,9.1668296986e-02,8.9736373087e-02,8.7766755528e-02,8.5626418076e-02,8.7748236274e-02,8.6026145541e-02,8.4263657203e-02,8.2341198670e-02
2757,27.5700,9.1723063008e-02,8.9791139104e-02,8.7821521544e-02,8.5681184096e-02,8.7803002294e-02,8.6080911558e-02,8.4318423219e-02,8.2395964690e-02
2758,27.5800,9.1777829029e-02,8.9845905121e-02,8.7876287561e-02,8.5735950116e-02,8.7857768314e-02,8.6135677574e-02,8.4373189236e-02,8.2450730710e-02
2759,27.5900,9.1832595051e-02,8.9900671138e-02,8.7931053577e-02,8.5790716136e-02,8.7912534333e-02,8.6190443590e-02,8.4427955252e-02,8.2505496731e-02
2760,27.6000,9.1887361072e-02,8.9955437155e-02,8.7985819594e-02,8.5845482156e-02,8.7967300353e-02,8.6245209607e-02,8.4482721269e-02,8.2560262751e-02
2761,27.6100,9.1942127094e-02,9.0010203172e-02,8.8040585610e-02,8.5900248177e-02,8.8022066373e-02,8.6299975623e-02,8.4537487285e-02,8.2615028771e-02
2762,27.6200,9.1996893115e-02,9.0064969189e-02,8.8095351626e-02,8.5955014197e-02,8.8076832393e-02,8.6354741640e-02,8.4592253302e-02,8.2669794791e-02
2763,27.6300,9.2051659137e-02,9.0119735207e-02,8.8150117643e-02,8.6009780217e-02,8.8131598412e-02,8.6409507656e-02,8.4647019318e-02,8.2724560811e-02
2764,27.6400,9.2106425158e-02,9.0174501224e-02,8.8204883659e-02,8.6064546237e-02,8.8186364432e-02,8.6464273673e-02,8.4701785335e-02,8.2779326831e-02
2765,27.6500,9.2161191179e-02,9.0229267241e-02,8.8259649676e-02,8.6119312258e-02,8.8241130452e-02,8.6519039690e-02,8.4756551351e-02,8.2834092852e-02
2766,27.6600,9.2215957201e-02,9.0284033258e-02,8.8314415692e-02,8.6174078278e-02,8.8295896472e-02,8.6573805706e-02,8.4811317368e-02,8.2888858872e-02
2767,27.6700,9.2270723222e-02,9.0338799275e-02,8.8369181709e-02,8.6228844298e-02,8.8350662491e-02,8.6628571723e-02,8.4866083385e-02,8.2943624892e-02
2768,27.6800,9.2325489244e-02,9.0393565292e-02,8.8423947725e-02,8.6283610318e-02,8.8405428511e-02,8.6683337739e-02,8.4920849401e-02,8.2998390912e-02
2769,27.6900,9.2380255265e-02,9.0448331310e-02,8.8478713742e-02,8.6338376339e-02,8.8460194531e-02,8.6738103756e-02,8.4975615418e-02,8.3053156932e-02
2770,27.7000,9.2435021287e-02,9.0503097327e-02,8.8533479758e-02,8.6393142359e-02,8.8514960550e-02,8.6792869772e-02,8.5030381435e-02,8.3107922953e-02
2771,27.7100,9.2489787308e-02,9.0557863344e-02,8.8588245775e-02,8.6447908379e-02,8.8569726570e-02,8.6847635789e-02,8.5085147451e-02,8.3162688973e-02
2772,27.7200,9.2544553330e-02,9.0612629361e-02,8.8643011791e-02,8.6502674400e-02,8.8624492590e-02,8.6902401806e-02,8.5139913468e-02,8.3217454993e-02
2773,27.7300,9.2599319351e-02,9.0667395379e-02,8.8697777808e-02,8.6557440420e-02,8.8679258609e-02,8.6957167822e-02,8.5194679485e-02,8.3272221013e-02
2774,27.7400,9.2654085373e-02,9.0722161396e-02,8.8752543824e-02,8.6612206440e-02,8.8734024629e-02,8.7011933839e-02,8.5249445502e-02,8.3326987034e-02
2775,27.7500,9.2708851394e-02,9.0776927413e-02,8.8807309841e-02,8.6666972460e-02,8.8788790648e-02,8.7066699856e-02,8.5304211518e-02,8.3381753054e-02
2776,27.7600,9.2763617416e-02,9.0831693431e-02,8.8862075857e-02,8.6721738481e-02,8.8843556668e-02,8.7121465872e-02,8.5358977535e-02,8.3436519074e-02
2777,27.7700,9.2818383437e-02,9.0886459448e-02,8.8916841874e-02,8.6776504501e-02,8.8898322688e-02,8.7176231889e-02,8.5413743552e-02,8.3491285094e-02
2778,27.7800,9.2873149458e-02,9.0941225465e-02,8.8971607891e-02,8.6831270521e-02,8.8953088707e-02,8.7230997906e-02,8.5468509569e-02,8.3546051115e-02
2779,27.7900,9.2927915480e-02,9.0995991483e-02,8.9026373907e-02,8.6886036541e-02,8.9007854727e-02,8.7285763923e-02,8.5523275586e-02,8.3600817135e-02
2780,27.8000,9.2982681501e-02,9.1050757500e-02,8.9081139924e-02,8.6940802562e-02,8.9062620747e-02,8.7340529939e-02,8.5578041603e-02,8.3655583155e-02
2781,27.8100,9.3037447523e-02,9.1105523517e-02,8.9135905940e-02,8.6995568582e-02,8.9117386766e-02,8.7395295956e-02,8.5632807620e-02,8.3710349175e-02
2782,27.8200,9.3092213544e-02,9.1160289535e-02,8.9190671957e-02,8.7050334602e-02,8.9172152786e-02,8.7450061973e-02,8.5687573636e-02,8.3765115196e-02
2783,27.8300,9.3146979566e-02,9.1215055552e-02,8.9245437974e-02,8.7105100622e-02,8.9226918805e-02,8.7504827990e-02,8.5742339653e-02,8.3819881216e-02
2784,27.8400,9.3201745587e-02,9.1269821569e-02,8.9300203990e-02,8.7159866643e-02,8.9281684825e-02,8.7559594007e-02,8.5797105670e-02,8.3874647236e-02
2785,27.8500,9.3256511609e-02,9.1324587587e-02,8.9354970007e-02,8.7214632663e-02,8.9336450844e-02,8.7614360023e-02,8.5851871687e-02,8.3929413257e-02
2786,27.8600,9.3311277630e-02,9.1379353604e-02,8.9409736024e-02,8.7269398683e-02,8.9391216864e-02,8.7669126040e-02,8.5906637704e-02,8.3984179277e-02
2787,27.8700,9.3366043652e-02,9.1434119622e-02,8.9464502040e-02,8.7324164703e-02,8.9445982883e-02,8.7723892057e-02,8.5961403721e-02,8.4038945297e-02
2788,27.8800,9.3420809673e-02,9.1488885639e-02,8.9519268057e-02,8.7378930724e-02,8.9500748903e-02,8.7778658074e-02,8.6016169738e-02,8.4093711318e-02
2789,27.8900,9.3475575695e-02,9.1543651657e-02,8.9574034074e-02,8.7433696744e-02,8.9555514923e-02,8.7833424091e-02,8.6070935755e-02,8.4148477338e-02
2790,27.9000,9.3530341716e-02,9.1598417674e-02,8.9628800090e-02,8.7488462764e-02,8.9610280942e-02,8.7888190108e-02,8.6125701773e-02,8.4203243358e-02
2791,27.9100,9.3585107738e-02,9.1653183692e-02,8.9683566107e-02,8.7543228785e-02,8.9665046962e-02,8.7942956125e-02,8.6180467790e-02,8.4258009379e-02
2792,27.9200,9.3639873759e-02,9.1707949709e-02,8.9738332124e-02,8.7597994805e-02,8.9719812981e-02,8.7997722142e-02,8.6235233807e-02,8.4312775399e-02
2793,27.9300,9.3694639781e-02,9.1762715727e-02,8.9793098141e-02,8.7652760825e-02,8.9774579001e-02,8.8052488159e-02,8.6289999824e-02,8.4367541419e-02
2794,27.9400,9.3749405802e-02,9.1817481744e-02,8.9847864157e-02,8.7707526845e-02,8.9829345020e-02,8.8107254176e-02,8.6344765841e-02,8.4422307440e-02
2795,27.9500,9.3804171824e-02,9.1872247762e-02,8.9902630174e-02,8.7762292866e-02,8.9884111040e-02,8.8162020193e-02,8.6399531858e-02,8.4477073460e-02
2796,27.9600,9.3858937845e-02,9.1927013779e-02,8.9957396191e-02,8.7817058886e-02,8.9938877059e-02,8.8216786210e-02,8.6454297875e-02,8.4531839480e-02
2797,27.9700,9.3913703867e-02,9.1981779797e-02,9.0012162208e-02,8.7871824906e-02,8.9993643079e-02,8.8271552227e-02,8.6509063893e-02,8.4586605501e-02
2798,27.9800,9.3968469888e-02,9.2036545814e-02,9.0066928225e-02,8.7926590927e-02,9.0048409098e-02,8.8326318244e-02,8.6563829910e-02,8.4641371521e-02
2799,27.9900,9.4023235910e-02,9.2091311832e-02,9.0121694241e-02,8.7981356947e-02,9.0103175118e-02,8.8381084261e-02,8.6618595927e-02,8.4696137541e-02
2800,28.0000,9.4078001931e-02,9.2146077850e-02,9.0176460258e-02,8.8036122967e-02,9.0157941137e-02,8.8435850278e-02,8.6673361944e-02,8.4750903562e-02
2801,28.0100,9.4132767953e-02,9.2200843867e-02,9.0231226275e-02,8.8090888987e-02,9.0212707156e-02,8.8490616295e-02,8.6728127962e-02,8.4805669582e-02
2802,28.0200,9.4187533974e-02,9.2255609885e-02,9.0285992292e-02,8.8145655008e-02,9.0267473176e-02,8.8545382312e-02,8.6782893979e-02,8.4860435603e-02
2803,28.0300,9.4242299996e-02,9.2310375903e-02,9.0340758309e-02,8.8200421028e-02,9.0322239195e-02,8.8600148329e-02,8.6837659996e-02,8.4915201623e-02
2804,28.0400,9.4297066018e-02,9.2365141920e-02,9.0395524326e-02,8.8255187048e-02,9.0377005215e-02,8.8654914346e-02,8.6892426014e-02,8.4969967643e-02
2805,28.0500,9.4351832039e-02,9.2419907938e-02,9.0450290343e-02,8.8309953068e-02,9.0431771234e-02,8.8709680363e-02,8.6947192031e-02,8.5024733664e-02
2806,28.0600,9.4406598061e-02,9.2474673956e-02,9.0505056359e-02,8.8364719089e-02,9.0486537254e-02,8.8764446381e-02,8.7001958049e-02,8.5079499684e-02
2807,28.0700,9.4461364082e-02,9.2529439973e-02,9.0559822376e-02,8.8419485109e-02,9.0541303273e-02,8.8819212398e-02,8.7056724066e-02,8.5134265705e-02
2808,28.0800,9.4516130104e-02,9.2584205991e-02,9.0614588393e-02,8.8474251129e-02,9.0596069292e-02,8.8873978415e-02,8.7111490083e-02,8.5189031725e-02
2809,28.0900,9.4570896125e-02,9.2638972009e-02,9.0669354410e-02,8.8529017150e-02,9.0650835312e-02,8.8928744432e-02,8.7166256101e-02,8.5243797746e-02
2810,28.1000,9.4625662147e-02,9.2693738027e-02,9.0724120427e-02,8.8583783170e-02,9.0705601331e-02,8.8983510449e-02,8.7221022118e-02,8.5298563766e-02
2811,28.1100,9.4680428168e-02,9.2748504044e-02,9.0778886444e-02,8.8638549190e-02,9.0760367351e-02,8.9038276467e-02,8.7275788136e-02,8.5353329787e-02
2812,28.1200,9.4735194190e-02,9.2803270062e-02,9.0833652461e-02,8.8693315211e-02,9.0815133370e-02,8.9093042484e-02,8.7330554153e-02,8.5408095807e-02
2813,28.1300,9.4789960211e-02,9.2858036080e-02,9.0888418478e-02,8.8748081231e-02,9.0869899389e-02,8.9147808501e-02,8.7385320171e-02,8.5462861827e-02
2814,28.1400,9.4844726233e-02,9.2912802098e-02,9.0943184495e-02,8.8802847251e-02,9.0924665409e-02,8.9202574518e-02,8.7440086188e-02,8.5517627848e-02
2815,28.1500,9.4899492254e-02,9.2967568116e-02,9.0997950512e-02,8.8857613271e-02,9.0979431428e-02,8.9257340536e-02,8.7494852206e-02,8.5572393868e-02
2816,28.1600,9.4954258276e-02,9.3022334133e-02,9.1052716529e-02,8.8912379292e-02,9.1034197448e-02,8.9312106553e-02,8.7549618224e-02,8.5627159889e-02
2817,28.1700,9.5009024297e-02,9.3077100151e-02,9.1107482546e-02,8.8967145312e-02,9.1088963467e-02,8.9366872570e-02,8.7604384241e-02,8.5681925909e-02
2818,28.1800,9.5063790319e-02,9.3131866169e-02,9.1162248563e-02,8.9021911332e-02,9.1143729486e-02,8.9421638588e-02,8.7659150259e-02,8.5736691930e-02
2819,28.1900,9.5118556341e-02,9.3186632187e-02,9.1217014580e-02,8.9076677353e-02,9.1198495506e-02,8.9476404605e-02,8.7713916276e-02,8.5791457950e-02
2820,28.2000,9.5173322362e-02,9.3241398205e-02,9.1271780597e-02,8.9131443373e-02,9.1253261525e-02,8.9531170623e-02,8.7768682294e-02,8.5846223971e-02
2821,28.2100,9.5228088384e-02,9.3296164223e-02,9.1326546615e-02,8.9186209393e-02,9.1308027544e-02,8.9585936640e-02,8.7823448312e-02,8.5900989991e-02
2822,28.2200,9.5282854405e-02,9.3350930241e-02,9.1381312632e-02,8.9240975413e-02,9.1362793564e-02,8.9640702657e-02,8.7878214330e-02,8.5955756012e-02
2823,28.2300,9.5337620427e-02,9.3405696259e-02,9.1436078649e-02,8.9295741434e-02,9.1417559583e-02,8.9695468675e-02,8.7932980347e-02,8.6010522032e-02
2824,28.2400,9.5392386448e-02,9.3460462277e-02,9.1490844666e-02,8.9350507454e-02,9.1472325602e-02,8.9750234692e-02,8.7987746365e-02,8.6065288053e-02
2825,28.2500,9.5447152470e-02,9.3515228294e-02,9.1545610683e-02,8.9405273474e-02,9.1527091622e-02,8.9805000710e-02,8.8042512383e-02,8.6120054073e-02
2826,28.2600,9.5501918491e-02,9.3569994312e-02,9.1600376700e-02,8.9460039495e-02,9.1581857641e-02,8.9859766727e-02,8.8097278401e-02,8.6174820094e-02
2827,28.2700,9.5556684513e-02,9.3624760330e-02,9.1655142717e-02,8.9514805515e-02,9.1636623660e-02,8.9914532745e-02,8.8152044418e-02,8.6229586115e-02
2828,28.2800,9.5611450535e-02,9.3679526348e-02,9.1709908735e-02,8.9569571535e-02,9.1691389680e-02,8.9969298762e-02,8.8206810436e-02,8.6284352135e-02
2829,28.2900,9.5666216556e-02,9.3734292366e-02,9.1764674752e-02,8.9624337556e-02,9.1746155699e-02,9.0024064780e-02,8.8261576454e-02,8.6339118156e-02
2830,28.3000,9.5720982578e-02,9.3789058384e-02,9.1819440769e-02,8.9679103576e-02,9.1800921718e-02,9.0078830797e-02,8.8316342472e-02,8.6393884176e-02
2831,28.3100,9.5775748599e-02,9.3843824403e-02,9.1874206786e-02,8.9733869596e-02,9.1855687738e-02,9.0133596815e-02,8.8371108490e-02,8.6448650197e-02
2832,28.3200,9.5830514621e-02,9.3898590421e-02,9.1928972803e-02,8.9788635617e-02,9.1910453757e-02,9.0188362832e-02,8.8425874508e-02,8.6503416217e-02
2833,28.3300,9.5885280642e-02,9.3953356439e-02,9.1983738821e-02,8.9843401637e-02,9.1965219776e-02,9.0243128850e-02,8.8480640526e-02,8.6558182238e-02
2834,28.3400,9.5940046669e-02,9.4008122461e-02,9.2038504843e-02,8.9898167663e-02,9.2019985800e-02,9.0297894873e-02,8.8535406550e-02,8.6612948265e-02
2835,28.3500,9.5994812690e-02,9.4062888479e-02,9.2093270860e-02,8.9952933683e-02,9.2074751820e-02,9.0352660890e-02,8.8590172568e-02,8.6667714286e-02
2836,28.3600,9.6049578712e-02,9.4117654498e-02,9.2148036877e-02,9.0007699703e-02,9.2129517839e-02,9.0407426908e-02,8.8644938586e-02,8.6722480306e-02
2837,28.3700,9.6104344733e-02,9.4172420516e-02,9.2202802895e-02,9.0062465724e-02,9.2184283858e-02,9.0462192926e-02,8.8699704604e-02,8.6777246327e-02
2838,28.3800,9.6159110755e-02,9.4227186534e-02,9.2257568912e-02,9.0117231744e-02,9.2239049877e-02,9.0516958943e-02,8.8754470622e-02,8.6832012348e-02
2839,28.3900,9.6213876777e-02,9.4281952552e-02,9.2312334929e-02,9.0171997764e-02,9.2293815897e-02,9.0571724961e-02,8.8809236640e-02,8.6886778368e-02
2840,28.4000,9.6268642798e-02,9.4336718570e-02,9.2367100947e-02,9.0226763784e-02,9.2348581916e-02,9.0626490979e-02,8.8864002658e-02,8.6941544389e-02
2841,28.4100,9.6323408820e-02,9.4391484588e-02,9.2421866964e-02,9.0281529805e-02,9.2403347935e-02,9.0681256997e-02,8.8918768676e-02,8.6996310409e-02
2842,28.4200,9.6378174841e-02,9.4446250607e-02,9.2476632981e-02,9.0336295825e-02,9.2458113954e-02,9.0736023014e-02,8.8973534694e-02,8.7051076430e-02
2843,28.4300,9.6432940863e-02,9.4501016625e-02,9.2531398999e-02,9.0391061845e-02,9.2512879974e-02,9.0790789032e-02,8.9028300712e-02,8.7105842451e-02
2844,28.4400,9.6487706884e-02,9.4555782643e-02,9.2586165016e-02,9.0445827866e-02,9.2567645993e-02,9.0845555050e-02,8.9083066730e-02,8.7160608471e-02
2845,28.4500,9.6542472906e-02,9.4610548661e-02,9.2640931034e-02,9.0500593886e-02,9.2622412012e-02,9.0900321068e-02,8.9137832748e-02,8.7215374492e-02
2846,28.4600,9.6597238928e-02,9.4665314680e-02,9.2695697051e-02,9.0555359906e-02,9.2677178031e-02,9.0955087085e-02,8.9192598766e-02,8.7270140513e-02
2847,28.4700,9.6652004949e-02,9.4720080698e-02,9.2750463068e-02,9.0610125927e-02,9.2731944051e-02,9.1009853103e-02,8.9247364785e-02,8.7324906533e-02
2848,28.4800,9.6706770971e-02,9.4774846716e-02,9.2805229086e-02,9.0664891947e-02,9.2786710070e-02,9.1064619121e-02,8.9302130803e-02,8.7379672554e-02
2849,28.4900,9.6761536992e-02,9.4829612734e-02,9.2859995103e-02,9.0719657967e-02,9.2841476089e-02,9.1119385139e-02,8.9356896821e-02,8.7434438575e-02
2850,28.5000,9.6816303014e-02,9.4884378753e-02,9.2914761121e-02,9.0774423988e-02,9.2896242108e-02,9.1174151157e-02,8.9411662839e-02,8.7489204595e-02
2851,28.5100,9.6871069035e-02,9.4939144771e-02,9.2969527138e-02,9.0829190008e-02,9.2951008128e-02,9.1228917175e-02,8.9466428858e-02,8.7543970616e-02
2852,28.5200,9.6925835057e-02,9.4993910789e-02,9.3024293156e-02,9.0883956028e-02,9.3005774147e-02,9.1283683193e-02,8.9521194876e-02,8.7598736637e-02
2853,28.5300,9.6980601079e-02,9.5048676808e-02,9.3079059173e-02,9.0938722049e-02,9.3060540166e-02,9.1338449210e-02,8.9575960894e-02,8.7653502657e-02
2854,28.5400,9.7035367100e-02,9.5103442826e-02,9.3133825191e-02,9.0993488069e-02,9.3115306185e-02,9.1393215228e-02,8.9630726913e-02,8.7708268678e-02
2855,28.5500,9.7090133122e-02,9.5158208845e-02,9.3188591208e-02,9.1048254089e-02,9.3170072205e-02,9.1447981246e-02,8.9685492931e-02,8.7763034699e-02
2856,28.5600,9.7144899143e-02,9.5212974863e-02,9.3243357226e-02,9.1103020110e-02,9.3224838224e-02,9.1502747264e-02,8.9740258949e-02,8.7817800719e-02
2857,28.5700,9.7199665165e-02,9.5267740881e-02,9.3298123244e-02,9.1157786130e-02,9.3279604243e-02,9.1557513282e-02,8.9795024968e-02,8.7872566740e-02
2858,28.5800,9.7254431187e-02,9.5322506900e-02,9.3352889261e-02,9.1212552150e-02,9.3334370262e-02,9.1612279300e-02,8.9849790986e-02,8.7927332761e-02
2859,28.5900,9.7309197208e-02,9.5377272918e-02,9.3407655279e-02,9.1267318171e-02,9.3389136281e-02,9.1667045318e-02,8.9904557005e-02,8.7982098781e-02
2860,28.6000,9.7363963230e-02,9.5432038937e-02,9.3462421296e-02,9.1322084191e-02,9.3443902301e-02,9.1721811336e-02,8.9959323023e-02,8.8036864802e-02
2861,28.6100,9.7418729251e-02,9.5486804955e-02,9.3517187314e-02,9.1376850211e-02,9.3498668320e-02,9.1776577354e-02,9.0014089042e-02,8.8091630823e-02
2862,28.6200,9.7473495273e-02,9.5541570974e-02,9.3571953332e-02,9.1431616232e-02,9.3553434339e-02,9.1831343372e-02,9.0068855060e-02,8.8146396844e-02
2863,28.6300,9.7528261295e-02,9.5596336992e-02,9.3626719349e-02,9.1486382252e-02,9.3608200358e-02,9.1886109390e-02,9.0123621079e-02,8.8201162864e-02
2864,28.6400,9.7583027316e-02,9.5651103011e-02,9.3681485367e-02,9.1541148272e-02,9.3662966377e-02,9.1940875408e-02,9.0178387097e-02,8.8255928885e-02
2865,28.6500,9.7637793338e-02,9.5705869029e-02,9.3736251385e-02,9.1595914293e-02,9.3717732397e-02,9.1995641427e-02,9.0233153116e-02,8.8310694906e-02
2866,28.6600,9.7692559359e-02,9.5760635048e-02,9.3791017402e-02,9.1650680313e-02,9.3772498416e-02,9.2050407445e-02,9.0287919134e-02,8.8365460927e-02
2867,28.6700,9.7747325381e-02,9.5815401066e-02,9.3845783420e-02,9.1705446333e-02,9.3827264435e-02,9.2105173463e-02,9.0342685153e-02,8.8420226947e-02
2868,28.6800,9.7802091403e-02,9.5870167085e-02,9.3900549438e-02,9.1760212354e-02,9.3882030454e-02,9.2159939481e-02,9.0397451171e-02,8.8474992968e-02
2869,28.6900,9.7856857424e-02,9.5924933103e-02,9.3955315456e-02,9.1814978374e-02,9.3936796473e-02,9.2214705499e-02,9.0452217190e-02,8.8529758989e-02
2870,28.7000,9.7911623446e-02,9.5979699122e-02,9.4010081473e-02,9.1869744394e-02,9.3991562492e-02,9.2269471517e-02,9.0506983209e-02,8.8584525010e-02
2871,28.7100,9.7966389467e-02,9.6034465141e-02,9.4064847491e-02,9.1924510415e-02,9.4046328512e-02,9.2324237535e-02,9.0561749227e-02,8.8639291030e-02
2872,28.7200,9.8021155489e-02,9.6089231159e-02,9.4119613509e-02,9.1979276435e-02,9.4101094531e-02,9.2379003554e-02,9.0616515246e-02,8.8694057051e-02
2873,28.7300,9.8075921511e-02,9.6143997178e-02,9.4174379527e-02,9.2034042455e-02,9.4155860550e-02,9.2433769572e-02,9.0671281265e-02,8.8748823072e-02
2874,28.7400,9.8130687532e-02,9.6198763197e-02,9.4229145544e-02,9.2088808476e-02,9.4210626569e-02,9.2488535590e-02,9.0726047283e-02,8.8803589093e-02
2875,28.7500,9.8185453554e-02,9.6253529215e-02,9.4283911562e-02,9.2143574496e-02,9.4265392588e-02,9.2543301608e-02,9.0780813302e-02,8.8858355114e-02
2876,28.7600,9.8240219575e-02,9.6308295234e-02,9.4338677580e-02,9.2198340516e-02,9.4320158607e-02,9.2598067627e-02,9.0835579321e-02,8.8913121134e-02
2877,28.7700,9.8294985597e-02,9.6363061253e-02,9.4393443598e-02,9.2253106537e-02,9.4374924627e-02,9.2652833645e-02,9.0890345339e-02,8.8967887155e-02
2878,28.7800,9.8349751619e-02,9.6417827271e-02,9.4448209616e-02,9.2307872557e-02,9.4429690646e-02,9.2707599663e-02,9.0945111358e-02,8.9022653176e-02
2879,28.7900,9.8404517640e-02,9.6472593290e-02,9.4502975634e-02,9.2362638577e-02,9.4484456665e-02,9.2762365682e-02,9.0999877377e-02,8.9077419197e-02
2880,28.8000,9.8459283662e-02,9.6527359309e-02,9.4557741652e-02,9.2417404598e-02,9.4539222684e-02,9.2817131700e-02,9.1054643396e-02,8.9132185218e-02
2881,28.8100,9.8514049683e-02,9.6582125328e-02,9.4612507669e-02,9.2472170618e-02,9.4593988703e-02,9.2871897718e-02,9.1109409415e-02,8.9186951238e-02
2882,28.8200,9.8568815705e-02,9.6636891346e-02,9.4667273687e-02,9.2526936638e-02,9.4648754722e-02,9.2926663737e-02,9.1164175434e-02,8.9241717259e-02
2883,28.8300,9.8623581727e-02,9.6691657365e-02,9.4722039705e-02,9.2581702659e-02,9.4703520741e-02,9.2981429755e-02,9.1218941452e-02,8.9296483280e-02
2884,28.8400,9.8678347748e-02,9.6746423384e-02,9.4776805723e-02,9.2636468679e-02,9.4758286761e-02,9.3036195773e-02,9.1273707471e-02,8.9351249301e-02
2885,28.8500,9.8733113770e-02,9.6801189403e-02,9.4831571741e-02,9.2691234699e-02,9.4813052780e-02,9.3090961792e-02,9.1328473490e-02,8.9406015322e-02
2886,28.8600,9.8787879791e-02,9.6855955422e-02,9.4886337759e-02,9.2746000720e-02,9.4867818799e-02,9.3145727810e-02,9.1383239509e-02,8.9460781342e-02
2887,28.8700,9.8842645813e-02,9.6910721440e-02,9.4941103777e-02,9.2800766740e-02,9.4922584818e-02,9.3200493829e-02,9.1438005528e-02,8.9515547363e-02
2888,28.8800,9.8897411835e-02,9.6965487459e-02,9.4995869795e-02,9.2855532760e-02,9.4977350837e-02,9.3255259847e-02,9.1492771547e-02,8.9570313384e-02
2889,28.8900,9.8952177856e-02,9.7020253478e-02,9.5050635813e-02,9.2910298781e-02,9.5032116856e-02,9.3310025865e-02,9.1547537566e-02,8.9625079405e-02
2890,28.9000,9.9006943878e-02,9.7075019497e-02,9.5105401831e-02,9.2965064801e-02,9.5086882875e-02,9.3364791884e-02,9.1602303585e-02,8.9679845426e-02
2891,28.9100,9.9061709899e-02,9.7129785516e-02,9.5160167849e-02,9.3019830821e-02,9.5141648895e-02,9.3419557902e-02,9.1657069604e-02,8.9734611447e-02
2892,28.9200,9.9116475921e-02,9.7184551535e-02,9.5214933867e-02,9.3074596842e-02,9.5196414914e-02,9.3474323921e-02,9.1711835623e-02,8.9789377468e-02
2893,28.9300,9.9171241943e-02,9.7239317554e-02,9.5269699885e-02,9.3129362862e-02,9.5251180933e-02,9.3529089939e-02,9.1766601642e-02,8.9844143488e-02
2894,28.9400,9.9226007964e-02,9.7294083573e-02,9.5324465903e-02,9.3184128882e-02,9.5305946952e-02,9.3583855958e-02,9.1821367661e-02,8.9898909509e-02
2895,28.9500,9.9280773986e-02,9.7348849592e-02,9.5379231922e-02,9.3238894903e-02,9.5360712971e-02,9.3638621977e-02,9.1876133680e-02,8.9953675530e-02
2896,28.9600,9.9335540007e-02,9.7403615611e-02,9.5433997940e-02,9.3293660923e-02,9.5415478990e-02,9.3693387995e-02,9.1930899699e-02,9.0008441551e-02
2897,28.9700,9.9390306029e-02,9.7458381630e-02,9.5488763958e-02,9.3348426943e-02,9.5470245009e-02,9.3748154014e-02,9.1985665718e-02,9.0063207572e-02
2898,28.9800,9.9445072051e-02,9.7513147649e-02,9.5543529976e-02,9.3403192964e-02,9.5525011028e-02,9.3802920032e-02,9.2040431738e-02,9.0117973593e-02
2899,28.9900,9.9499838072e-02,9.7567913668e-02,9.5598295994e-02,9.3457958984e-02,9.5579777048e-02,9.3857686051e-02,9.2095197757e-02,9.0172739614e-02
2900,29.0000,9.9554604094e-02,9.7622679687e-02,9.5653062012e-02,9.3512725005e-02,9.5634543067e-02,9.3912452070e-02,9.2149963776e-02,9.0227505635e-02
2901,29.0100,9.9609370115e-02,9.7677445706e-02,9.5707828030e-02,9.3567491025e-02,9.5689309086e-02,9.3967218088e-02,9.2204729795e-02,9.0282271656e-02
2902,29.0200,9.9664136137e-02,9.7732211725e-02,9.5762594049e-02,9.3622257045e-02,9.5744075105e-02,9.4021984107e-02,9.2259495814e-02,9.0337037676e-02
2903,29.0300,9.9718902159e-02,9.7786977744e-02,9.5817360067e-02,9.3677023066e-02,9.5798841124e-02,9.4076750126e-02,9.2314261833e-02,9.0391803697e-02
2904,29.0400,9.9773668180e-02,9.7841743763e-02,9.5872126085e-02,9.3731789086e-02,9.5853607143e-02,9.4131516144e-02,9.2369027853e-02,9.0446569718e-02
2905,29.0500,9.9828434202e-02,9.7896509782e-02,9.5926892103e-02,9.3786555106e-02,9.5908373162e-02,9.4186282163e-02,9.2423793872e-02,9.0501335739e-02
2906,29.0600,9.9883200224e-02,9.7951275801e-02,9.5981658121e-02,9.3841321127e-02,9.5963139181e-02,9.4241048182e-02,9.2478559891e-02,9.0556101760e-02
2907,29.0700,9.9937966245e-02,9.8006041820e-02,9.6036424140e-02,9.3896087147e-02,9.6017905201e-02,9.4295814200e-02,9.2533325910e-02,9.0610867781e-02
2908,29.0800,9.9992732267e-02,9.8060807839e-02,9.6091190158e-02,9.3950853167e-02,9.6072671220e-02,9.4350580219e-02,9.2588091930e-02,9.0665633802e-02
2909,29.0900,1.0004749829e-01,9.8115573858e-02,9.6145956176e-02,9.4005619188e-02,9.6127437239e-02,9.4405346238e-02,9.2642857949e-02,9.0720399823e-02
2910,29.1000,1.0010226431e-01,9.8170339878e-02,9.6200722195e-02,9.4060385208e-02,9.6182203258e-02,9.4460112257e-02,9.2697623968e-02,9.0775165844e-02
2911,29.1100,1.0015703033e-01,9.8225105897e-02,9.6255488213e-02,9.4115151228e-02,9.6236969277e-02,9.4514878275e-02,9.2752389988e-02,9.0829931865e-02
2912,29.1200,1.0021179635e-01,9.8279871916e-02,9.6310254231e-02,9.4169917249e-02,9.6291735296e-02,9.4569644294e-02,9.2807156007e-02,9.0884697886e-02
2913,29.1300,1.0026656237e-01,9.8334637935e-02,9.6365020250e-02,9.4224683269e-02,9.6346501315e-02,9.4624410313e-02,9.2861922026e-02,9.0939463907e-02
2914,29.1400,1.0032132840e-01,9.8389403954e-02,9.6419786268e-02,9.4279449289e-02,9.6401267334e-02,9.4679176332e-02,9.2916688046e-02,9.0994229928e-02
2915,29.1500,1.0037609442e-01,9.8444169974e-02,9.6474552286e-02,9.4334215310e-02,9.6456033353e-02,9.4733942351e-02,9.2971454065e-02,9.1048995949e-02
2916,29.1600,1.0043086044e-01,9.8498935993e-02,9.6529318305e-02,9.4388981330e-02,9.6510799373e-02,9.4788708370e-02,9.3026220085e-02,9.1103761969e-02
2917,29.1700,1.0048562646e-01,9.8553702012e-02,9.6584084323e-02,9.4443747351e-02,9.6565565392e-02,9.4843474388e-02,9.3080986104e-02,9.1158527990e-02
2918,29.1800,1.0054039248e-01,9.8608468031e-02,9.6638850341e-02,9.4498513371e-02,9.6620331411e-02,9.4898240407e-02,9.3135752124e-02,9.1213294011e-02
2919,29.1900,1.0059515850e-01,9.8663234051e-02,9.6693616360e-02,9.4553279391e-02,9.6675097430e-02,9.4953006426e-02,9.3190518143e-02,9.1268060032e-02
2920,29.2000,1.0064992453e-01,9.8718000070e-02,9.6748382378e-02,9.4608045412e-02,9.6729863449e-02,9.5007772445e-02,9.3245284162e-02,9.1322826053e-02
2921,29.2100,1.0070469055e-01,9.8772766089e-02,9.6803148397e-02,9.4662811432e-02,9.6784629468e-02,9.5062538464e-02,9.3300050182e-02,9.1377592074e-02
2922,29.2200,1.0075945657e-01,9.8827532108e-02,9.6857914415e-02,9.4717577452e-02,9.6839395487e-02,9.5117304483e-02,9.3354816201e-02,9.1432358095e-02
2923,29.2300,1.0081422259e-01,9.8882298128e-02,9.6912680434e-02,9.4772343473e-02,9.6894161506e-02,9.5172070502e-02,9.3409582221e-02,9.1487124116e-02
2924,29.2400,1.0086898861e-01,9.8937064147e-02,9.6967446452e-02,9.4827109493e-02,9.6948927525e-02,9.5226836521e-02,9.3464348241e-02,9.1541890137e-02
2925,29.2500,1.0092375463e-01,9.8991830166e-02,9.7022212471e-02,9.4881875513e-02,9.7003693544e-02,9.5281602540e-02,9.3519114260e-02,9.1596656158e-02
2926,29.2600,1.0097852066e-01,9.9046596186e-02,9.7076978489e-02,9.4936641534e-02,9.7058459564e-02,9.5336368559e-02,9.3573880280e-02,9.1651422179e-02
2927,29.2700,1.0103328668e-01,9.9101362205e-02,9.7131744508e-02,9.4991407554e-02,9.7113225583e-02,9.5391134578e-02,9.3628646299e-02,9.1706188200e-02
2928,29.2800,1.0108805270e-01,9.9156128225e-02,9.7186510526e-02,9.5046173574e-02,9.7167991602e-02,9.5445900597e-02,9.3683412319e-02,9.1760954221e-02
2929,29.2900,1.0114281872e-01,9.9210894244e-02,9.7241276545e-02,9.5100939595e-02,9.7222757621e-02,9.5500666616e-02,9.3738178339e-02,9.1815720242e-02
2930,29.3000,1.0119758474e-01,9.9265660263e-02,9.7296042563e-02,9.5155705615e-02,9.7277523640e-02,9.5555432635e-02,9.3792944358e-02,9.1870486263e-02
2931,29.3100,1.0125235076e-01,9.9320426283e-02,9.7350808582e-02,9.5210471636e-02,9.7332289659e-02,9.5610198654e-02,9.3847710378e-02,9.1925252284e-02
2932,29.3200,1.0130711679e-01,9.9375192302e-02,9.7405574601e-02,9.5265237656e-02,9.7387055678e-02,9.5664964673e-02,9.3902476397e-02,9.1980018305e-02
2933,29.3300,1.0136188281e-01,9.9429958322e-02,9.7460340619e-02,9.5320003676e-02,9.7441821697e-02,9.5719730692e-02,9.3957242417e-02,9.2034784326e-02
2934,29.3400,1.0141664883e-01,9.9484724341e-02,9.7515106638e-02,9.5374769697e-02,9.7496587716e-02,9.5774496711e-02,9.4012008437e-02,9.2089550347e-02
2935,29.3500,1.0147141485e-01,9.9539490361e-02,9.7569872656e-02,9.5429535717e-02,9.7551353736e-02,9.5829262730e-02,9.4066774457e-02,9.2144316368e-02
2936,29.3600,1.0152618087e-01,9.9594256380e-02,9.7624638675e-02,9.5484301737e-02,9.7606119755e-02,9.5884028749e-02,9.4121540476e-02,9.2199082389e-02
2937,29.3700,1.0158094689e-01,9.9649022400e-02,9.7679404694e-02,9.5539067758e-02,9.7660885774e-02,9.5938794769e-02,9.4176306496e-02,9.2253848410e-02
2938,29.3800,1.0163571292e-01,9.9703788419e-02,9.7734170712e-02,9.5593833778e-02,9.7715651793e-02,9.5993560788e-02,9.4231072516e-02,9.2308614431e-02
2939,29.3900,1.0169047894e-01,9.9758554439e-02,9.7788936731e-02,9.5648599798e-02,9.7770417812e-02,9.6048326807e-02,9.4285838536e-02,9.2363380452e-02
2940,29.4000,1.0174524496e-01,9.9813320458e-02,9.7843702750e-02,9.5703365819e-02,9.7825183831e-02,9.6103092826e-02,9.4340604555e-02,9.2418146473e-02
2941,29.4100,1.0180001098e-01,9.9868086478e-02,9.7898468768e-02,9.5758131839e-02,9.7879949850e-02,9.6157858845e-02,9.4395370575e-02,9.2472912495e-02
2942,29.4200,1.0185477700e-01,9.9922852497e-02,9.7953234787e-02,9.5812897860e-02,9.7934715869e-02,9.6212624865e-02,9.4450136595e-02,9.2527678516e-02
2943,29.4300,1.0190954302e-01,9.9977618517e-02,9.8008000806e-02,9.5867663880e-02,9.7989481888e-02,9.6267390884e-02,9.4504902615e-02,9.2582444537e-02
2944,29.4400,1.0196430904e-01,1.0003238454e-01,9.8062766825e-02,9.5922429900e-02,9.8044247907e-02,9.6322156903e-02,9.4559668635e-02,9.2637210558e-02
2945,29.4500,1.0201907507e-01,1.0008715056e-01,9.8117532843e-02,9.5977195921e-02,9.8099013927e-02,9.6376922922e-02,9.4614434655e-02,9.2691976579e-02
2946,29.4600,1.0207384109e-01,1.0014191658e-01,9.8172298862e-02,9.6031961941e-02,9.8153779946e-02,9.6431688941e-02,9.4669200674e-02,9.2746742600e-02
2947,29.4700,1.0212860711e-01,1.0019668260e-01,9.8227064881e-02,9.6086727961e-02,9.8208545965e-02,9.6486454961e-02,9.4723966694e-02,9.2801508621e-02
2948,29.4800,1.0218337313e-01,1.0025144862e-01,9.8281830900e-02,9.6141493982e-02,9.8263311984e-02,9.6541220980e-02,9.4778732714e-02,9.2856274642e-02
2949,29.4900,1.0223813915e-01,1.0030621463e-01,9.8336596918e-02,9.6196260002e-02,9.8318078003e-02,9.6595986999e-02,9.4833498734e-02,9.2911040663e-02
2950,29.5000,1.0229290517e-01,1.0036098065e-01,9.8391362937e-02,9.6251026022e-02,9.8372844022e-02,9.6650753019e-02,9.4888264754e-02,9.2965806684e-02
2951,29.5100,1.0234767120e-01,1.0041574667e-01,9.8446128956e-02,9.6305792043e-02,9.8427610041e-02,9.6705519038e-02,9.4943030774e-02,9.3020572705e-02
2952,29.5200,1.0240243722e-01,1.0047051269e-01,9.8500894975e-02,9.6360558063e-02,9.8482376060e-02,9.6760285057e-02,9.4997796794e-02,9.3075338726e-02
2953,29.5300,1.0245720324e-01,1.0052527871e-01,9.8555660994e-02,9.6415324084e-02,9.8537142079e-02,9.6815051077e-02,9.5052562814e-02,9.3130104747e-02
2954,29.5400,1.0251196926e-01,1.0058004473e-01,9.8610427013e-02,9.6470090104e-02,9.8591908099e-02,9.6869817096e-02,9.5107328834e-02,9.3184870768e-02
2955,29.5500,1.0256673528e-01,1.0063481075e-01,9.8665193032e-02,9.6524856124e-02,9.8646674118e-02,9.6924583115e-02,9.5162094854e-02,9.3239636789e-02
2956,29.5600,1.0262150130e-01,1.0068957677e-01,9.8719959050e-02,9.6579622145e-02,9.8701440137e-02,9.6979349135e-02,9.5216860874e-02,9.3294402810e-02
2957,29.5700,1.0267626733e-01,1.0074434279e-01,9.8774725069e-02,9.6634388165e-02,9.8756206156e-02,9.7034115154e-02,9.5271626894e-02,9.3349168832e-02
2958,29.5800,1.0273103335e-01,1.0079910881e-01,9.8829491088e-02,9.6689154185e-02,9.8810972175e-02,9.7088881174e-02,9.5326392914e-02,9.3403934853e-02
2959,29.5900,1.0278579937e-01,1.0085387483e-01,9.8884257107e-02,9.6743920206e-02,9.8865738194e-02,9.7143647193e-02,9.5381158934e-02,9.3458700874e-02
2960,29.6000,1.0284056539e-01,1.0090864085e-01,9.8939023126e-02,9.6798686226e-02,9.8920504213e-02,9.7198413212e-02,9.5435924954e-02,9.3513466895e-02
2961,29.6100,1.0289533141e-01,1.0096340687e-01,9.8993789145e-02,9.6853452247e-02,9.8975270232e-02,9.7253179232e-02,9.5490690974e-02,9.3568232916e-02
2962,29.6200,1.0295009743e-01,1.0101817289e-01,9.9048555164e-02,9.6908218267e-02,9.9030036251e-02,9.7307945251e-02,9.5545456994e-02,9.3622998937e-02
2963,29.6300,1.0300486346e-01,1.0107293891e-01,9.9103321183e-02,9.6962984287e-02,9.9084802271e-02,9.7362711271e-02,9.5600223014e-02,9.3677764958e-02
2964,29.6400,1.0305962948e-01,1.0112770493e-01,9.9158087202e-02,9.7017750308e-02,9.9139568290e-02,9.7417477290e-02,9.5654989035e-02,9.3732530979e-02
2965,29.6500,1.0311439550e-01,1.0118247095e-01,9.9212853221e-02,9.7072516328e-02,9.9194334309e-02,9.7472243310e-02,9.5709755055e-02,9.3787297000e-02
2966,29.6600,1.0316916152e-01,1.0123723697e-01,9.9267619240e-02,9.7127282348e-02,9.9249100328e-02,9.7527009329e-02,9.5764521075e-02,9.3842063022e-02
2967,29.6700,1.0322392754e-01,1.0129200299e-01,9.9322385259e-02,9.7182048369e-02,9.9303866347e-02,9.7581775349e-02,9.5819287095e-02,9.3896829043e-02
2968,29.6800,1.0327869356e-01,1.0134676901e-01,9.9377151278e-02,9.7236814389e-02,9.9358632366e-02,9.7636541368e-02,9.5874053115e-02,9.3951595064e-02
2969,29.6900,1.0333345959e-01,1.0140153503e-01,9.9431917297e-02,9.7291580410e-02,9.9413398385e-02,9.7691307388e-02,9.5928819135e-02,9.4006361085e-02
2970,29.7000,1.0338822561e-01,1.0145630105e-01,9.9486683316e-02,9.7346346430e-02,9.9468164404e-02,9.7746073407e-02,9.5983585155e-02,9.4061127106e-02
2971,29.7100,1.0344299163e-01,1.0151106707e-01,9.9541449335e-02,9.7401112450e-02,9.9522930424e-02,9.7800839427e-02,9.6038351176e-02,9.4115893127e-02
2972,29.7200,1.0349775765e-01,1.0156583309e-01,9.9596215354e-02,9.7455878471e-02,9.9577696443e-02,9.7855605447e-02,9.6093117196e-02,9.4170659148e-02
2973,29.7300,1.0355252367e-01,1.0162059911e-01,9.9650981373e-02,9.7510644491e-02,9.9632462462e-02,9.7910371466e-02,9.6147883216e-02,9.4225425169e-02
2974,29.7400,1.0360728969e-01,1.0167536513e-01,9.9705747393e-02,9.7565410511e-02,9.9687228481e-02,9.7965137486e-02,9.6202649236e-02,9.4280191191e-02
2975,29.7500,1.0366205571e-01,1.0173013115e-01,9.9760513412e-02,9.7620176532e-02,9.9741994500e-02,9.8019903505e-02,9.6257415257e-02,9.4334957212e-02
2976,29.7600,1.0371682174e-01,1.0178489717e-01,9.9815279431e-02,9.7674942552e-02,9.9796760519e-02,9.8074669525e-02,9.6312181277e-02,9.4389723233e-02
2977,29.7700,1.0377158776e-01,1.0183966319e-01,9.9870045450e-02,9.7729708572e-02,9.9851526538e-02,9.8129435545e-02,9.6366947297e-02,9.4444489254e-02
2978,29.7800,1.0382635378e-01,1.0189442921e-01,9.9924811469e-02,9.7784474593e-02,9.9906292557e-02,9.8184201564e-02,9.6421713318e-02,9.4499255275e-02
2979,29.7900,1.0388111980e-01,1.0194919523e-01,9.9979577488e-02,9.7839240613e-02,9.9961058577e-02,9.8238967584e-02,9.6476479338e-02,9.4554021296e-02
2980,29.8000,1.0393588582e-01,1.0200396125e-01,1.0003434351e-01,9.7894006634e-02,1.0001582460e-01,9.8293733604e-02,9.6531245358e-02,9.4608787317e-02
2981,29.8100,1.0399065184e-01,1.0205872727e-01,1.0008910953e-01,9.7948772654e-02,1.0007059061e-01,9.8348499623e-02,9.6586011378e-02,9.4663553339e-02
2982,29.8200,1.0404541787e-01,1.0211349329e-01,1.0014387555e-01,9.8003538674e-02,1.0012535663e-01,9.8403265643e-02,9.6640777399e-02,9.4718319360e-02
2983,29.8300,1.0410018389e-01,1.0216825931e-01,1.0019864157e-01,9.8058304695e-02,1.0018012265e-01,9.8458031663e-02,9.6695543419e-02,9.4773085381e-02
2984,29.8400,1.0415494991e-01,1.0222302533e-01,1.0025340758e-01,9.8113070715e-02,1.0023488867e-01,9.8512797682e-02,9.6750309440e-02,9.4827851402e-02
2985,29.8500,1.0420971593e-01,1.0227779135e-01,1.0030817360e-01,9.8167836735e-02,1.0028965469e-01,9.8567563702e-02,9.6805075460e-02,9.4882617423e-02
2986,29.8600,1.0426448195e-01,1.0233255737e-01,1.0036293962e-01,9.8222602756e-02,1.0034442071e-01,9.8622329722e-02,9.6859841480e-02,9.4937383444e-02
2987,29.8700,1.0431924797e-01,1.0238732339e-01,1.0041770564e-01,9.8277368776e-02,1.0039918673e-01,9.8677095742e-02,9.6914607501e-02,9.4992149466e-02
2988,29.8800,1.0437401400e-01,1.0244208941e-01,1.0047247166e-01,9.8332134797e-02,1.0045395275e-01,9.8731861761e-02,9.6969373521e-02,9.5046915487e-02
2989,29.8900,1.0442878002e-01,1.0249685543e-01,1.0052723768e-01,9.8386900817e-02,1.0050871877e-01,9.8786627781e-02,9.7024139542e-02,9.5101681508e-02
2990,29.9000,1.0448354604e-01,1.0255162145e-01,1.0058200370e-01,9.8441666837e-02,1.0056348479e-01,9.8841393801e-02,9.7078905562e-02,9.5156447529e-02
2991,29.9100,1.0453831206e-01,1.0260638747e-01,1.0063676972e-01,9.8496432858e-02,1.0061825081e-01,9.8896159821e-02,9.7133671583e-02,9.5211213550e-02
2992,29.9200,1.0459307808e-01,1.0266115349e-01,1.0069153574e-01,9.8551198878e-02,1.0067301683e-01,9.8950925840e-02,9.7188437603e-02,9.5265979571e-02
2993,29.9300,1.0464784410e-01,1.0271591951e-01,1.0074630176e-01,9.8605964898e-02,1.0072778284e-01,9.9005691860e-02,9.7243203623e-02,9.5320745593e-02
2994,29.9400,1.0470261013e-01,1.0277068553e-01,1.0080106778e-01,9.8660730919e-02,1.0078254886e-01,9.9060457880e-02,9.7297969644e-02,9.5375511614e-02
2995,29.9500,1.0475737615e-01,1.0282545155e-01,1.0085583380e-01,9.8715496939e-02,1.0083731488e-01,9.9115223900e-02,9.7352735664e-02,9.5430277635e-02
2996,29.9600,1.0481214217e-01,1.0288021757e-01,1.0091059982e-01,9.8770262960e-02,1.0089208090e-01,9.9169989920e-02,9.7407501685e-02,9.5485043656e-02
2997,29.9700,1.0486690819e-01,1.0293498359e-01,1.0096536584e-01,9.8825028980e-02,1.0094684692e-01,9.9224755940e-02,9.7462267705e-02,9.5539809677e-02
2998,29.9800,1.0492167421e-01,1.0298974961e-01,1.0102013185e-01,9.8879795000e-02,1.0100161294e-01,9.9279521960e-02,9.7517033726e-02,9.5594575699e-02
2999,29.9900,1.0497644023e-01,1.0304451563e-01,1.0107489787e-01,9.8934561021e-02,1.0105637896e-01,9.9334287979e-02,9.7571799747e-02,9.5649341720e-02
3000,30.0000,1.0503120625e-01,1.0309928165e-01,1.0112966389e-01,9.8989327041e-02,1.0111114498e-01,9.9389053999e-02,9.7626565767e-02,9.5704107741e-02
3001,30.0100,1.0508597228e-01,1.0315404767e-01,1.0118442991e-01,9.9044093061e-02,1.0116591100e-01,9.9443820019e-02,9.7681331788e-02,9.5758873762e-02
3002,30.0200,1.0514073830e-01,1.0320881369e-01,1.0123919593e-01,9.9098859082e-02,1.0122067702e-01,9.9498586039e-02,9.7736097808e-02,9.5813639783e-02
3003,30.0300,1.0519550432e-01,1.0326357971e-01,1.0129396195e-01,9.9153625102e-02,1.0127544304e-01,9.9553352059e-02,9.7790863829e-02,9.5868405805e-02
3004,30.0400,1.0525027034e-01,1.0331834573e-01,1.0134872797e-01,9.9208391123e-02,1.0133020906e-01,9.9608118079e-02,9.7845629849e-02,9.5923171826e-02
3005,30.0500,1.0530503652e-01,1.0337311243e-01,1.0140349451e-01,9.9263157465e-02,1.0138497521e-01,9.9662884376e-02,9.7900395500e-02,9.5977937374e-02
3006,30.0600,1.0535980254e-01,1.0342787845e-01,1.0145826054e-01,9.9317923486e-02,1.0143974123e-01,9.9717650397e-02,9.7955161520e-02,9.6032703395e-02
3007,30.0700,1.0541456856e-01,1.0348264447e-01,1.0151302656e-01,9.9372689507e-02,1.0149450725e-01,9.9772416417e-02,9.8009927540e-02,9.6087469415e-02
3008,30.0800,1.0546933458e-01,1.0353741049e-01,1.0156779258e-01,9.9427455528e-02,1.0154927327e-01,9.9827182438e-02,9.8064693560e-02,9.6142235435e-02
3009,30.0900,1.0552410061e-01,1.0359217651e-01,1.0162255860e-01,9.9482221549e-02,1.0160403929e-01,9.9881948458e-02,9.8119459580e-02,9.6197001456e-02
3010,30.1000,1.0557886663e-01,1.0364694254e-01,1.0167732462e-01,9.9536987570e-02,1.0165880531e-01,9.9936714479e-02,9.8174225600e-02,9.6251767476e-02
3011,30.1100,1.0563363265e-01,1.0370170856e-01,1.0173209064e-01,9.9591753591e-02,1.0171357133e-01,9.9991480499e-02,9.8228991620e-02,9.6306533496e-02
3012,30.1200,1.0568839867e-01,1.0375647458e-01,1.0178685666e-01,9.9646519612e-02,1.0176833735e-01,1.0004624652e-01,9.8283757640e-02,9.6361299517e-02
3013,30.1300,1.0574316469e-01,1.0381124060e-01,1.0184162268e-01,9.9701285633e-02,1.0182310337e-01,1.0010101254e-01,9.8338523660e-02,9.6416065537e-02
3014,30.1400,1.0579793071e-01,1.0386600662e-01,1.0189638870e-01,9.9756051654e-02,1.0187786939e-01,1.0015577856e-01,9.8393289680e-02,9.6470831558e-02
3015,30.1500,1.0585269674e-01,1.0392077264e-01,1.0195115472e-01,9.9810817675e-02,1.0193263541e-01,1.0021054458e-01,9.8448055700e-02,9.6525597578e-02
3016,30.1600,1.0590746276e-01,1.0397553867e-01,1.0200592074e-01,9.9865583696e-02,1.0198740143e-01,1.0026531060e-01,9.8502821720e-02,9.6580363598e-02
3017,30.1700,1.0596222878e-01,1.0403030469e-01,1.0206068676e-01,9.9920349717e-02,1.0204216745e-01,1.0032007662e-01,9.8557587741e-02,9.6635129619e-02
3018,30.1800,1.0601699480e-01,1.0408507071e-01,1.0211545278e-01,9.9975115737e-02,1.0209693347e-01,1.0037484264e-01,9.8612353761e-02,9.6689895639e-02
3019,30.1900,1.0607176082e-01,1.0413983673e-01,1.0217021880e-01,1.0002988176e-01,1.0215169949e-01,1.0042960866e-01,9.8667119781e-02,9.6744661660e-02
3020,30.2000,1.0612652685e-01,1.0419460275e-01,1.0222498482e-01,1.0008464778e-01,1.0220646551e-01,1.0048437468e-01,9.8721885801e-02,9.6799427680e-02
3021,30.2100,1.0618129287e-01,1.0424936877e-01,1.0227975084e-01,1.0013941380e-01,1.0226123153e-01,1.0053914070e-01,9.8776651821e-02,9.6854193700e-02
3022,30.2200,1.0623605889e-01,1.0430413480e-01,1.0233451686e-01,1.0019417982e-01,1.0231599755e-01,1.0059390673e-01,9.8831417841e-02,9.6908959721e-02
3023,30.2300,1.0629082491e-01,1.0435890082e-01,1.0238928289e-01,1.0024894584e-01,1.0237076357e-01,1.0064867275e-01,9.8886183861e-02,9.6963725741e-02
3024,30.2400,1.0634559093e-01,1.0441366684e-01,1.0244404891e-01,1.0030371186e-01,1.0242552959e-01,1.0070343877e-01,9.8940949882e-02,9.7018491762e-02
3025,30.2500,1.0640035695e-01,1.0446843286e-01,1.0249881493e-01,1.0035847788e-01,1.0248029561e-01,1.0075820479e-01,9.8995715902e-02,9.7073257782e-02
3026,30.2600,1.0645512298e-01,1.0452319888e-01,1.0255358095e-01,1.0041324391e-01,1.0253506163e-01,1.0081297081e-01,9.9050481922e-02,9.7128023802e-02
3027,30.2700,1.0650988900e-01,1.0457796490e-01,1.0260834697e-01,1.0046800993e-01,1.0258982765e-01,1.0086773683e-01,9.9105247942e-02,9.7182789823e-02
3028,30.2800,1.0656465502e-01,1.0463273093e-01,1.0266311299e-01,1.0052277595e-01,1.0264459367e-01,1.0092250285e-01,9.9160013962e-02,9.7237555843e-02
3029,30.2900,1.0661942104e-01,1.0468749695e-01,1.0271787901e-01,1.0057754197e-01,1.0269935969e-01,1.0097726887e-01,9.9214779982e-02,9.7292321864e-02
3030,30.3000,1.0667418706e-01,1.0474226297e-01,1.0277264503e-01,1.0063230799e-01,1.0275412571e-01,1.0103203489e-01,9.9269546003e-02,9.7347087884e-02
3031,30.3100,1.0672895308e-01,1.0479702899e-01,1.0282741105e-01,1.0068707401e-01,1.0280889173e-01,1.0108680091e-01,9.9324312023e-02,9.7401853905e-02
3032,30.3200,1.0678371911e-01,1.0485179501e-01,1.0288217707e-01,1.0074184003e-01,1.0286365775e-01,1.0114156693e-01,9.9379078043e-02,9.7456619925e-02
3033,30.3300,1.0683848513e-01,1.0490656103e-01,1.0293694309e-01,1.0079660605e-01,1.0291842376e-01,1.0119633295e-01,9.9433844063e-02,9.7511385945e-02
3034,30.3400,1.0689325115e-01,1.0496132706e-01,1.0299170911e-01,1.0085137207e-01,1.0297318978e-01,1.0125109897e-01,9.9488610083e-02,9.7566151966e-02
3035,30.3500,1.0694801717e-01,1.0501609308e-01,1.0304647513e-01,1.0090613809e-01,1.0302795580e-01,1.0130586499e-01,9.9543376104e-02,9.7620917986e-02
3036,30.3600,1.0700278319e-01,1.0507085910e-01,1.0310124115e-01,1.0096090411e-01,1.0308272182e-01,1.0136063101e-01,9.9598142124e-02,9.7675684007e-02
3037,30.3700,1.0705754921e-01,1.0512562512e-01,1.0315600718e-01,1.0101567014e-01,1.0313748784e-01,1.0141539704e-01,9.9652908144e-02,9.7730450027e-02
3038,30.3800,1.0711231524e-01,1.0518039114e-01,1.0321077320e-01,1.0107043616e-01,1.0319225386e-01,1.0147016306e-01,9.9707674164e-02,9.7785216048e-02
3039,30.3900,1.0716708126e-01,1.0523515716e-01,1.0326553922e-01,1.0112520218e-01,1.0324701988e-01,1.0152492908e-01,9.9762440185e-02,9.7839982068e-02
3040,30.4000,1.0722184728e-01,1.0528992319e-01,1.0332030524e-01,1.0117996820e-01,1.0330178590e-01,1.0157969510e-01,9.9817206205e-02,9.7894748088e-02
3041,30.4100,1.0727661330e-01,1.0534468921e-01,1.0337507126e-01,1.0123473422e-01,1.0335655192e-01,1.0163446112e-01,9.9871972225e-02,9.7949514109e-02
3042,30.4200,1.0733137932e-01,1.0539945523e-01,1.0342983728e-01,1.0128950024e-01,1.0341131794e-01,1.0168922714e-01,9.9926738245e-02,9.8004280129e-02
3043,30.4300,1.0738614534e-01,1.0545422125e-01,1.0348460330e-01,1.0134426626e-01,1.0346608396e-01,1.0174399316e-01,9.9981504266e-02,9.8059046150e-02
3044,30.4400,1.0744091137e-01,1.0550898727e-01,1.0353936932e-01,1.0139903228e-01,1.0352084998e-01,1.0179875918e-01,1.0003627029e-01,9.8113812170e-02
3045,30.4500,1.0749567739e-01,1.0556375329e-01,1.0359413534e-01,1.0145379830e-01,1.0357561600e-01,1.0185352520e-01,1.0009103631e-01,9.8168578191e-02
3046,30.4600,1.0755044341e-01,1.0561851932e-01,1.0364890136e-01,1.0150856432e-01,1.0363038202e-01,1.0190829122e-01,1.0014580233e-01,9.8223344211e-02
3047,30.4700,1.0760520943e-01,1.0567328534e-01,1.0370366738e-01,1.0156333034e-01,1.0368514804e-01,1.0196305724e-01,1.0020056835e-01,9.8278110231e-02
3048,30.4800,1.0765997545e-01,1.0572805136e-01,1.0375843340e-01,1.0161809637e-01,1.0373991406e-01,1.0201782326e-01,1.0025533437e-01,9.8332876252e-02
3049,30.4900,1.0771474147e-01,1.0578281738e-01,1.0381319942e-01,1.0167286239e-01,1.0379468008e-01,1.0207258928e-01,1.0031010039e-01,9.8387642272e-02
3050,30.5000,1.0776950750e-01,1.0583758340e-01,1.0386796545e-01,1.0172762841e-01,1.0384944610e-01,1.0212735530e-01,1.0036486641e-01,9.8442408293e-02
3051,30.5100,1.0782427352e-01,1.0589234942e-01,1.0392273147e-01,1.0178239443e-01,1.0390421212e-01,1.0218212133e-01,1.0041963243e-01,9.8497174313e-02
3052,30.5200,1.0787903954e-01,1.0594711545e-01,1.0397749749e-01,1.0183716045e-01,1.0395897814e-01,1.0223688735e-01,1.0047439845e-01,9.8551940334e-02
3053,30.5300,1.0793380556e-01,1.0600188147e-01,1.0403226351e-01,1.0189192647e-01,1.0401374416e-01,1.0229165337e-01,1.0052916447e-01,9.8606706354e-02
3054,30.5400,1.0798857158e-01,1.0605664749e-01,1.0408702953e-01,1.0194669249e-01,1.0406851018e-01,1.0234641939e-01,1.0058393049e-01,9.8661472375e-02
3055,30.5500,1.0804333760e-01,1.0611141351e-01,1.0414179555e-01,1.0200145851e-01,1.0412327620e-01,1.0240118541e-01,1.0063869651e-01,9.8716238395e-02
3056,30.5600,1.0809810363e-01,1.0616617953e-01,1.0419656157e-01,1.0205622453e-01,1.0417804222e-01,1.0245595143e-01,1.0069346253e-01,9.8771004416e-02
3057,30.5700,1.0815286965e-01,1.0622094556e-01,1.0425132759e-01,1.0211099055e-01,1.0423280824e-01,1.0251071745e-01,1.0074822855e-01,9.8825770436e-02
3058,30.5800,1.0820763567e-01,1.0627571158e-01,1.0430609361e-01,1.0216575658e-01,1.0428757426e-01,1.0256548347e-01,1.0080299457e-01,9.8880536456e-02
3059,30.5900,1.0826240169e-01,1.0633047760e-01,1.0436085963e-01,1.0222052260e-01,1.0434234028e-01,1.0262024949e-01,1.0085776059e-01,9.8935302477e-02
3060,30.6000,1.0831716771e-01,1.0638524362e-01,1.0441562565e-01,1.0227528862e-01,1.0439710630e-01,1.0267501551e-01,1.0091252661e-01,9.8990068497e-02
3061,30.6100,1.0837193373e-01,1.0644000964e-01,1.0447039168e-01,1.0233005464e-01,1.0445187232e-01,1.0272978153e-01,1.0096729263e-01,9.9044834518e-02
3062,30.6200,1.0842669976e-01,1.0649477567e-01,1.0452515770e-01,1.0238482066e-01,1.0450663834e-01,1.0278454755e-01,1.0102205865e-01,9.9099600538e-02
3063,30.6300,1.0848146578e-01,1.0654954169e-01,1.0457992372e-01,1.0243958668e-01,1.0456140436e-01,1.0283931358e-01,1.0107682467e-01,9.9154366559e-02
3064,30.6400,1.0853623180e-01,1.0660430771e-01,1.0463468974e-01,1.0249435270e-01,1.0461617038e-01,1.0289407960e-01,1.0113159069e-01,9.9209132579e-02
3065,30.6500,1.0859099782e-01,1.0665907373e-01,1.0468945576e-01,1.0254911872e-01,1.0467093640e-01,1.0294884562e-01,1.0118635671e-01,9.9263898600e-02
3066,30.6600,1.0864576384e-01,1.0671383975e-01,1.0474422178e-01,1.0260388474e-01,1.0472570242e-01,1.0300361164e-01,1.0124112273e-01,9.9318664620e-02
3067,30.6700,1.0870052986e-01,1.0676860577e-01,1.0479898780e-01,1.0265865076e-01,1.0478046844e-01,1.0305837766e-01,1.0129588875e-01,9.9373430641e-02
3068,30.6800,1.0875529589e-01,1.0682337180e-01,1.0485375382e-01,1.0271341678e-01,1.0483523446e-01,1.0311314368e-01,1.0135065477e-01,9.9428196661e-02
3069,30.6900,1.0881006191e-01,1.0687813782e-01,1.0490851984e-01,1.0276818281e-01,1.0489000048e-01,1.0316790970e-01,1.0140542080e-01,9.9482962682e-02
3070,30.7000,1.0886482793e-01,1.0693290384e-01,1.0496328586e-01,1.0282294883e-01,1.0494476650e-01,1.0322267572e-01,1.0146018682e-01,9.9537728702e-02
3071,30.7100,1.0891959395e-01,1.0698766986e-01,1.0501805188e-01,1.0287771485e-01,1.0499953252e-01,1.0327744174e-01,1.0151495284e-01,9.9592494722e-02
3072,30.7200,1.0897435997e-01,1.0704243588e-01,1.0507281791e-01,1.0293248087e-01,1.0505429854e-01,1.0333220776e-01,1.0156971886e-01,9.9647260743e-02
3073,30.7300,1.0902912599e-01,1.0709720191e-01,1.0512758393e-01,1.0298724689e-01,1.0510906456e-01,1.0338697378e-01,1.0162448488e-01,9.9702026763e-02
3074,30.7400,1.0908389202e-01,1.0715196793e-01,1.0518234995e-01,1.0304201291e-01,1.0516383058e-01,1.0344173980e-01,1.0167925090e-01,9.9756792784e-02
3075,30.7500,1.0913865804e-01,1.0720673395e-01,1.0523711597e-01,1.0309677893e-01,1.0521859660e-01,1.0349650583e-01,1.0173401692e-01,9.9811558804e-02
3076,30.7600,1.0919342406e-01,1.0726149997e-01,1.0529188199e-01,1.0315154495e-01,1.0527336262e-01,1.0355127185e-01,1.0178878294e-01,9.9866324825e-02
3077,30.7700,1.0924819008e-01,1.0731626599e-01,1.0534664801e-01,1.0320631097e-01,1.0532812864e-01,1.0360603787e-01,1.0184354896e-01,9.9921090845e-02
3078,30.7800,1.0930295610e-01,1.0737103202e-01,1.0540141403e-01,1.0326107699e-01,1.0538289466e-01,1.0366080389e-01,1.0189831498e-01,9.9975856866e-02
3079,30.7900,1.0935772212e-01,1.0742579804e-01,1.0545618005e-01,1.0331584301e-01,1.0543766068e-01,1.0371556991e-01,1.0195308100e-01,1.0003062289e-01
3080,30.8000,1.0941248815e-01,1.0748056406e-01,1.0551094607e-01,1.0337060904e-01,1.0549242670e-01,1.0377033593e-01,1.0200784702e-01,1.0008538891e-01
3081,30.8100,1.0946725417e-01,1.0753533008e-01,1.0556571209e-01,1.0342537506e-01,1.0554719272e-01,1.0382510195e-01,1.0206261304e-01,1.0014015493e-01
3082,30.8200,1.0952202019e-01,1.0759009610e-01,1.0562047812e-01,1.0348014108e-01,1.0560195874e-01,1.0387986797e-01,1.0211737906e-01,1.0019492095e-01
3083,30.8300,1.0957678621e-01,1.0764486212e-01,1.0567524414e-01,1.0353490710e-01,1.0565672476e-01,1.0393463399e-01,1.0217214508e-01,1.0024968697e-01
3084,30.8400,1.0963155223e-01,1.0769962815e-01,1.0573001016e-01,1.0358967312e-01,1.0571149078e-01,1.0398940001e-01,1.0222691110e-01,1.0030445299e-01
3085,30.8500,1.0968631825e-01,1.0775439417e-01,1.0578477618e-01,1.0364443914e-01,1.0576625680e-01,1.0404416603e-01,1.0228167712e-01,1.0035921901e-01
3086,30.8600,1.0974108428e-01,1.0780916019e-01,1.0583954220e-01,1.0369920516e-01,1.0582102282e-01,1.0409893206e-01,1.0233644314e-01,1.0041398503e-01
3087,30.8700,1.0979585030e-01,1.0786392621e-01,1.0589430822e-01,1.0375397118e-01,1.0587578884e-01,1.0415369808e-01,1.0239120916e-01,1.0046875105e-01
3088,30.8800,1.0985061632e-01,1.0791869223e-01,1.0594907424e-01,1.0380873720e-01,1.0593055486e-01,1.0420846410e-01,1.0244597518e-01,1.0052351707e-01
3089,30.8900,1.0990538234e-01,1.0797345826e-01,1.0600384026e-01,1.0386350322e-01,1.0598532088e-01,1.0426323012e-01,1.0250074120e-01,1.0057828309e-01
3090,30.9000,1.0996014836e-01,1.0802822428e-01,1.0605860628e-01,1.0391826924e-01,1.0604008690e-01,1.0431799614e-01,1.0255550723e-01,1.0063304911e-01
3091,30.9100,1.1001491438e-01,1.0808299030e-01,1.0611337230e-01,1.0397303527e-01,1.0609485292e-01,1.0437276216e-01,1.0261027325e-01,1.0068781513e-01
3092,30.9200,1.1006968041e-01,1.0813775632e-01,1.0616813833e-01,1.0402780129e-01,1.0614961894e-01,1.0442752818e-01,1.0266503927e-01,1.0074258115e-01
3093,30.9300,1.1012444643e-01,1.0819252234e-01,1.0622290435e-01,1.0408256731e-01,1.0620438496e-01,1.0448229420e-01,1.0271980529e-01,1.0079734717e-01
3094,30.9400,1.1017921245e-01,1.0824728837e-01,1.0627767037e-01,1.0413733333e-01,1.0625915098e-01,1.0453706022e-01,1.0277457131e-01,1.0085211319e-01
3095,30.9500,1.1023397847e-01,1.0830205439e-01,1.0633243639e-01,1.0419209935e-01,1.0631391700e-01,1.0459182624e-01,1.0282933733e-01,1.0090687921e-01
3096,30.9600,1.1028874449e-01,1.0835682041e-01,1.0638720241e-01,1.0424686537e-01,1.0636868302e-01,1.0464659227e-01,1.0288410335e-01,1.0096164523e-01
3097,30.9700,1.1034351051e-01,1.0841158643e-01,1.0644196843e-01,1.0430163139e-01,1.0642344904e-01,1.0470135829e-01,1.0293886937e-01,1.0101641126e-01
3098,30.9800,1.1039827654e-01,1.0846635245e-01,1.0649673445e-01,1.0435639741e-01,1.0647821506e-01,1.0475612431e-01,1.0299363539e-01,1.0107117728e-01
3099,30.9900,1.1045304256e-01,1.0852111848e-01,1.0655150047e-01,1.0441116343e-01,1.0653298108e-01,1.0481089033e-01,1.0304840141e-01,1.0112594330e-01
3100,31.0000,1.1050780858e-01,1.0857588450e-01,1.0660626649e-01,1.0446592945e-01,1.0658774710e-01,1.0486565635e-01,1.0310316743e-01,1.0118070932e-01
3101,31.0100,1.1056257460e-01,1.0863065052e-01,1.0666103251e-01,1.0452069548e-01,1.0664251312e-01,1.0492042237e-01,1.0315793345e-01,1.0123547534e-01
3102,31.0200,1.1061734062e-01,1.0868541654e-01,1.0671579854e-01,1.0457546150e-01,1.0669727914e-01,1.0497518839e-01,1.0321269947e-01,1.0129024136e-01
3103,31.0300,1.1067210664e-01,1.0874018256e-01,1.0677056456e-01,1.0463022752e-01,1.0675204516e-01,1.0502995441e-01,1.0326746549e-01,1.0134500738e-01
3104,31.0400,1.1072687267e-01,1.0879494859e-01,1.0682533058e-01,1.0468499354e-01,1.0680681118e-01,1.0508472043e-01,1.0332223151e-01,1.0139977340e-01
3105,31.0500,1.1078163869e-01,1.0884971461e-01,1.0688009660e-01,1.0473975956e-01,1.0686157720e-01,1.0513948645e-01,1.0337699753e-01,1.0145453942e-01
3106,31.0600,1.1083640471e-01,1.0890448063e-01,1.0693486262e-01,1.0479452558e-01,1.0691634322e-01,1.0519425248e-01,1.0343176355e-01,1.0150930544e-01
3107,31.0700,1.1089117073e-01,1.0895924665e-01,1.0698962864e-01,1.0484929160e-01,1.0697110924e-01,1.0524901850e-01,1.0348652957e-01,1.0156407146e-01
3108,31.0800,1.1094593675e-01,1.0901401267e-01,1.0704439466e-01,1.0490405762e-01,1.0702587526e-01,1.0530378452e-01,1.0354129560e-01,1.0161883748e-01
3109,31.0900,1.1100070277e-01,1.0906877870e-01,1.0709916068e-01,1.0495882364e-01,1.0708064128e-01,1.0535855054e-01,1.0359606162e-01,1.0167360350e-01
3110,31.1000,1.1105546880e-01,1.0912354472e-01,1.0715392670e-01,1.0501358966e-01,1.0713540730e-01,1.0541331656e-01,1.0365082764e-01,1.0172836952e-01
3111,31.1100,1.1111023482e-01,1.0917831074e-01,1.0720869273e-01,1.0506835568e-01,1.0719017332e-01,1.0546808258e-01,1.0370559366e-01,1.0178313554e-01
3112,31.1200,1.1116500084e-01,1.0923307676e-01,1.0726345875e-01,1.0512312171e-01,1.0724493934e-01,1.0552284860e-01,1.0376035968e-01,1.0183790156e-01
3113,31.1300,1.1121976686e-01,1.0928784278e-01,1.0731822477e-01,1.0517788773e-01,1.0729970536e-01,1.0557761462e-01,1.0381512570e-01,1.0189266758e-01
3114,31.1400,1.1127453288e-01,1.0934260881e-01,1.0737299079e-01,1.0523265375e-01,1.0735447138e-01,1.0563238064e-01,1.0386989172e-01,1.0194743360e-01
3115,31.1500,1.1132929890e-01,1.0939737483e-01,1.0742775681e-01,1.0528741977e-01,1.0740923740e-01,1.0568714666e-01,1.0392465774e-01,1.0200219962e-01
3116,31.1600,1.1138406493e-01,1.0945214085e-01,1.0748252283e-01,1.0534218579e-01,1.0746400342e-01,1.0574191269e-01,1.0397942376e-01,1.0205696564e-01
3117,31.1700,1.1143883095e-01,1.0950690687e-01,1.0753728885e-01,1.0539695181e-01,1.0751876944e-01,1.0579667871e-01,1.0403418978e-01,1.0211173167e-01
3118,31.1800,1.1149359697e-01,1.0956167290e-01,1.0759205487e-01,1.0545171783e-01,1.0757353546e-01,1.0585144473e-01,1.0408895580e-01,1.0216649769e-01
3119,31.1900,1.1154836299e-01,1.0961643892e-01,1.0764682090e-01,1.0550648385e-01,1.0762830148e-01,1.0590621075e-01,1.0414372182e-01,1.0222126371e-01
3120,31.2000,1.1160312901e-01,1.0967120494e-01,1.0770158692e-01,1.0556124987e-01,1.0768306750e-01,1.0596097677e-01,1.0419848784e-01,1.0227602973e-01
3121,31.2100,1.1165789503e-01,1.0972597096e-01,1.0775635294e-01,1.0561601589e-01,1.0773783352e-01,1.0601574279e-01,1.0425325386e-01,1.0233079575e-01
3122,31.2200,1.1171266106e-01,1.0978073698e-01,1.0781111896e-01,1.0567078191e-01,1.0779259954e-01,1.0607050881e-01,1.0430801988e-01,1.0238556177e-01
3123,31.2300,1.1176742708e-01,1.0983550301e-01,1.0786588498e-01,1.0572554794e-01,1.0784736556e-01,1.0612527483e-01,1.0436278591e-01,1.0244032779e-01
3124,31.2400,1.1182219310e-01,1.0989026903e-01,1.0792065100e-01,1.0578031396e-01,1.0790213158e-01,1.0618004085e-01,1.0441755193e-01,1.0249509381e-01
3125,31.2500,1.1187695912e-01,1.0994503505e-01,1.0797541702e-01,1.0583507998e-01,1.0795689760e-01,1.0623480688e-01,1.0447231795e-01,1.0254985983e-01
3126,31.2600,1.1193172514e-01,1.0999980107e-01,1.0803018304e-01,1.0588984600e-01,1.0801166362e-01,1.0628957290e-01,1.0452708397e-01,1.0260462585e-01
3127,31.2700,1.1198649116e-01,1.1005456709e-01,1.0808494906e-01,1.0594461202e-01,1.0806642964e-01,1.0634433892e-01,1.0458184999e-01,1.0265939187e-01
3128,31.2800,1.1204125718e-01,1.1010933312e-01,1.0813971509e-01,1.0599937804e-01,1.0812119566e-01,1.0639910494e-01,1.0463661601e-01,1.0271415789e-01
3129,31.2900,1.1209602321e-01,1.1016409914e-01,1.0819448111e-01,1.0605414406e-01,1.0817596168e-01,1.0645387096e-01,1.0469138203e-01,1.0276892391e-01
3130,31.3000,1.1215078923e-01,1.1021886516e-01,1.0824924713e-01,1.0610891008e-01,1.0823072770e-01,1.0650863698e-01,1.0474614805e-01,1.0282368993e-01
3131,31.3100,1.1220555525e-01,1.1027363118e-01,1.0830401315e-01,1.0616367610e-01,1.0828549372e-01,1.0656340300e-01,1.0480091407e-01,1.0287845595e-01
3132,31.3200,1.1226032127e-01,1.1032839720e-01,1.0835877917e-01,1.0621844212e-01,1.0834025974e-01,1.0661816902e-01,1.0485568009e-01,1.0293322197e-01
3133,31.3300,1.1231508729e-01,1.1038316323e-01,1.0841354519e-01,1.0627320814e-01,1.0839502576e-01,1.0667293504e-01,1.0491044611e-01,1.0298798799e-01
3134,31.3400,1.1236985331e-01,1.1043792925e-01,1.0846831121e-01,1.0632797417e-01,1.0844979178e-01,1.0672770106e-01,1.0496521213e-01,1.0304275401e-01
3135,31.3500,1.1242461934e-01,1.1049269527e-01,1.0852307723e-01,1.0638274019e-01,1.0850455780e-01,1.0678246709e-01,1.0501997815e-01,1.0309752003e-01
3136,31.3600,1.1247938536e-01,1.1054746129e-01,1.0857784326e-01,1.0643750621e-01,1.0855932382e-01,1.0683723311e-01,1.0507474417e-01,1.0315228606e-01
3137,31.3700,1.1253415138e-01,1.1060222731e-01,1.0863260928e-01,1.0649227223e-01,1.0861408984e-01,1.0689199913e-01,1.0512951019e-01,1.0320705208e-01
3138,31.3800,1.1258891740e-01,1.1065699334e-01,1.0868737530e-01,1.0654703825e-01,1.0866885586e-01,1.0694676515e-01,1.0518427622e-01,1.0326181810e-01
3139,31.3900,1.1264368342e-01,1.1071175936e-01,1.0874214132e-01,1.0660180427e-01,1.0872362188e-01,1.0700153117e-01,1.0523904224e-01,1.0331658412e-01
3140,31.4000,1.1269844944e-01,1.1076652538e-01,1.0879690734e-01,1.0665657029e-01,1.0877838790e-01,1.0705629719e-01,1.0529380826e-01,1.0337135014e-01
3141,31.4100,1.1275321547e-01,1.1082129140e-01,1.0885167336e-01,1.0671133631e-01,1.0883315392e-01,1.0711106321e-01,1.0534857428e-01,1.0342611616e-01
3142,31.4200,1.1280798149e-01,1.1087605743e-01,1.0890643938e-01,1.0676610233e-01,1.0888791994e-01,1.0716582923e-01,1.0540334030e-01,1.0348088218e-01
3143,31.4300,1.1286274751e-01,1.1093082345e-01,1.0896120540e-01,1.0682086835e-01,1.0894268596e-01,1.0722059525e-01,1.0545810632e-01,1.0353564820e-01
3144,31.4400,1.1291751353e-01,1.1098558947e-01,1.0901597143e-01,1.0687563437e-01,1.0899745198e-01,1.0727536128e-01,1.0551287234e-01,1.0359041422e-01
3145,31.4500,1.1297227955e-01,1.1104035549e-01,1.0907073745e-01,1.0693040040e-01,1.0905221800e-01,1.0733012730e-01,1.0556763836e-01,1.0364518024e-01
3146,31.4600,1.1302704557e-01,1.1109512151e-01,1.0912550347e-01,1.0698516642e-01,1.0910698402e-01,1.0738489332e-01,1.0562240438e-01,1.0369994626e-01
3147,31.4700,1.1308181160e-01,1.1114988754e-01,1.0918026949e-01,1.0703993244e-01,1.0916175004e-01,1.0743965934e-01,1.0567717040e-01,1.0375471228e-01
3148,31.4800,1.1313657762e-01,1.1120465356e-01,1.0923503551e-01,1.0709469846e-01,1.0921651606e-01,1.0749442536e-01,1.0573193642e-01,1.0380947830e-01
3149,31.4900,1.1319134364e-01,1.1125941958e-01,1.0928980153e-01,1.0714946448e-01,1.0927128208e-01,1.0754919138e-01,1.0578670244e-01,1.0386424432e-01
3150,31.5000,1.1324610966e-01,1.1131418560e-01,1.0934456755e-01,1.0720423050e-01,1.0932604810e-01,1.0760395740e-01,1.0584146846e-01,1.0391901034e-01
3151,31.5100,1.1330087568e-01,1.1136895162e-01,1.0939933357e-01,1.0725899652e-01,1.0938081412e-01,1.0765872342e-01,1.0589623448e-01,1.0397377636e-01
3152,31.5200,1.1335564170e-01,1.1142371765e-01,1.0945409960e-01,1.0731376254e-01,1.0943558014e-01,1.0771348945e-01,1.0595100051e-01,1.0402854238e-01
3153,31.5300,1.1341040773e-01,1.1147848367e-01,1.0950886562e-01,1.0736852856e-01,1.0949034616e-01,1.0776825547e-01,1.0600576653e-01,1.0408330840e-01
3154,31.5400,1.1346517375e-01,1.1153324969e-01,1.0956363164e-01,1.0742329458e-01,1.0954511218e-01,1.0782302149e-01,1.0606053255e-01,1.0413807443e-01
3155,31.5500,1.1351993977e-01,1.1158801571e-01,1.0961839766e-01,1.0747806060e-01,1.0959987820e-01,1.0787778751e-01,1.0611529857e-01,1.0419284045e-01
3156,31.5600,1.1357470579e-01,1.1164278174e-01,1.0967316368e-01,1.0753282663e-01,1.0965464422e-01,1.0793255353e-01,1.0617006459e-01,1.0424760647e-01
3157,31.5700,1.1362947181e-01,1.1169754776e-01,1.0972792970e-01,1.0758759265e-01,1.0970941024e-01,1.0798731955e-01,1.0622483061e-01,1.0430237249e-01
3158,31.5800,1.1368423783e-01,1.1175231378e-01,1.0978269572e-01,1.0764235867e-01,1.0976417626e-01,1.0804208557e-01,1.0627959663e-01,1.0435713851e-01
3159,31.5900,1.1373900385e-01,1.1180707980e-01,1.0983746174e-01,1.0769712469e-01,1.0981894228e-01,1.0809685159e-01,1.0633436265e-01,1.0441190453e-01
3160,31.6000,1.1379376988e-01,1.1186184582e-01,1.0989222777e-01,1.0775189071e-01,1.0987370830e-01,1.0815161761e-01,1.0638912867e-01,1.0446667055e-01
3161,31.6100,1.1384853590e-01,1.1191661185e-01,1.0994699379e-01,1.0780665673e-01,1.0992847432e-01,1.0820638364e-01,1.0644389469e-01,1.0452143657e-01
3162,31.6200,1.1390330192e-01,1.1197137787e-01,1.1000175981e-01,1.0786142275e-01,1.0998324034e-01,1.0826114966e-01,1.0649866071e-01,1.0457620259e-01
3163,31.6300,1.1395806794e-01,1.1202614389e-01,1.1005652583e-01,1.0791618877e-01,1.1003800636e-01,1.0831591568e-01,1.0655342673e-01,1.0463096861e-01
3164,31.6400,1.1401283396e-01,1.1208090991e-01,1.1011129185e-01,1.0797095479e-01,1.1009277238e-01,1.0837068170e-01,1.0660819276e-01,1.0468573463e-01
3165,31.6500,1.1406759998e-01,1.1213567593e-01,1.1016605787e-01,1.0802572081e-01,1.1014753840e-01,1.0842544772e-01,1.0666295878e-01,1.0474050065e-01
3166,31.6600,1.1412236601e-01,1.1219044196e-01,1.1022082389e-01,1.0808048683e-01,1.1020230442e-01,1.0848021374e-01,1.0671772480e-01,1.0479526667e-01
3167,31.6700,1.1417713203e-01,1.1224520798e-01,1.1027558992e-01,1.0813525285e-01,1.1025707044e-01,1.0853497976e-01,1.0677249082e-01,1.0485003269e-01
3168,31.6800,1.1423189805e-01,1.1229997400e-01,1.1033035594e-01,1.0819001888e-01,1.1031183646e-01,1.0858974578e-01,1.0682725684e-01,1.0490479871e-01
3169,31.6900,1.1428666407e-01,1.1235474002e-01,1.1038512196e-01,1.0824478490e-01,1.1036660248e-01,1.0864451180e-01,1.0688202286e-01,1.0495956473e-01
3170,31.7000,1.1434143009e-01,1.1240950605e-01,1.1043988798e-01,1.0829955092e-01,1.1042136850e-01,1.0869927783e-01,1.0693678888e-01,1.0501433075e-01
3171,31.7100,1.1439619611e-01,1.1246427207e-01,1.1049465400e-01,1.0835431694e-01,1.1047613452e-01,1.0875404385e-01,1.0699155490e-01,1.0506909677e-01
3172,31.7200,1.1445096214e-01,1.1251903809e-01,1.1054942002e-01,1.0840908296e-01,1.1053090054e-01,1.0880880987e-01,1.0704632092e-01,1.0512386280e-01
3173,31.7300,1.1450572816e-01,1.1257380411e-01,1.1060418604e-01,1.0846384898e-01,1.1058566656e-01,1.0886357589e-01,1.0710108694e-01,1.0517862882e-01
3174,31.7400,1.1456049418e-01,1.1262857013e-01,1.1065895206e-01,1.0851861500e-01,1.1064043258e-01,1.0891834191e-01,1.0715585296e-01,1.0523339484e-01
3175,31.7500,1.1461526020e-01,1.1268333616e-01,1.1071371809e-01,1.0857338102e-01,1.1069519860e-01,1.0897310793e-01,1.0721061898e-01,1.0528816086e-01
3176,31.7600,1.1467002622e-01,1.1273810218e-01,1.1076848411e-01,1.0862814704e-01,1.1074996462e-01,1.0902787395e-01,1.0726538500e-01,1.0534292688e-01
3177,31.7700,1.1472479224e-01,1.1279286820e-01,1.1082325013e-01,1.0868291306e-01,1.1080473064e-01,1.0908263997e-01,1.0732015103e-01,1.0539769290e-01
3178,31.7800,1.1477955826e-01,1.1284763422e-01,1.1087801615e-01,1.0873767908e-01,1.1085949666e-01,1.0913740600e-01,1.0737491705e-01,1.0545245892e-01
3179,31.7900,1.1483432429e-01,1.1290240025e-01,1.1093278217e-01,1.0879244511e-01,1.1091426268e-01,1.0919217202e-01,1.0742968307e-01,1.0550722494e-01
3180,31.8000,1.1488909031e-01,1.1295716627e-01,1.1098754819e-01,1.0884721113e-01,1.1096902870e-01,1.0924693804e-01,1.0748444909e-01,1.0556199096e-01
3181,31.8100,1.1494385633e-01,1.1301193229e-01,1.1104231421e-01,1.0890197715e-01,1.1102379472e-01,1.0930170406e-01,1.0753921511e-01,1.0561675698e-01
3182,31.8200,1.1499862235e-01,1.1306669831e-01,1.1109708024e-01,1.0895674317e-01,1.1107856074e-01,1.0935647008e-01,1.0759398113e-01,1.0567152300e-01
3183,31.8300,1.1505338837e-01,1.1312146433e-01,1.1115184626e-01,1.0901150919e-01,1.1113332676e-01,1.0941123610e-01,1.0764874715e-01,1.0572628902e-01
3184,31.8400,1.1510815439e-01,1.1317623036e-01,1.1120661228e-01,1.0906627521e-01,1.1118809278e-01,1.0946600212e-01,1.0770351317e-01,1.0578105504e-01
3185,31.8500,1.1516292042e-01,1.1323099638e-01,1.1126137830e-01,1.0912104123e-01,1.1124285880e-01,1.0952076814e-01,1.0775827919e-01,1.0583582106e-01
3186,31.8600,1.1521768644e-01,1.1328576240e-01,1.1131614432e-01,1.0917580725e-01,1.1129762482e-01,1.0957553417e-01,1.0781304521e-01,1.0589058708e-01
3187,31.8700,1.1527245246e-01,1.1334052842e-01,1.1137091034e-01,1.0923057327e-01,1.1135239084e-01,1.0963030019e-01,1.0786781123e-01,1.0594535310e-01
3188,31.8800,1.1532721848e-01,1.1339529445e-01,1.1142567636e-01,1.0928533929e-01,1.1140715686e-01,1.0968506621e-01,1.0792257725e-01,1.0600011912e-01
3189,31.8900,1.1538198450e-01,1.1345006047e-01,1.1148044238e-01,1.0934010531e-01,1.1146192288e-01,1.0973983223e-01,1.0797734328e-01,1.0605488515e-01
3190,31.9000,1.1543675052e-01,1.1350482649e-01,1.1153520841e-01,1.0939487134e-01,1.1151668890e-01,1.0979459825e-01,1.0803210930e-01,1.0610965117e-01
3191,31.9100,1.1549151655e-01,1.1355959251e-01,1.1158997443e-01,1.0944963736e-01,1.1157145492e-01,1.0984936427e-01,1.0808687532e-01,1.0616441719e-01
3192,31.9200,1.1554628257e-01,1.1361435853e-01,1.1164474045e-01,1.0950440338e-01,1.1162622094e-01,1.0990413029e-01,1.0814164134e-01,1.0621918321e-01
3193,31.9300,1.1560104859e-01,1.1366912456e-01,1.1169950647e-01,1.0955916940e-01,1.1168098696e-01,1.0995889631e-01,1.0819640736e-01,1.0627394923e-01
3194,31.9400,1.1565581461e-01,1.1372389058e-01,1.1175427249e-01,1.0961393542e-01,1.1173575298e-01,1.1001366234e-01,1.0825117338e-01,1.0632871525e-01
3195,31.9500,1.1571058063e-01,1.1377865660e-01,1.1180903851e-01,1.0966870144e-01,1.1179051900e-01,1.1006842836e-01,1.0830593940e-01,1.0638348127e-01
3196,31.9600,1.1576534665e-01,1.1383342262e-01,1.1186380453e-01,1.0972346746e-01,1.1184528502e-01,1.1012319438e-01,1.0836070542e-01,1.0643824729e-01
3197,31.9700,1.1582011267e-01,1.1388818865e-01,1.1191857056e-01,1.0977823348e-01,1.1190005104e-01,1.1017796040e-01,1.0841547144e-01,1.0649301331e-01
3198,31.9800,1.1587487870e-01,1.1394295467e-01,1.1197333658e-01,1.0983299950e-01,1.1195481706e-01,1.1023272642e-01,1.0847023746e-01,1.0654777933e-01
3199,31.9900,1.1592964472e-01,1.1399772069e-01,1.1202810260e-01,1.0988776552e-01,1.1200958308e-01,1.1028749244e-01,1.0852500348e-01,1.0660254535e-01
3200,32.0000,1.1598441074e-01,1.1405248671e-01,1.1208286862e-01,1.0994253154e-01,1.1206434910e-01,1.1034225846e-01,1.0857976950e-01,1.0665731137e-01
3201,32.0100,1.1603917676e-01,1.1410725273e-01,1.1213763464e-01,1.0999729757e-01,1.1211911512e-01,1.1039702448e-01,1.0863453553e-01,1.0671207739e-01
3202,32.0200,1.1609394278e-01,1.1416201876e-01,1.1219240066e-01,1.1005206359e-01,1.1217388114e-01,1.1045179051e-01,1.0868930155e-01,1.0676684341e-01
3203,32.0300,1.1614870880e-01,1.1421678478e-01,1.1224716668e-01,1.1010682961e-01,1.1222864716e-01,1.1050655653e-01,1.0874406757e-01,1.0682160943e-01
3204,32.0400,1.1620347483e-01,1.1427155080e-01,1.1230193271e-01,1.1016159563e-01,1.1228341318e-01,1.1056132255e-01,1.0879883359e-01,1.0687637545e-01
3205,32.0500,1.1625824085e-01,1.1432631682e-01,1.1235669873e-01,1.1021636165e-01,1.1233817920e-01,1.1061608857e-01,1.0885359961e-01,1.0693114147e-01
3206,32.0600,1.1631300687e-01,1.1438108285e-01,1.1241146475e-01,1.1027112767e-01,1.1239294522e-01,1.1067085459e-01,1.0890836563e-01,1.0698590749e-01
3207,32.0700,1.1636777289e-01,1.1443584887e-01,1.1246623077e-01,1.1032589369e-01,1.1244771124e-01,1.1072562061e-01,1.0896313165e-01,1.0704067352e-01
3208,32.0800,1.1642253891e-01,1.1449061489e-01,1.1252099679e-01,1.1038065971e-01,1.1250247726e-01,1.1078038663e-01,1.0901789767e-01,1.0709543954e-01
3209,32.0900,1.1647730493e-01,1.1454538091e-01,1.1257576281e-01,1.1043542573e-01,1.1255724328e-01,1.1083515265e-01,1.0907266369e-01,1.0715020556e-01
3210,32.1000,1.1653207095e-01,1.1460014693e-01,1.1263052883e-01,1.1049019175e-01,1.1261200930e-01,1.1088991868e-01,1.0912742971e-01,1.0720497158e-01
3211,32.1100,1.1658683698e-01,1.1465491296e-01,1.1268529486e-01,1.1054495777e-01,1.1266677532e-01,1.1094468470e-01,1.0918219573e-01,1.0725973760e-01
3212,32.1200,1.1664160300e-01,1.1470967898e-01,1.1274006088e-01,1.1059972379e-01,1.1272154134e-01,1.1099945072e-01,1.0923696176e-01,1.0731450362e-01
3213,32.1300,1.1669636902e-01,1.1476444500e-01,1.1279482690e-01,1.1065448982e-01,1.1277630736e-01,1.1105421674e-01,1.0929172778e-01,1.0736926964e-01
3214,32.1400,1.1675113504e-01,1.1481921102e-01,1.1284959292e-01,1.1070925584e-01,1.1283107338e-01,1.1110898276e-01,1.0934649380e-01,1.0742403566e-01
3215,32.1500,1.1680590106e-01,1.1487397705e-01,1.1290435894e-01,1.1076402186e-01,1.1288583940e-01,1.1116374878e-01,1.0940125982e-01,1.0747880168e-01
3216,32.1600,1.1686066708e-01,1.1492874307e-01,1.1295912496e-01,1.1081878788e-01,1.1294060542e-01,1.1121851480e-01,1.0945602584e-01,1.0753356770e-01
3217,32.1700,1.1691543311e-01,1.1498350909e-01,1.1301389098e-01,1.1087355390e-01,1.1299537145e-01,1.1127328082e-01,1.0951079186e-01,1.0758833372e-01
3218,32.1800,1.1697019913e-01,1.1503827511e-01,1.1306865701e-01,1.1092831992e-01,1.1305013747e-01,1.1132804685e-01,1.0956555788e-01,1.0764309974e-01
3219,32.1900,1.1702496515e-01,1.1509304113e-01,1.1312342303e-01,1.1098308594e-01,1.1310490349e-01,1.1138281287e-01,1.0962032390e-01,1.0769786576e-01
3220,32.2000,1.1707973117e-01,1.1514780716e-01,1.1317818905e-01,1.1103785196e-01,1.1315966951e-01,1.1143757889e-01,1.0967508992e-01,1.0775263178e-01
3221,32.2100,1.1713449719e-01,1.1520257318e-01,1.1323295507e-01,1.1109261798e-01,1.1321443553e-01,1.1149234491e-01,1.0972985594e-01,1.0780739780e-01
3222,32.2200,1.1718926321e-01,1.1525733920e-01,1.1328772109e-01,1.1114738400e-01,1.1326920155e-01,1.1154711093e-01,1.0978462196e-01,1.0786216382e-01
3223,32.2300,1.1724402923e-01,1.1531210522e-01,1.1334248711e-01,1.1120215002e-01,1.1332396757e-01,1.1160187695e-01,1.0983938799e-01,1.0791692984e-01
3224,32.2400,1.1729879526e-01,1.1536687125e-01,1.1339725313e-01,1.1125691605e-01,1.1337873359e-01,1.1165664297e-01,1.0989415401e-01,1.0797169587e-01
3225,32.2500,1.1735356128e-01,1.1542163727e-01,1.1345201916e-01,1.1131168207e-01,1.1343349961e-01,1.1171140899e-01,1.0994892003e-01,1.0802646189e-01
3226,32.2600,1.1740832730e-01,1.1547640329e-01,1.1350678518e-01,1.1136644809e-01,1.1348826563e-01,1.1176617502e-01,1.1000368605e-01,1.0808122791e-01
3227,32.2700,1.1746309332e-01,1.1553116931e-01,1.1356155120e-01,1.1142121411e-01,1.1354303165e-01,1.1182094104e-01,1.1005845207e-01,1.0813599393e-01
3228,32.2800,1.1751785934e-01,1.1558593534e-01,1.1361631722e-01,1.1147598013e-01,1.1359779767e-01,1.1187570706e-01,1.1011321809e-01,1.0819075995e-01
3229,32.2900,1.1757262536e-01,1.1564070136e-01,1.1367108324e-01,1.1153074615e-01,1.1365256369e-01,1.1193047308e-01,1.1016798411e-01,1.0824552597e-01
3230,32.3000,1.1762739139e-01,1.1569546738e-01,1.1372584926e-01,1.1158551217e-01,1.1370732971e-01,1.1198523910e-01,1.1022275013e-01,1.0830029199e-01
3231,32.3100,1.1768215741e-01,1.1575023340e-01,1.1378061528e-01,1.1164027819e-01,1.1376209573e-01,1.1204000512e-01,1.1027751615e-01,1.0835505801e-01
3232,32.3200,1.1773692343e-01,1.1580499942e-01,1.1383538131e-01,1.1169504421e-01,1.1381686175e-01,1.1209477114e-01,1.1033228217e-01,1.0840982403e-01
3233,32.3300,1.1779168945e-01,1.1585976545e-01,1.1389014733e-01,1.1174981023e-01,1.1387162777e-01,1.1214953716e-01,1.1038704819e-01,1.0846459005e-01
3234,32.3400,1.1784645547e-01,1.1591453147e-01,1.1394491335e-01,1.1180457625e-01,1.1392639379e-01,1.1220430319e-01,1.1044181422e-01,1.0851935607e-01
3235,32.3500,1.1790122149e-01,1.1596929749e-01,1.1399967937e-01,1.1185934227e-01,1.1398115981e-01,1.1225906921e-01,1.1049658024e-01,1.0857412209e-01
3236,32.3600,1.1795598751e-01,1.1602406351e-01,1.1405444539e-01,1.1191410830e-01,1.1403592583e-01,1.1231383523e-01,1.1055134626e-01,1.0862888811e-01
3237,32.3700,1.1801075354e-01,1.1607882954e-01,1.1410921141e-01,1.1196887432e-01,1.1409069185e-01,1.1236860125e-01,1.1060611228e-01,1.0868365413e-01
3238,32.3800,1.1806551956e-01,1.1613359556e-01,1.1416397743e-01,1.1202364034e-01,1.1414545787e-01,1.1242336727e-01,1.1066087830e-01,1.0873842015e-01
3239,32.3900,1.1812028558e-01,1.1618836158e-01,1.1421874346e-01,1.1207840636e-01,1.1420022389e-01,1.1247813329e-01,1.1071564432e-01,1.0879318617e-01
3240,32.4000,1.1817505160e-01,1.1624312760e-01,1.1427350948e-01,1.1213317238e-01,1.1425498991e-01,1.1253289931e-01,1.1077041034e-01,1.0884795220e-01
3241,32.4100,1.1822981762e-01,1.1629789362e-01,1.1432827550e-01,1.1218793840e-01,1.1430975593e-01,1.1258766533e-01,1.1082517636e-01,1.0890271822e-01
3242,32.4200,1.1828458364e-01,1.1635265965e-01,1.1438304152e-01,1.1224270442e-01,1.1436452195e-01,1.1264243136e-01,1.1087994238e-01,1.0895748424e-01
3243,32.4300,1.1833934967e-01,1.1640742567e-01,1.1443780754e-01,1.1229747044e-01,1.1441928797e-01,1.1269719738e-01,1.1093470840e-01,1.0901225026e-01
3244,32.4400,1.1839411569e-01,1.1646219169e-01,1.1449257356e-01,1.1235223646e-01,1.1447405399e-01,1.1275196340e-01,1.1098947442e-01,1.0906701628e-01
3245,32.4500,1.1844888171e-01,1.1651695771e-01,1.1454733958e-01,1.1240700248e-01,1.1452882001e-01,1.1280672942e-01,1.1104424045e-01,1.0912178230e-01
3246,32.4600,1.1850364773e-01,1.1657172374e-01,1.1460210561e-01,1.1246176850e-01,1.1458358603e-01,1.1286149544e-01,1.1109900647e-01,1.0917654832e-01
3247,32.4700,1.1855841375e-01,1.1662648976e-01,1.1465687163e-01,1.1251653453e-01,1.1463835205e-01,1.1291626146e-01,1.1115377249e-01,1.0923131434e-01
3248,32.4800,1.1861317977e-01,1.1668125578e-01,1.1471163765e-01,1.1257130055e-01,1.1469311807e-01,1.1297102748e-01,1.1120853851e-01,1.0928608036e-01
3249,32.4900,1.1866794579e-01,1.1673602180e-01,1.1476640367e-01,1.1262606657e-01,1.1474788409e-01,1.1302579350e-01,1.1126330453e-01,1.0934084638e-01
3250,32.5000,1.1872271182e-01,1.1679078783e-01,1.1482116969e-01,1.1268083259e-01,1.1480265011e-01,1.1308055953e-01,1.1131807055e-01,1.0939561240e-01
3251,32.5100,1.1877747784e-01,1.1684555385e-01,1.1487593571e-01,1.1273559861e-01,1.1485741613e-01,1.1313532555e-01,1.1137283657e-01,1.0945037842e-01
3252,32.5200,1.1883224386e-01,1.1690031987e-01,1.1493070174e-01,1.1279036463e-01,1.1491218215e-01,1.1319009157e-01,1.1142760259e-01,1.0950514444e-01
3253,32.5300,1.1888700988e-01,1.1695508589e-01,1.1498546776e-01,1.1284513065e-01,1.1496694817e-01,1.1324485759e-01,1.1148236861e-01,1.0955991046e-01
3254,32.5400,1.1894177590e-01,1.1700985191e-01,1.1504023378e-01,1.1289989667e-01,1.1502171419e-01,1.1329962361e-01,1.1153713463e-01,1.0961467648e-01
3255,32.5500,1.1899654192e-01,1.1706461794e-01,1.1509499980e-01,1.1295466269e-01,1.1507648021e-01,1.1335438963e-01,1.1159190065e-01,1.0966944250e-01
3256,32.5600,1.1905130795e-01,1.1711938396e-01,1.1514976582e-01,1.1300942871e-01,1.1513124623e-01,1.1340915565e-01,1.1164666668e-01,1.0972420852e-01
3257,32.5700,1.1910607397e-01,1.1717414998e-01,1.1520453184e-01,1.1306419473e-01,1.1518601225e-01,1.1346392168e-01,1.1170143270e-01,1.0977897455e-01
3258,32.5800,1.1916083999e-01,1.1722891600e-01,1.1525929786e-01,1.1311896075e-01,1.1524077827e-01,1.1351868770e-01,1.1175619872e-01,1.0983374057e-01
3259,32.5900,1.1921560601e-01,1.1728368203e-01,1.1531406389e-01,1.1317372678e-01,1.1529554429e-01,1.1357345372e-01,1.1181096474e-01,1.0988850659e-01
3260,32.6000,1.1927037203e-01,1.1733844805e-01,1.1536882991e-01,1.1322849280e-01,1.1535031031e-01,1.1362821974e-01,1.1186573076e-01,1.0994327261e-01
3261,32.6100,1.1932513805e-01,1.1739321407e-01,1.1542359593e-01,1.1328325882e-01,1.1540507633e-01,1.1368298576e-01,1.1192049678e-01,1.0999803863e-01
3262,32.6200,1.1937990407e-01,1.1744798009e-01,1.1547836195e-01,1.1333802484e-01,1.1545984235e-01,1.1373775178e-01,1.1197526280e-01,1.1005280465e-01
3263,32.6300,1.1943467010e-01,1.1750274611e-01,1.1553312797e-01,1.1339279086e-01,1.1551460838e-01,1.1379251780e-01,1.1203002882e-01,1.1010757067e-01
3264,32.6400,1.1948943612e-01,1.1755751214e-01,1.1558789399e-01,1.1344755688e-01,1.1556937440e-01,1.1384728382e-01,1.1208479484e-01,1.1016233669e-01
3265,32.6500,1.1954420214e-01,1.1761227816e-01,1.1564266001e-01,1.1350232290e-01,1.1562414042e-01,1.1390204985e-01,1.1213956086e-01,1.1021710271e-01
3266,32.6600,1.1959896816e-01,1.1766704418e-01,1.1569742604e-01,1.1355708892e-01,1.1567890644e-01,1.1395681587e-01,1.1219432689e-01,1.1027186873e-01
3267,32.6700,1.1965373418e-01,1.1772181020e-01,1.1575219206e-01,1.1361185494e-01,1.1573367246e-01,1.1401158189e-01,1.1224909291e-01,1.1032663475e-01
3268,32.6800,1.1970850020e-01,1.1777657623e-01,1.1580695808e-01,1.1366662096e-01,1.1578843848e-01,1.1406634791e-01,1.1230385893e-01,1.1038140077e-01
3269,32.6900,1.1976326622e-01,1.1783134225e-01,1.1586172410e-01,1.1372138698e-01,1.1584320450e-01,1.1412111393e-01,1.1235862495e-01,1.1043616679e-01
3270,32.7000,1.1981803225e-01,1.1788610827e-01,1.1591649012e-01,1.1377615300e-01,1.1589797052e-01,1.1417587995e-01,1.1241339097e-01,1.1049093281e-01
3271,32.7100,1.1987279827e-01,1.1794087429e-01,1.1597125614e-01,1.1383091903e-01,1.1595273654e-01,1.1423064597e-01,1.1246815699e-01,1.1054569883e-01
3272,32.7200,1.1992756429e-01,1.1799564032e-01,1.1602602217e-01,1.1388568505e-01,1.1600750256e-01,1.1428541200e-01,1.1252292301e-01,1.1060046485e-01
3273,32.7300,1.1998233031e-01,1.1805040634e-01,1.1608078819e-01,1.1394045107e-01,1.1606226858e-01,1.1434017802e-01,1.1257768903e-01,1.1065523088e-01
3274,32.7400,1.2003709633e-01,1.1810517236e-01,1.1613555421e-01,1.1399521709e-01,1.1611703460e-01,1.1439494404e-01,1.1263245505e-01,1.1070999690e-01
3275,32.7500,1.2009186235e-01,1.1815993838e-01,1.1619032023e-01,1.1404998311e-01,1.1617180062e-01,1.1444971006e-01,1.1268722107e-01,1.1076476292e-01
3276,32.7600,1.2014662838e-01,1.1821470440e-01,1.1624508625e-01,1.1410474913e-01,1.1622656664e-01,1.1450447608e-01,1.1274198709e-01,1.1081952894e-01
3277,32.7700,1.2020139440e-01,1.1826947043e-01,1.1629985227e-01,1.1415951515e-01,1.1628133266e-01,1.1455924210e-01,1.1279675312e-01,1.1087429496e-01
3278,32.7800,1.2025616042e-01,1.1832423645e-01,1.1635461829e-01,1.1421428117e-01,1.1633609868e-01,1.1461400812e-01,1.1285151914e-01,1.1092906098e-01
3279,32.7900,1.2031092644e-01,1.1837900247e-01,1.1640938432e-01,1.1426904719e-01,1.1639086470e-01,1.1466877414e-01,1.1290628516e-01,1.1098382700e-01
3280,32.8000,1.2036569246e-01,1.1843376849e-01,1.1646415034e-01,1.1432381321e-01,1.1644563072e-01,1.1472354017e-01,1.1296105118e-01,1.1103859302e-01
3281,32.8100,1.2042045848e-01,1.1848853452e-01,1.1651891636e-01,1.1437857923e-01,1.1650039674e-01,1.1477830619e-01,1.1301581720e-01,1.1109335904e-01
3282,32.8200,1.2047522450e-01,1.1854330054e-01,1.1657368238e-01,1.1443334526e-01,1.1655516276e-01,1.1483307221e-01,1.1307058322e-01,1.1114812506e-01
3283,32.8300,1.2052999053e-01,1.1859806656e-01,1.1662844840e-01,1.1448811128e-01,1.1660992878e-01,1.1488783823e-01,1.1312534924e-01,1.1120289108e-01
3284,32.8400,1.2058475655e-01,1.1865283258e-01,1.1668321442e-01,1.1454287730e-01,1.1666469480e-01,1.1494260425e-01,1.1318011526e-01,1.1125765710e-01
3285,32.8500,1.2063952257e-01,1.1870759861e-01,1.1673798044e-01,1.1459764332e-01,1.1671946082e-01,1.1499737027e-01,1.1323488128e-01,1.1131242312e-01
3286,32.8600,1.2069428859e-01,1.1876236463e-01,1.1679274647e-01,1.1465240934e-01,1.1677422684e-01,1.1505213629e-01,1.1328964730e-01,1.1136718914e-01
3287,32.8700,1.2074905461e-01,1.1881713065e-01,1.1684751249e-01,1.1470717536e-01,1.1682899286e-01,1.1510690231e-01,1.1334441333e-01,1.1142195516e-01
3288,32.8800,1.2080382063e-01,1.1887189667e-01,1.1690227851e-01,1.1476194138e-01,1.1688375888e-01,1.1516166834e-01,1.1339917935e-01,1.1147672118e-01
3289,32.8900,1.2085858665e-01,1.1892666269e-01,1.1695704453e-01,1.1481670740e-01,1.1693852490e-01,1.1521643436e-01,1.1345394537e-01,1.1153148720e-01
3290,32.9000,1.2091335268e-01,1.1898142872e-01,1.1701181055e-01,1.1487147342e-01,1.1699329092e-01,1.1527120038e-01,1.1350871139e-01,1.1158625323e-01
3291,32.9100,1.2096811870e-01,1.1903619474e-01,1.1706657657e-01,1.1492623944e-01,1.1704805694e-01,1.1532596640e-01,1.1356347741e-01,1.1164101925e-01
3292,32.9200,1.2102288472e-01,1.1909096076e-01,1.1712134260e-01,1.1498100546e-01,1.1710282296e-01,1.1538073242e-01,1.1361824343e-01,1.1169578527e-01
3293,32.9300,1.2107765074e-01,1.1914572678e-01,1.1717610862e-01,1.1503577148e-01,1.1715758898e-01,1.1543549844e-01,1.1367300945e-01,1.1175055129e-01
3294,32.9400,1.2113241676e-01,1.1920049281e-01,1.1723087464e-01,1.1509053751e-01,1.1721235500e-01,1.1549026446e-01,1.1372777547e-01,1.1180531731e-01
3295,32.9500,1.2118718278e-01,1.1925525883e-01,1.1728564066e-01,1.1514530353e-01,1.1726712102e-01,1.1554503049e-01,1.1378254149e-01,1.1186008333e-01
3296,32.9600,1.2124194881e-01,1.1931002485e-01,1.1734040668e-01,1.1520006955e-01,1.1732188704e-01,1.1559979651e-01,1.1383730751e-01,1.1191484935e-01
3297,32.9700,1.2129671483e-01,1.1936479087e-01,1.1739517270e-01,1.1525483557e-01,1.1737665306e-01,1.1565456253e-01,1.1389207354e-01,1.1196961537e-01
3298,32.9800,1.2135148085e-01,1.1941955690e-01,1.1744993872e-01,1.1530960159e-01,1.1743141909e-01,1.1570932855e-01,1.1394683956e-01,1.1202438139e-01
3299,32.9900,1.2140624687e-01,1.1947432292e-01,1.1750470475e-01,1.1536436761e-01,1.1748618511e-01,1.1576409457e-01,1.1400160558e-01,1.1207914741e-01
3300,33.0000,1.2146101289e-01,1.1952908894e-01,1.1755947077e-01,1.1541913363e-01,1.1754095113e-01,1.1581886059e-01,1.1405637160e-01,1.1213391343e-01
3301,33.0100,1.2151577891e-01,1.1958385496e-01,1.1761423679e-01,1.1547389965e-01,1.1759571715e-01,1.1587362661e-01,1.1411113762e-01,1.1218867945e-01
3302,33.0200,1.2157054493e-01,1.1963862098e-01,1.1766900281e-01,1.1552866567e-01,1.1765048317e-01,1.1592839263e-01,1.1416590364e-01,1.1224344547e-01
3303,33.0300,1.2162531096e-01,1.1969338701e-01,1.1772376883e-01,1.1558343169e-01,1.1770524919e-01,1.1598315866e-01,1.1422066966e-01,1.1229821149e-01
3304,33.0400,1.2168007698e-01,1.1974815303e-01,1.1777853485e-01,1.1563819771e-01,1.1776001521e-01,1.1603792468e-01,1.1427543568e-01,1.1235297751e-01
3305,33.0500,1.2173484300e-01,1.1980291905e-01,1.1783330088e-01,1.1569296373e-01,1.1781478123e-01,1.1609269070e-01,1.1433020170e-01,1.1240774353e-01
3306,33.0600,1.2178960902e-01,1.1985768507e-01,1.1788806690e-01,1.1574772976e-01,1.1786954725e-01,1.1614745672e-01,1.1438496772e-01,1.1246250956e-01
3307,33.0700,1.2184437504e-01,1.1991245110e-01,1.1794283292e-01,1.1580249578e-01,1.1792431327e-01,1.1620222274e-01,1.1443973375e-01,1.1251727558e-01
3308,33.0800,1.2189914106e-01,1.1996721712e-01,1.1799759894e-01,1.1585726180e-01,1.1797907929e-01,1.1625698876e-01,1.1449449977e-01,1.1257204160e-01
3309,33.0900,1.2195390708e-01,1.2002198314e-01,1.1805236496e-01,1.1591202782e-01,1.1803384531e-01,1.1631175478e-01,1.1454926579e-01,1.1262680762e-01
3310,33.1000,1.2200867311e-01,1.2007674916e-01,1.1810713098e-01,1.1596679384e-01,1.1808861133e-01,1.1636652081e-01,1.1460403181e-01,1.1268157364e-01
3311,33.1100,1.2206343913e-01,1.2013151519e-01,1.1816189700e-01,1.1602155986e-01,1.1814337735e-01,1.1642128683e-01,1.1465879783e-01,1.1273633966e-01
3312,33.1200,1.2211820515e-01,1.2018628121e-01,1.1821666303e-01,1.1607632588e-01,1.1819814337e-01,1.1647605285e-01,1.1471356385e-01,1.1279110568e-01
3313,33.1300,1.2217297117e-01,1.2024104723e-01,1.1827142905e-01,1.1613109190e-01,1.1825290939e-01,1.1653081887e-01,1.1476832987e-01,1.1284587170e-01
3314,33.1400,1.2222773719e-01,1.2029581325e-01,1.1832619507e-01,1.1618585792e-01,1.1830767541e-01,1.1658558489e-01,1.1482309589e-01,1.1290063772e-01
3315,33.1500,1.2228250321e-01,1.2035057927e-01,1.1838096109e-01,1.1624062394e-01,1.1836244143e-01,1.1664035091e-01,1.1487786191e-01,1.1295540374e-01
3316,33.1600,1.2233726924e-01,1.2040534530e-01,1.1843572711e-01,1.1629538996e-01,1.1841720745e-01,1.1669511693e-01,1.1493262793e-01,1.1301016976e-01
3317,33.1700,1.2239203526e-01,1.2046011132e-01,1.1849049313e-01,1.1635015598e-01,1.1847197347e-01,1.1674988295e-01,1.1498739396e-01,1.1306493578e-01
3318,33.1800,1.2244680128e-01,1.2051487734e-01,1.1854525916e-01,1.1640492201e-01,1.1852673949e-01,1.1680464898e-01,1.1504215998e-01,1.1311970180e-01
3319,33.1900,1.2250156730e-01,1.2056964336e-01,1.1860002518e-01,1.1645968803e-01,1.1858150551e-01,1.1685941500e-01,1.1509692600e-01,1.1317446782e-01
3320,33.2000,1.2255633332e-01,1.2062440939e-01,1.1865479120e-01,1.1651445405e-01,1.1863627153e-01,1.1691418102e-01,1.1515169202e-01,1.1322923384e-01
3321,33.2100,1.2261109934e-01,1.2067917541e-01,1.1870955722e-01,1.1656922007e-01,1.1869103755e-01,1.1696894704e-01,1.1520645804e-01,1.1328399986e-01
3322,33.2200,1.2266586536e-01,1.2073394143e-01,1.1876432324e-01,1.1662398609e-01,1.1874580357e-01,1.1702371306e-01,1.1526122406e-01,1.1333876589e-01
3323,33.2300,1.2272063139e-01,1.2078870745e-01,1.1881908926e-01,1.1667875211e-01,1.1880056959e-01,1.1707847908e-01,1.1531599008e-01,1.1339353191e-01
3324,33.2400,1.2277539741e-01,1.2084347348e-01,1.1887385529e-01,1.1673351813e-01,1.1885533561e-01,1.1713324510e-01,1.1537075610e-01,1.1344829793e-01
3325,33.2500,1.2283016343e-01,1.2089823950e-01,1.1892862131e-01,1.1678828415e-01,1.1891010163e-01,1.1718801113e-01,1.1542552212e-01,1.1350306395e-01
3326,33.2600,1.2288492945e-01,1.2095300552e-01,1.1898338733e-01,1.1684305017e-01,1.1896486765e-01,1.1724277715e-01,1.1548028814e-01,1.1355782997e-01
3327,33.2700,1.2293969547e-01,1.2100777154e-01,1.1903815335e-01,1.1689781619e-01,1.1901963367e-01,1.1729754317e-01,1.1553505416e-01,1.1361259599e-01
3328,33.2800,1.2299446149e-01,1.2106253756e-01,1.1909291937e-01,1.1695258221e-01,1.1907439969e-01,1.1735230919e-01,1.1558982019e-01,1.1366736201e-01
3329,33.2900,1.2304922751e-01,1.2111730359e-01,1.1914768539e-01,1.1700734823e-01,1.1912916572e-01,1.1740707521e-01,1.1564458621e-01,1.1372212803e-01
3330,33.3000,1.2310399354e-01,1.2117206961e-01,1.1920245141e-01,1.1706211426e-01,1.1918393174e-01,1.1746184123e-01,1.1569935223e-01,1.1377689405e-01
3331,33.3100,1.2315875956e-01,1.2122683563e-01,1.1925721744e-01,1.1711688028e-01,1.1923869776e-01,1.1751660725e-01,1.1575411825e-01,1.1383166007e-01
3332,33.3200,1.2321352558e-01,1.2128160165e-01,1.1931198346e-01,1.1717164630e-01,1.1929346378e-01,1.1757137327e-01,1.1580888427e-01,1.1388642609e-01
3333,33.3300,1.2326829160e-01,1.2133636768e-01,1.1936674948e-01,1.1722641232e-01,1.1934822980e-01,1.1762613930e-01,1.1586365029e-01,1.1394119211e-01
3334,33.3400,1.2332305762e-01,1.2139113370e-01,1.1942151550e-01,1.1728117834e-01,1.1940299582e-01,1.1768090532e-01,1.1591841631e-01,1.1399595813e-01
3335,33.3500,1.2337782364e-01,1.2144589972e-01,1.1947628152e-01,1.1733594436e-01,1.1945776184e-01,1.1773567134e-01,1.1597318233e-01,1.1405072415e-01
3336,33.3600,1.2343258966e-01,1.2150066574e-01,1.1953104754e-01,1.1739071038e-01,1.1951252786e-01,1.1779043736e-01,1.1602794835e-01,1.1410549017e-01
3337,33.3700,1.2348735569e-01,1.2155543177e-01,1.1958581357e-01,1.1744547640e-01,1.1956729388e-01,1.1784520338e-01,1.1608271437e-01,1.1416025619e-01
3338,33.3800,1.2354212171e-01,1.2161019779e-01,1.1964057959e-01,1.1750024242e-01,1.1962205990e-01,1.1789996940e-01,1.1613748040e-01,1.1421502222e-01
3339,33.3900,1.2359688773e-01,1.2166496381e-01,1.1969534561e-01,1.1755500844e-01,1.1967682592e-01,1.1795473542e-01,1.1619224642e-01,1.1426978824e-01
3340,33.4000,1.2365165375e-01,1.2171972983e-01,1.1975011163e-01,1.1760977446e-01,1.1973159194e-01,1.1800950145e-01,1.1624701244e-01,1.1432455426e-01
3341,33.4100,1.2370641977e-01,1.2177449585e-01,1.1980487765e-01,1.1766454048e-01,1.1978635796e-01,1.1806426747e-01,1.1630177846e-01,1.1437932028e-01
3342,33.4200,1.2376118579e-01,1.2182926188e-01,1.1985964367e-01,1.1771930651e-01,1.1984112398e-01,1.1811903349e-01,1.1635654448e-01,1.1443408630e-01
3343,33.4300,1.2381595181e-01,1.2188402790e-01,1.1991440969e-01,1.1777407253e-01,1.1989589000e-01,1.1817379951e-01,1.1641131050e-01,1.1448885232e-01
3344,33.4400,1.2387071784e-01,1.2193879392e-01,1.1996917572e-01,1.1782883855e-01,1.1995065602e-01,1.1822856553e-01,1.1646607652e-01,1.1454361834e-01
3345,33.4500,1.2392548386e-01,1.2199355994e-01,1.2002394174e-01,1.1788360457e-01,1.2000542204e-01,1.1828333155e-01,1.1652084254e-01,1.1459838436e-01
3346,33.4600,1.2398024988e-01,1.2204832597e-01,1.2007870776e-01,1.1793837059e-01,1.2006018806e-01,1.1833809757e-01,1.1657560856e-01,1.1465315038e-01
3347,33.4700,1.2403501590e-01,1.2210309199e-01,1.2013347378e-01,1.1799313661e-01,1.2011495408e-01,1.1839286359e-01,1.1663037458e-01,1.1470791640e-01
3348,33.4800,1.2408978192e-01,1.2215785801e-01,1.2018823980e-01,1.1804790263e-01,1.2016972010e-01,1.1844762962e-01,1.1668514061e-01,1.1476268242e-01
3349,33.4900,1.2414454794e-01,1.2221262403e-01,1.2024300582e-01,1.1810266865e-01,1.2022448612e-01,1.1850239564e-01,1.1673990663e-01,1.1481744844e-01
3350,33.5000,1.2419931397e-01,1.2226739006e-01,1.2029777185e-01,1.1815743467e-01,1.2027925214e-01,1.1855716166e-01,1.1679467265e-01,1.1487221446e-01
3351,33.5100,1.2425407999e-01,1.2232215608e-01,1.2035253787e-01,1.1821220069e-01,1.2033401816e-01,1.1861192768e-01,1.1684943867e-01,1.1492698048e-01
3352,33.5200,1.2430884601e-01,1.2237692210e-01,1.2040730389e-01,1.1826696671e-01,1.2038878418e-01,1.1866669370e-01,1.1690420469e-01,1.1498174650e-01
3353,33.5300,1.2436361203e-01,1.2243168812e-01,1.2046206991e-01,1.1832173273e-01,1.2044355020e-01,1.1872145972e-01,1.1695897071e-01,1.1503651252e-01
3354,33.5400,1.2441837805e-01,1.2248645415e-01,1.2051683593e-01,1.1837649876e-01,1.2049831622e-01,1.1877622574e-01,1.1701373673e-01,1.1509127855e-01
3355,33.5500,1.2447314407e-01,1.2254122017e-01,1.2057160195e-01,1.1843126478e-01,1.2055308224e-01,1.1883099177e-01,1.1706850275e-01,1.1514604457e-01
3356,33.5600,1.2452791009e-01,1.2259598619e-01,1.2062636798e-01,1.1848603080e-01,1.2060784827e-01,1.1888575779e-01,1.1712326877e-01,1.1520081059e-01
3357,33.5700,1.2458267612e-01,1.2265075221e-01,1.2068113400e-01,1.1854079682e-01,1.2066261429e-01,1.1894052381e-01,1.1717803479e-01,1.1525557661e-01
3358,33.5800,1.2463744214e-01,1.2270551823e-01,1.2073590002e-01,1.1859556284e-01,1.2071738031e-01,1.1899528983e-01,1.1723280082e-01,1.1531034263e-01
3359,33.5900,1.2469220816e-01,1.2276028426e-01,1.2079066604e-01,1.1865032886e-01,1.2077214633e-01,1.1905005585e-01,1.1728756684e-01,1.1536510865e-01
3360,33.6000,1.2474697418e-01,1.2281505028e-01,1.2084543206e-01,1.1870509488e-01,1.2082691235e-01,1.1910482187e-01,1.1734233286e-01,1.1541987467e-01
3361,33.6100,1.2480174020e-01,1.2286981630e-01,1.2090019808e-01,1.1875986090e-01,1.2088167837e-01,1.1915958789e-01,1.1739709888e-01,1.1547464069e-01
3362,33.6200,1.2485650622e-01,1.2292458232e-01,1.2095496410e-01,1.1881462692e-01,1.2093644439e-01,1.1921435391e-01,1.1745186490e-01,1.1552940671e-01
3363,33.6300,1.2491127172e-01,1.2297934808e-01,1.2100973056e-01,1.1886939335e-01,1.2099121062e-01,1.1926912039e-01,1.1750663111e-01,1.1558417265e-01
3364,33.6400,1.2496603774e-01,1.2303411410e-01,1.2106449658e-01,1.1892415937e-01,1.2104597664e-01,1.1932388641e-01,1.1756139714e-01,1.1563893867e-01
3365,33.6500,1.2502080376e-01,1.2308888012e-01,1.2111926261e-01,1.1897892539e-01,1.2110074266e-01,1.1937865243e-01,1.1761616316e-01,1.1569370469e-01
3366,33.6600,1.2507556978e-01,1.2314364614e-01,1.2117402863e-01,1.1903369142e-01,1.2115550868e-01,1.1943341845e-01,1.1767092918e-01,1.1574847071e-01
3367,33.6700,1.2513033580e-01,1.2319841216e-01,1.2122879465e-01,1.1908845744e-01,1.2121027470e-01,1.1948818447e-01,1.1772569520e-01,1.1580323673e-01
3368,33.6800,1.2518510182e-01,1.2325317818e-01,1.2128356067e-01,1.1914322346e-01,1.2126504072e-01,1.1954295049e-01,1.1778046122e-01,1.1585800275e-01
3369,33.6900,1.2523986784e-01,1.2330794421e-01,1.2133832669e-01,1.1919798948e-01,1.2131980674e-01,1.1959771651e-01,1.1783522724e-01,1.1591276877e-01
3370,33.7000,1.2529463386e-01,1.2336271023e-01,1.2139309271e-01,1.1925275550e-01,1.2137457277e-01,1.1965248253e-01,1.1788999326e-01,1.1596753479e-01
3371,33.7100,1.2534939988e-01,1.2341747625e-01,1.2144785873e-01,1.1930752152e-01,1.2142933879e-01,1.1970724855e-01,1.1794475928e-01,1.1602230081e-01
3372,33.7200,1.2540416591e-01,1.2347224227e-01,1.2150262476e-01,1.1936228754e-01,1.2148410481e-01,1.1976201458e-01,1.1799952530e-01,1.1607706683e-01
3373,33.7300,1.2545893193e-01,1.2352700829e-01,1.2155739078e-01,1.1941705356e-01,1.2153887083e-01,1.1981678060e-01,1.1805429132e-01,1.1613183285e-01
3374,33.7400,1.2551369795e-01,1.2358177431e-01,1.2161215680e-01,1.1947181958e-01,1.2159363685e-01,1.1987154662e-01,1.1810905734e-01,1.1618659887e-01
3375,33.7500,1.2556846397e-01,1.2363654034e-01,1.2166692282e-01,1.1952658561e-01,1.2164840287e-01,1.1992631264e-01,1.1816382336e-01,1.1624136489e-01
3376,33.7600,1.2562322999e-01,1.2369130636e-01,1.2172168884e-01,1.1958135163e-01,1.2170316889e-01,1.1998107866e-01,1.1821858939e-01,1.1629613091e-01
3377,33.7700,1.2567799601e-01,1.2374607238e-01,1.2177645486e-01,1.1963611765e-01,1.2175793491e-01,1.2003584468e-01,1.1827335541e-01,1.1635089693e-01
3378,33.7800,1.2573276203e-01,1.2380083840e-01,1.2183122088e-01,1.1969088367e-01,1.2181270093e-01,1.2009061070e-01,1.1832812143e-01,1.1640566295e-01
3379,33.7900,1.2578752805e-01,1.2385560442e-01,1.2188598691e-01,1.1974564969e-01,1.2186746695e-01,1.2014537672e-01,1.1838288745e-01,1.1646042897e-01
3380,33.8000,1.2584229407e-01,1.2391037044e-01,1.2194075293e-01,1.1980041571e-01,1.2192223297e-01,1.2020014275e-01,1.1843765347e-01,1.1651519499e-01
3381,33.8100,1.2589706009e-01,1.2396513646e-01,1.2199551895e-01,1.1985518173e-01,1.2197699899e-01,1.2025490877e-01,1.1849241949e-01,1.1656996102e-01
3382,33.8200,1.2595182611e-01,1.2401990249e-01,1.2205028497e-01,1.1990994775e-01,1.2203176501e-01,1.2030967479e-01,1.1854718551e-01,1.1662472704e-01
3383,33.8300,1.2600659214e-01,1.2407466851e-01,1.2210505099e-01,1.1996471377e-01,1.2208653103e-01,1.2036444081e-01,1.1860195153e-01,1.1667949306e-01
3384,33.8400,1.2606135816e-01,1.2412943453e-01,1.2215981701e-01,1.2001947980e-01,1.2214129705e-01,1.2041920683e-01,1.1865671755e-01,1.1673425908e-01
3385,33.8500,1.2611612418e-01,1.2418420055e-01,1.2221458303e-01,1.2007424582e-01,1.2219606307e-01,1.2047397285e-01,1.1871148357e-01,1.1678902510e-01
3386,33.8600,1.2617089020e-01,1.2423896657e-01,1.2226934905e-01,1.2012901184e-01,1.2225082910e-01,1.2052873887e-01,1.1876624959e-01,1.1684379112e-01
3387,33.8700,1.2622565622e-01,1.2429373259e-01,1.2232411508e-01,1.2018377786e-01,1.2230559512e-01,1.2058350489e-01,1.1882101561e-01,1.1689855714e-01
3388,33.8800,1.2628042224e-01,1.2434849861e-01,1.2237888110e-01,1.2023854388e-01,1.2236036114e-01,1.2063827092e-01,1.1887578163e-01,1.1695332316e-01
3389,33.8900,1.2633518826e-01,1.2440326464e-01,1.2243364712e-01,1.2029330990e-01,1.2241512716e-01,1.2069303694e-01,1.1893054766e-01,1.1700808918e-01
3390,33.9000,1.2638995428e-01,1.2445803066e-01,1.2248841314e-01,1.2034807592e-01,1.2246989318e-01,1.2074780296e-01,1.1898531368e-01,1.1706285520e-01
3391,33.9100,1.2644472030e-01,1.2451279668e-01,1.2254317916e-01,1.2040284194e-01,1.2252465920e-01,1.2080256898e-01,1.1904007970e-01,1.1711762122e-01
3392,33.9200,1.2649948632e-01,1.2456756270e-01,1.2259794518e-01,1.2045760796e-01,1.2257942522e-01,1.2085733500e-01,1.1909484572e-01,1.1717238724e-01
3393,33.9300,1.2655425235e-01,1.2462232872e-01,1.2265271120e-01,1.2051237399e-01,1.2263419124e-01,1.2091210102e-01,1.1914961174e-01,1.1722715326e-01
3394,33.9400,1.2660901837e-01,1.2467709474e-01,1.2270747723e-01,1.2056714001e-01,1.2268895726e-01,1.2096686704e-01,1.1920437776e-01,1.1728191928e-01
3395,33.9500,1.2666378439e-01,1.2473186076e-01,1.2276224325e-01,1.2062190603e-01,1.2274372328e-01,1.2102163306e-01,1.1925914378e-01,1.1733668530e-01
3396,33.9600,1.2671855041e-01,1.2478662679e-01,1.2281700927e-01,1.2067667205e-01,1.2279848930e-01,1.2107639909e-01,1.1931390980e-01,1.1739145132e-01
3397,33.9700,1.2677331643e-01,1.2484139281e-01,1.2287177529e-01,1.2073143807e-01,1.2285325532e-01,1.2113116511e-01,1.1936867582e-01,1.1744621734e-01
3398,33.9800,1.2682808245e-01,1.2489615883e-01,1.2292654131e-01,1.2078620409e-01,1.2290802134e-01,1.2118593113e-01,1.1942344184e-01,1.1750098336e-01
3399,33.9900,1.2688284847e-01,1.2495092485e-01,1.2298130733e-01,1.2084097011e-01,1.2296278736e-01,1.2124069715e-01,1.1947820786e-01,1.1755574939e-01
3400,34.0000,1.2693761449e-01,1.2500569087e-01,1.2303607335e-01,1.2089573613e-01,1.2301755338e-01,1.2129546317e-01,1.1953297388e-01,1.1761051541e-01
3401,34.0100,1.2699238051e-01,1.2506045689e-01,1.2309083937e-01,1.2095050215e-01,1.2307231940e-01,1.2135022919e-01,1.1958773991e-01,1.1766528143e-01
3402,34.0200,1.2704714653e-01,1.2511522292e-01,1.2314560540e-01,1.2100526818e-01,1.2312708543e-01,1.2140499521e-01,1.1964250593e-01,1.1772004745e-01
3403,34.0300,1.2710191255e-01,1.2516998894e-01,1.2320037142e-01,1.2106003420e-01,1.2318185145e-01,1.2145976123e-01,1.1969727195e-01,1.1777481347e-01
3404,34.0400,1.2715667858e-01,1.2522475496e-01,1.2325513744e-01,1.2111480022e-01,1.2323661747e-01,1.2151452726e-01,1.1975203797e-01,1.1782957949e-01
3405,34.0500,1.2721144460e-01,1.2527952098e-01,1.2330990346e-01,1.2116956624e-01,1.2329138349e-01,1.2156929328e-01,1.1980680399e-01,1.1788434551e-01
3406,34.0600,1.2726621062e-01,1.2533428700e-01,1.2336466948e-01,1.2122433226e-01,1.2334614951e-01,1.2162405930e-01,1.1986157001e-01,1.1793911153e-01
3407,34.0700,1.2732097664e-01,1.2538905302e-01,1.2341943550e-01,1.2127909828e-01,1.2340091553e-01,1.2167882532e-01,1.1991633603e-01,1.1799387755e-01
3408,34.0800,1.2737574266e-01,1.2544381904e-01,1.2347420152e-01,1.2133386430e-01,1.2345568155e-01,1.2173359134e-01,1.1997110205e-01,1.1804864357e-01
3409,34.0900,1.2743050868e-01,1.2549858507e-01,1.2352896755e-01,1.2138863032e-01,1.2351044757e-01,1.2178835736e-01,1.2002586807e-01,1.1810340959e-01
3410,34.1000,1.2748527470e-01,1.2555335109e-01,1.2358373357e-01,1.2144339634e-01,1.2356521359e-01,1.2184312338e-01,1.2008063409e-01,1.1815817561e-01
3411,34.1100,1.2754004072e-01,1.2560811711e-01,1.2363849959e-01,1.2149816237e-01,1.2361997961e-01,1.2189788940e-01,1.2013540011e-01,1.1821294163e-01
3412,34.1200,1.2759480674e-01,1.2566288313e-01,1.2369326561e-01,1.2155292839e-01,1.2367474563e-01,1.2195265543e-01,1.2019016613e-01,1.1826770765e-01
3413,34.1300,1.2764957276e-01,1.2571764915e-01,1.2374803163e-01,1.2160769441e-01,1.2372951165e-01,1.2200742145e-01,1.2024493216e-01,1.1832247367e-01
3414,34.1400,1.2770433879e-01,1.2577241517e-01,1.2380279765e-01,1.2166246043e-01,1.2378427767e-01,1.2206218747e-01,1.2029969818e-01,1.1837723969e-01
3415,34.1500,1.2775910481e-01,1.2582718119e-01,1.2385756367e-01,1.2171722645e-01,1.2383904369e-01,1.2211695349e-01,1.2035446420e-01,1.1843200571e-01
3416,34.1600,1.2781387083e-01,1.2588194722e-01,1.2391232969e-01,1.2177199247e-01,1.2389380971e-01,1.2217171951e-01,1.2040923022e-01,1.1848677173e-01
3417,34.1700,1.2786863685e-01,1.2593671324e-01,1.2396709572e-01,1.2182675849e-01,1.2394857573e-01,1.2222648553e-01,1.2046399624e-01,1.1854153776e-01
3418,34.1800,1.2792340287e-01,1.2599147926e-01,1.2402186174e-01,1.2188152451e-01,1.2400334176e-01,1.2228125155e-01,1.2051876226e-01,1.1859630378e-01
3419,34.1900,1.2797816889e-01,1.2604624528e-01,1.2407662776e-01,1.2193629053e-01,1.2405810778e-01,1.2233601757e-01,1.2057352828e-01,1.1865106980e-01
3420,34.2000,1.2803293491e-01,1.2610101130e-01,1.2413139378e-01,1.2199105656e-01,1.2411287380e-01,1.2239078359e-01,1.2062829430e-01,1.1870583582e-01
3421,34.2100,1.2808770093e-01,1.2615577732e-01,1.2418615980e-01,1.2204582258e-01,1.2416763982e-01,1.2244554962e-01,1.2068306032e-01,1.1876060184e-01
3422,34.2200,1.2814246695e-01,1.2621054334e-01,1.2424092582e-01,1.2210058860e-01,1.2422240584e-01,1.2250031564e-01,1.2073782634e-01,1.1881536786e-01
3423,34.2300,1.2819723297e-01,1.2626530937e-01,1.2429569184e-01,1.2215535462e-01,1.2427717186e-01,1.2255508166e-01,1.2079259236e-01,1.1887013388e-01
3424,34.2400,1.2825199899e-01,1.2632007539e-01,1.2435045787e-01,1.2221012064e-01,1.2433193788e-01,1.2260984768e-01,1.2084735838e-01,1.1892489990e-01
3425,34.2500,1.2830676502e-01,1.2637484141e-01,1.2440522389e-01,1.2226488666e-01,1.2438670390e-01,1.2266461370e-01,1.2090212440e-01,1.1897966592e-01
3426,34.2600,1.2836153104e-01,1.2642960743e-01,1.2445998991e-01,1.2231965268e-01,1.2444146992e-01,1.2271937972e-01,1.2095689043e-01,1.1903443194e-01
3427,34.2700,1.2841629706e-01,1.2648437345e-01,1.2451475593e-01,1.2237441870e-01,1.2449623594e-01,1.2277414574e-01,1.2101165645e-01,1.1908919796e-01
3428,34.2800,1.2847106308e-01,1.2653913947e-01,1.2456952195e-01,1.2242918472e-01,1.2455100196e-01,1.2282891176e-01,1.2106642247e-01,1.1914396398e-01
3429,34.2900,1.2852582910e-01,1.2659390549e-01,1.2462428797e-01,1.2248395075e-01,1.2460576798e-01,1.2288367779e-01,1.2112118849e-01,1.1919873000e-01
3430,34.3000,1.2858059512e-01,1.2664867152e-01,1.2467905399e-01,1.2253871677e-01,1.2466053400e-01,1.2293844381e-01,1.2117595451e-01,1.1925349602e-01
3431,34.3100,1.2863536114e-01,1.2670343754e-01,1.2473382002e-01,1.2259348279e-01,1.2471530002e-01,1.2299320983e-01,1.2123072053e-01,1.1930826204e-01
3432,34.3200,1.2869012716e-01,1.2675820356e-01,1.2478858604e-01,1.2264824881e-01,1.2477006604e-01,1.2304797585e-01,1.2128548655e-01,1.1936302806e-01
3433,34.3300,1.2874489318e-01,1.2681296958e-01,1.2484335206e-01,1.2270301483e-01,1.2482483207e-01,1.2310274187e-01,1.2134025257e-01,1.1941779408e-01
3434,34.3400,1.2879965920e-01,1.2686773560e-01,1.2489811808e-01,1.2275778085e-01,1.2487959809e-01,1.2315750789e-01,1.2139501859e-01,1.1947256010e-01
3435,34.3500,1.2885442522e-01,1.2692250162e-01,1.2495288410e-01,1.2281254687e-01,1.2493436411e-01,1.2321227391e-01,1.2144978461e-01,1.1952732613e-01
3436,34.3600,1.2890919125e-01,1.2697726765e-01,1.2500765012e-01,1.2286731289e-01,1.2498913013e-01,1.2326703993e-01,1.2150455063e-01,1.1958209215e-01
3437,34.3700,1.2896395727e-01,1.2703203367e-01,1.2506241614e-01,1.2292207891e-01,1.2504389615e-01,1.2332180596e-01,1.2155931665e-01,1.1963685817e-01
3438,34.3800,1.2901872329e-01,1.2708679969e-01,1.2511718216e-01,1.2297684493e-01,1.2509866217e-01,1.2337657198e-01,1.2161408268e-01,1.1969162419e-01
3439,34.3900,1.2907348931e-01,1.2714156571e-01,1.2517194819e-01,1.2303161096e-01,1.2515342819e-01,1.2343133800e-01,1.2166884870e-01,1.1974639021e-01
3440,34.4000,1.2912825533e-01,1.2719633173e-01,1.2522671421e-01,1.2308637698e-01,1.2520819421e-01,1.2348610402e-01,1.2172361472e-01,1.1980115623e-01
3441,34.4100,1.2918302135e-01,1.2725109775e-01,1.2528148023e-01,1.2314114300e-01,1.2526296023e-01,1.2354087004e-01,1.2177838074e-01,1.1985592225e-01
3442,34.4200,1.2923778737e-01,1.2730586377e-01,1.2533624625e-01,1.2319590902e-01,1.2531772625e-01,1.2359563606e-01,1.2183314676e-01,1.1991068827e-01
3443,34.4300,1.2929255339e-01,1.2736062980e-01,1.2539101227e-01,1.2325067504e-01,1.2537249227e-01,1.2365040208e-01,1.2188791278e-01,1.1996545429e-01
3444,34.4400,1.2934731941e-01,1.2741539582e-01,1.2544577829e-01,1.2330544106e-01,1.2542725829e-01,1.2370516810e-01,1.2194267880e-01,1.2002022031e-01
3445,34.4500,1.2940208543e-01,1.2747016184e-01,1.2550054431e-01,1.2336020708e-01,1.2548202431e-01,1.2375993412e-01,1.2199744482e-01,1.2007498633e-01
3446,34.4600,1.2945685146e-01,1.2752492786e-01,1.2555531034e-01,1.2341497310e-01,1.2553679033e-01,1.2381470015e-01,1.2205221084e-01,1.2012975235e-01
3447,34.4700,1.2951161748e-01,1.2757969388e-01,1.2561007636e-01,1.2346973912e-01,1.2559155635e-01,1.2386946617e-01,1.2210697686e-01,1.2018451837e-01
3448,34.4800,1.2956638350e-01,1.2763445990e-01,1.2566484238e-01,1.2352450515e-01,1.2564632237e-01,1.2392423219e-01,1.2216174288e-01,1.2023928439e-01
3449,34.4900,1.2962114952e-01,1.2768922592e-01,1.2571960840e-01,1.2357927117e-01,1.2570108840e-01,1.2397899821e-01,1.2221650890e-01,1.2029405041e-01
3450,34.5000,1.2967591554e-01,1.2774399195e-01,1.2577437442e-01,1.2363403719e-01,1.2575585442e-01,1.2403376423e-01,1.2227127492e-01,1.2034881643e-01
3451,34.5100,1.2973068156e-01,1.2779875797e-01,1.2582914044e-01,1.2368880321e-01,1.2581062044e-01,1.2408853025e-01,1.2232604095e-01,1.2040358245e-01
3452,34.5200,1.2978544758e-01,1.2785352399e-01,1.2588390646e-01,1.2374356923e-01,1.2586538646e-01,1.2414329627e-01,1.2238080697e-01,1.2045834847e-01
3453,34.5300,1.2984021360e-01,1.2790829001e-01,1.2593867248e-01,1.2379833525e-01,1.2592015248e-01,1.2419806229e-01,1.2243557299e-01,1.2051311450e-01
3454,34.5400,1.2989497962e-01,1.2796305603e-01,1.2599343851e-01,1.2385310127e-01,1.2597491850e-01,1.2425282832e-01,1.2249033901e-01,1.2056788052e-01
3455,34.5500,1.2994974564e-01,1.2801782205e-01,1.2604820453e-01,1.2390786729e-01,1.2602968452e-01,1.2430759434e-01,1.2254510503e-01,1.2062264654e-01
3456,34.5600,1.3000451166e-01,1.2807258807e-01,1.2610297055e-01,1.2396263331e-01,1.2608445054e-01,1.2436236036e-01,1.2259987105e-01,1.2067741256e-01
3457,34.5700,1.3005927769e-01,1.2812735410e-01,1.2615773657e-01,1.2401739934e-01,1.2613921656e-01,1.2441712638e-01,1.2265463707e-01,1.2073217858e-01
3458,34.5800,1.3011404371e-01,1.2818212012e-01,1.2621250259e-01,1.2407216536e-01,1.2619398258e-01,1.2447189240e-01,1.2270940309e-01,1.2078694460e-01
3459,34.5900,1.3016880973e-01,1.2823688614e-01,1.2626726861e-01,1.2412693138e-01,1.2624874860e-01,1.2452665842e-01,1.2276416911e-01,1.2084171062e-01
3460,34.6000,1.3022357575e-01,1.2829165216e-01,1.2632203463e-01,1.2418169740e-01,1.2630351462e-01,1.2458142444e-01,1.2281893513e-01,1.2089647664e-01
3461,34.6100,1.3027834177e-01,1.2834641818e-01,1.2637680065e-01,1.2423646342e-01,1.2635828064e-01,1.2463619046e-01,1.2287370115e-01,1.2095124266e-01
3462,34.6200,1.3033310779e-01,1.2840118420e-01,1.2643156668e-01,1.2429122944e-01,1.2641304666e-01,1.2469095649e-01,1.2292846717e-01,1.2100600868e-01
3463,34.6300,1.3038787381e-01,1.2845595022e-01,1.2648633270e-01,1.2434599546e-01,1.2646781268e-01,1.2474572251e-01,1.2298323320e-01,1.2106077470e-01
3464,34.6400,1.3044263983e-01,1.2851071625e-01,1.2654109872e-01,1.2440076148e-01,1.2652257871e-01,1.2480048853e-01,1.2303799922e-01,1.2111554072e-01
3465,34.6500,1.3049740585e-01,1.2856548227e-01,1.2659586474e-01,1.2445552750e-01,1.2657734473e-01,1.2485525455e-01,1.2309276524e-01,1.2117030674e-01
3466,34.6600,1.3055217187e-01,1.2862024829e-01,1.2665063076e-01,1.2451029353e-01,1.2663211075e-01,1.2491002057e-01,1.2314753126e-01,1.2122507276e-01
3467,34.6700,1.3060693789e-01,1.2867501431e-01,1.2670539678e-01,1.2456505955e-01,1.2668687677e-01,1.2496478659e-01,1.2320229728e-01,1.2127983878e-01
3468,34.6800,1.3066170392e-01,1.2872978033e-01,1.2676016280e-01,1.2461982557e-01,1.2674164279e-01,1.2501955261e-01,1.2325706330e-01,1.2133460480e-01
3469,34.6900,1.3071646994e-01,1.2878454635e-01,1.2681492883e-01,1.2467459159e-01,1.2679640881e-01,1.2507431863e-01,1.2331182932e-01,1.2138937082e-01
3470,34.7000,1.3077123596e-01,1.2883931237e-01,1.2686969485e-01,1.2472935761e-01,1.2685117483e-01,1.2512908465e-01,1.2336659534e-01,1.2144413684e-01
3471,34.7100,1.3082600198e-01,1.2889407840e-01,1.2692446087e-01,1.2478412363e-01,1.2690594085e-01,1.2518385068e-01,1.2342136136e-01,1.2149890287e-01
3472,34.7200,1.3088076800e-01,1.2894884442e-01,1.2697922689e-01,1.2483888965e-01,1.2696070687e-01,1.2523861670e-01,1.2347612738e-01,1.2155366889e-01
3473,34.7300,1.3093553402e-01,1.2900361044e-01,1.2703399291e-01,1.2489365567e-01,1.2701547289e-01,1.2529338272e-01,1.2353089340e-01,1.2160843491e-01
3474,34.7400,1.3099030004e-01,1.2905837646e-01,1.2708875893e-01,1.2494842169e-01,1.2707023891e-01,1.2534814874e-01,1.2358565942e-01,1.2166320093e-01
3475,34.7500,1.3104506606e-01,1.2911314248e-01,1.2714352495e-01,1.2500318771e-01,1.2712500493e-01,1.2540291476e-01,1.2364042544e-01,1.2171796695e-01
3476,34.7600,1.3109983208e-01,1.2916790850e-01,1.2719829097e-01,1.2505795374e-01,1.2717977095e-01,1.2545768078e-01,1.2369519147e-01,1.2177273297e-01
3477,34.7700,1.3115459810e-01,1.2922267453e-01,1.2725305700e-01,1.2511271976e-01,1.2723453697e-01,1.2551244680e-01,1.2374995749e-01,1.2182749899e-01
3478,34.7800,1.3120936413e-01,1.2927744055e-01,1.2730782302e-01,1.2516748578e-01,1.2728930299e-01,1.2556721282e-01,1.2380472351e-01,1.2188226501e-01
3479,34.7900,1.3126413015e-01,1.2933220657e-01,1.2736258904e-01,1.2522225180e-01,1.2734406902e-01,1.2562197885e-01,1.2385948953e-01,1.2193703103e-01
3480,34.8000,1.3131889617e-01,1.2938697259e-01,1.2741735506e-01,1.2527701782e-01,1.2739883504e-01,1.2567674487e-01,1.2391425555e-01,1.2199179705e-01
3481,34.8100,1.3137366219e-01,1.2944173861e-01,1.2747212108e-01,1.2533178384e-01,1.2745360106e-01,1.2573151089e-01,1.2396902157e-01,1.2204656307e-01
3482,34.8200,1.3142842821e-01,1.2949650463e-01,1.2752688710e-01,1.2538654986e-01,1.2750836708e-01,1.2578627691e-01,1.2402378759e-01,1.2210132909e-01
3483,34.8300,1.3148319423e-01,1.2955127065e-01,1.2758165312e-01,1.2544131588e-01,1.2756313310e-01,1.2584104293e-01,1.2407855361e-01,1.2215609511e-01
3484,34.8400,1.3153796025e-01,1.2960603668e-01,1.2763641915e-01,1.2549608190e-01,1.2761789912e-01,1.2589580895e-01,1.2413331963e-01,1.2221086113e-01
3485,34.8500,1.3159272627e-01,1.2966080270e-01,1.2769118517e-01,1.2555084793e-01,1.2767266514e-01,1.2595057497e-01,1.2418808565e-01,1.2226562715e-01
3486,34.8600,1.3164749229e-01,1.2971556872e-01,1.2774595119e-01,1.2560561395e-01,1.2772743116e-01,1.2600534099e-01,1.2424285167e-01,1.2232039317e-01
3487,34.8700,1.3170225831e-01,1.2977033474e-01,1.2780071721e-01,1.2566037997e-01,1.2778219718e-01,1.2606010701e-01,1.2429761769e-01,1.2237515919e-01
3488,34.8800,1.3175702433e-01,1.2982510076e-01,1.2785548323e-01,1.2571514599e-01,1.2783696320e-01,1.2611487304e-01,1.2435238371e-01,1.2242992521e-01
3489,34.8900,1.3181179036e-01,1.2987986678e-01,1.2791024925e-01,1.2576991201e-01,1.2789172922e-01,1.2616963906e-01,1.2440714974e-01,1.2248469124e-01
3490,34.9000,1.3186655638e-01,1.2993463280e-01,1.2796501527e-01,1.2582467803e-01,1.2794649524e-01,1.2622440508e-01,1.2446191576e-01,1.2253945726e-01
3491,34.9100,1.3192132240e-01,1.2998939883e-01,1.2801978129e-01,1.2587944405e-01,1.2800126126e-01,1.2627917110e-01,1.2451668178e-01,1.2259422328e-01
3492,34.9200,1.3197608842e-01,1.3004416485e-01,1.2807454732e-01,1.2593421007e-01,1.2805602728e-01,1.2633393712e-01,1.2457144780e-01,1.2264898930e-01
3493,34.9300,1.3203085444e-01,1.3009893087e-01,1.2812931334e-01,1.2598897609e-01,1.2811079330e-01,1.2638870314e-01,1.2462621382e-01,1.2270375532e-01
3494,34.9400,1.3208562046e-01,1.3015369689e-01,1.2818407936e-01,1.2604374212e-01,1.2816555933e-01,1.2644346916e-01,1.2468097984e-01,1.2275852134e-01
3495,34.9500,1.3214038648e-01,1.3020846291e-01,1.2823884538e-01,1.2609850814e-01,1.2822032535e-01,1.2649823518e-01,1.2473574586e-01,1.2281328736e-01
3496,34.9600,1.3219515250e-01,1.3026322893e-01,1.2829361140e-01,1.2615327416e-01,1.2827509137e-01,1.2655300120e-01,1.2479051188e-01,1.2286805338e-01
3497,34.9700,1.3224991852e-01,1.3031799495e-01,1.2834837742e-01,1.2620804018e-01,1.2832985739e-01,1.2660776723e-01,1.2484527790e-01,1.2292281940e-01
3498,34.9800,1.3230468454e-01,1.3037276098e-01,1.2840314344e-01,1.2626280620e-01,1.2838462341e-01,1.2666253325e-01,1.2490004392e-01,1.2297758542e-01
3499,34.9900,1.3235945056e-01,1.3042752700e-01,1.2845790946e-01,1.2631757222e-01,1.2843938943e-01,1.2671729927e-01,1.2495480994e-01,1.2303235144e-01
3500,35.0000,1.3241421659e-01,1.3048229302e-01,1.2851267549e-01,1.2637233824e-01,1.2849415545e-01,1.2677206529e-01,1.2500957596e-01,1.2308711746e-01
3501,35.0100,1.3246898261e-01,1.3053705904e-01,1.2856744151e-01,1.2642710426e-01,1.2854892147e-01,1.2682683131e-01,1.2506434198e-01,1.2314188348e-01
3502,35.0200,1.3252374863e-01,1.3059182506e-01,1.2862220753e-01,1.2648187028e-01,1.2860368749e-01,1.2688159733e-01,1.2511910801e-01,1.2319664950e-01
3503,35.0300,1.3257851465e-01,1.3064659108e-01,1.2867697355e-01,1.2653663630e-01,1.2865845351e-01,1.2693636335e-01,1.2517387403e-01,1.2325141552e-01
3504,35.0400,1.3263328067e-01,1.3070135710e-01,1.2873173957e-01,1.2659140233e-01,1.2871321953e-01,1.2699112937e-01,1.2522864005e-01,1.2330618154e-01
3505,35.0500,1.3268804669e-01,1.3075612313e-01,1.2878650559e-01,1.2664616835e-01,1.2876798555e-01,1.2704589540e-01,1.2528340607e-01,1.2336094756e-01
3506,35.0600,1.3274281271e-01,1.3081088915e-01,1.2884127161e-01,1.2670093437e-01,1.2882275157e-01,1.2710066142e-01,1.2533817209e-01,1.2341571358e-01
3507,35.0700,1.3279757873e-01,1.3086565517e-01,1.2889603764e-01,1.2675570039e-01,1.2887751759e-01,1.2715542744e-01,1.2539293811e-01,1.2347047961e-01
3508,35.0800,1.3285234475e-01,1.3092042119e-01,1.2895080366e-01,1.2681046641e-01,1.2893228361e-01,1.2721019346e-01,1.2544770413e-01,1.2352524563e-01
3509,35.0900,1.3290711077e-01,1.3097518721e-01,1.2900556968e-01,1.2686523243e-01,1.2898704964e-01,1.2726495948e-01,1.2550247015e-01,1.2358001165e-01
3510,35.1000,1.3296187680e-01,1.3102995323e-01,1.2906033570e-01,1.2691999845e-01,1.2904181566e-01,1.2731972550e-01,1.2555723617e-01,1.2363477767e-01
3511,35.1100,1.3301664282e-01,1.3108471925e-01,1.2911510172e-01,1.2697476447e-01,1.2909658168e-01,1.2737449152e-01,1.2561200219e-01,1.2368954369e-01
3512,35.1200,1.3307140884e-01,1.3113948528e-01,1.2916986774e-01,1.2702953049e-01,1.2915134770e-01,1.2742925754e-01,1.2566676821e-01,1.2374430971e-01
3513,35.1300,1.3312617486e-01,1.3119425130e-01,1.2922463376e-01,1.2708429652e-01,1.2920611372e-01,1.2748402356e-01,1.2572153423e-01,1.2379907573e-01
3514,35.1400,1.3318094088e-01,1.3124901732e-01,1.2927939978e-01,1.2713906254e-01,1.2926087974e-01,1.2753878959e-01,1.2577630025e-01,1.2385384175e-01
3515,35.1500,1.3323570690e-01,1.3130378334e-01,1.2933416581e-01,1.2719382856e-01,1.2931564576e-01,1.2759355561e-01,1.2583106628e-01,1.2390860777e-01
3516,35.1600,1.3329047292e-01,1.3135854936e-01,1.2938893183e-01,1.2724859458e-01,1.2937041178e-01,1.2764832163e-01,1.2588583230e-01,1.2396337379e-01
3517,35.1700,1.3334523894e-01,1.3141331538e-01,1.2944369785e-01,1.2730336060e-01,1.2942517780e-01,1.2770308765e-01,1.2594059832e-01,1.2401813981e-01
3518,35.1800,1.3340000496e-01,1.3146808140e-01,1.2949846387e-01,1.2735812662e-01,1.2947994382e-01,1.2775785367e-01,1.2599536434e-01,1.2407290583e-01
3519,35.1900,1.3345477098e-01,1.3152284743e-01,1.2955322989e-01,1.2741289264e-01,1.2953470984e-01,1.2781261969e-01,1.2605013036e-01,1.2412767185e-01
3520,35.2000,1.3350953700e-01,1.3157761345e-01,1.2960799591e-01,1.2746765866e-01,1.2958947586e-01,1.2786738571e-01,1.2610489638e-01,1.2418243787e-01
3521,35.2100,1.3356430303e-01,1.3163237947e-01,1.2966276193e-01,1.2752242468e-01,1.2964424188e-01,1.2792215173e-01,1.2615966240e-01,1.2423720389e-01
3522,35.2200,1.3361906905e-01,1.3168714549e-01,1.2971752795e-01,1.2757719070e-01,1.2969900790e-01,1.2797691776e-01,1.2621442842e-01,1.2429196991e-01
3523,35.2300,1.3367383507e-01,1.3174191151e-01,1.2977229398e-01,1.2763195673e-01,1.2975377392e-01,1.2803168378e-01,1.2626919444e-01,1.2434673593e-01
3524,35.2400,1.3372860109e-01,1.3179667753e-01,1.2982706000e-01,1.2768672275e-01,1.2980853995e-01,1.2808644980e-01,1.2632396046e-01,1.2440150195e-01
3525,35.2500,1.3378336711e-01,1.3185144355e-01,1.2988182602e-01,1.2774148877e-01,1.2986330597e-01,1.2814121582e-01,1.2637872648e-01,1.2445626798e-01
3526,35.2600,1.3383813313e-01,1.3190620958e-01,1.2993659204e-01,1.2779625479e-01,1.2991807199e-01,1.2819598184e-01,1.2643349250e-01,1.2451103400e-01
3527,35.2700,1.3389289915e-01,1.3196097560e-01,1.2999135806e-01,1.2785102081e-01,1.2997283801e-01,1.2825074786e-01,1.2648825852e-01,1.2456580002e-01
3528,35.2800,1.3394766517e-01,1.3201574162e-01,1.3004612408e-01,1.2790578683e-01,1.3002760403e-01,1.2830551388e-01,1.2654302455e-01,1.2462056604e-01
3529,35.2900,1.3400243119e-01,1.3207050764e-01,1.3010089010e-01,1.2796055285e-01,1.3008237005e-01,1.2836027990e-01,1.2659779057e-01,1.2467533206e-01
3530,35.3000,1.3405719721e-01,1.3212527366e-01,1.3015565613e-01,1.2801531887e-01,1.3013713607e-01,1.2841504592e-01,1.2665255659e-01,1.2473009808e-01
3531,35.3100,1.3411196324e-01,1.3218003968e-01,1.3021042215e-01,1.2807008489e-01,1.3019190209e-01,1.2846981195e-01,1.2670732261e-01,1.2478486410e-01
3532,35.3200,1.3416672926e-01,1.3223480570e-01,1.3026518817e-01,1.2812485092e-01,1.3024666811e-01,1.2852457797e-01,1.2676208863e-01,1.2483963012e-01
3533,35.3300,1.3422149528e-01,1.3228957173e-01,1.3031995419e-01,1.2817961694e-01,1.3030143413e-01,1.2857934399e-01,1.2681685465e-01,1.2489439614e-01
3534,35.3400,1.3427626130e-01,1.3234433775e-01,1.3037472021e-01,1.2823438296e-01,1.3035620015e-01,1.2863411001e-01,1.2687162067e-01,1.2494916216e-01
3535,35.3500,1.3433102732e-01,1.3239910377e-01,1.3042948623e-01,1.2828914898e-01,1.3041096617e-01,1.2868887603e-01,1.2692638669e-01,1.2500392818e-01
3536,35.3600,1.3438579334e-01,1.3245386979e-01,1.3048425225e-01,1.2834391500e-01,1.3046573219e-01,1.2874364205e-01,1.2698115271e-01,1.2505869420e-01
3537,35.3700,1.3444055936e-01,1.3250863581e-01,1.3053901827e-01,1.2839868102e-01,1.3052049821e-01,1.2879840807e-01,1.2703591873e-01,1.2511346022e-01
3538,35.3800,1.3449532538e-01,1.3256340183e-01,1.3059378430e-01,1.2845344704e-01,1.3057526423e-01,1.2885317409e-01,1.2709068475e-01,1.2516822624e-01
3539,35.3900,1.3455009140e-01,1.3261816785e-01,1.3064855032e-01,1.2850821306e-01,1.3063003026e-01,1.2890794011e-01,1.2714545077e-01,1.2522299226e-01
3540,35.4000,1.3460485742e-01,1.3267293388e-01,1.3070331634e-01,1.2856297908e-01,1.3068479628e-01,1.2896270614e-01,1.2720021679e-01,1.2527775828e-01
3541,35.4100,1.3465962344e-01,1.3272769990e-01,1.3075808236e-01,1.2861774511e-01,1.3073956230e-01,1.2901747216e-01,1.2725498282e-01,1.2533252430e-01
3542,35.4200,1.3471438947e-01,1.3278246592e-01,1.3081284838e-01,1.2867251113e-01,1.3079432832e-01,1.2907223818e-01,1.2730974884e-01,1.2538729032e-01
3543,35.4300,1.3476915549e-01,1.3283723194e-01,1.3086761440e-01,1.2872727715e-01,1.3084909434e-01,1.2912700420e-01,1.2736451486e-01,1.2544205635e-01
3544,35.4400,1.3482392151e-01,1.3289199796e-01,1.3092238042e-01,1.2878204317e-01,1.3090386036e-01,1.2918177022e-01,1.2741928088e-01,1.2549682237e-01
3545,35.4500,1.3487868753e-01,1.3294676398e-01,1.3097714644e-01,1.2883680919e-01,1.3095862638e-01,1.2923653624e-01,1.2747404690e-01,1.2555158839e-01
3546,35.4600,1.3493345355e-01,1.3300153000e-01,1.3103191247e-01,1.2889157521e-01,1.3101339240e-01,1.2929130226e-01,1.2752881292e-01,1.2560635441e-01
3547,35.4700,1.3498821957e-01,1.3305629603e-01,1.3108667849e-01,1.2894634123e-01,1.3106815842e-01,1.2934606828e-01,1.2758357894e-01,1.2566112043e-01
3548,35.4800,1.3504298559e-01,1.3311106205e-01,1.3114144451e-01,1.2900110725e-01,1.3112292444e-01,1.2940083430e-01,1.2763834496e-01,1.2571588645e-01
3549,35.4900,1.3509775161e-01,1.3316582807e-01,1.3119621053e-01,1.2905587327e-01,1.3117769046e-01,1.2945560033e-01,1.2769311098e-01,1.2577065247e-01
3550,35.5000,1.3515251763e-01,1.3322059409e-01,1.3125097655e-01,1.2911063929e-01,1.3123245648e-01,1.2951036635e-01,1.2774787700e-01,1.2582541849e-01
3551,35.5100,1.3520728365e-01,1.3327536011e-01,1.3130574257e-01,1.2916540532e-01,1.3128722250e-01,1.2956513237e-01,1.2780264302e-01,1.2588018451e-01
3552,35.5200,1.3526204967e-01,1.3333012613e-01,1.3136050859e-01,1.2922017134e-01,1.3134198852e-01,1.2961989839e-01,1.2785740904e-01,1.2593495053e-01
3553,35.5300,1.3531681570e-01,1.3338489215e-01,1.3141527461e-01,1.2927493736e-01,1.3139675455e-01,1.2967466441e-01,1.2791217506e-01,1.2598971655e-01
3554,35.5400,1.3537158172e-01,1.3343965818e-01,1.3147004064e-01,1.2932970338e-01,1.3145152057e-01,1.2972943043e-01,1.2796694109e-01,1.2604448257e-01
3555,35.5500,1.3542634774e-01,1.3349442420e-01,1.3152480666e-01,1.2938446940e-01,1.3150628659e-01,1.2978419645e-01,1.2802170711e-01,1.2609924859e-01
3556,35.5600,1.3548111376e-01,1.3354919022e-01,1.3157957268e-01,1.2943923542e-01,1.3156105261e-01,1.2983896247e-01,1.2807647313e-01,1.2615401461e-01
3557,35.5700,1.3553587978e-01,1.3360395624e-01,1.3163433870e-01,1.2949400144e-01,1.3161581863e-01,1.2989372850e-01,1.2813123915e-01,1.2620878063e-01
3558,35.5800,1.3559064580e-01,1.3365872226e-01,1.3168910472e-01,1.2954876746e-01,1.3167058465e-01,1.2994849452e-01,1.2818600517e-01,1.2626354665e-01
3559,35.5900,1.3564541182e-01,1.3371348828e-01,1.3174387074e-01,1.2960353348e-01,1.3172535067e-01,1.3000326054e-01,1.2824077119e-01,1.2631831267e-01
3560,35.6000,1.3570017784e-01,1.3376825430e-01,1.3179863676e-01,1.2965829951e-01,1.3178011669e-01,1.3005802656e-01,1.2829553721e-01,1.2637307870e-01
3561,35.6100,1.3575494386e-01,1.3382302033e-01,1.3185340279e-01,1.2971306553e-01,1.3183488271e-01,1.3011279258e-01,1.2835030323e-01,1.2642784472e-01
3562,35.6200,1.3580970988e-01,1.3387778635e-01,1.3190816881e-01,1.2976783155e-01,1.3188964873e-01,1.3016755860e-01,1.2840506925e-01,1.2648261074e-01
3563,35.6300,1.3586447591e-01,1.3393255237e-01,1.3196293483e-01,1.2982259757e-01,1.3194441475e-01,1.3022232462e-01,1.2845983527e-01,1.2653737676e-01
3564,35.6400,1.3591924193e-01,1.3398731839e-01,1.3201770085e-01,1.2987736359e-01,1.3199918077e-01,1.3027709064e-01,1.2851460129e-01,1.2659214278e-01
3565,35.6500,1.3597400795e-01,1.3404208441e-01,1.3207246687e-01,1.2993212961e-01,1.3205394679e-01,1.3033185666e-01,1.2856936731e-01,1.2664690880e-01
3566,35.6600,1.3602877397e-01,1.3409685043e-01,1.3212723289e-01,1.2998689563e-01,1.3210871281e-01,1.3038662269e-01,1.2862413333e-01,1.2670167482e-01
3567,35.6700,1.3608353999e-01,1.3415161645e-01,1.3218199891e-01,1.3004166165e-01,1.3216347883e-01,1.3044138871e-01,1.2867889936e-01,1.2675644084e-01
3568,35.6800,1.3613830601e-01,1.3420638248e-01,1.3223676493e-01,1.3009642767e-01,1.3221824486e-01,1.3049615473e-01,1.2873366538e-01,1.2681120686e-01
3569,35.6900,1.3619307203e-01,1.3426114850e-01,1.3229153096e-01,1.3015119369e-01,1.3227301088e-01,1.3055092075e-01,1.2878843140e-01,1.2686597288e-01
3570,35.7000,1.3624783805e-01,1.3431591452e-01,1.3234629698e-01,1.3020595972e-01,1.3232777690e-01,1.3060568677e-01,1.2884319742e-01,1.2692073890e-01
3571,35.7100,1.3630260407e-01,1.3437068054e-01,1.3240106300e-01,1.3026072574e-01,1.3238254292e-01,1.3066045279e-01,1.2889796344e-01,1.2697550492e-01
3572,35.7200,1.3635737009e-01,1.3442544656e-01,1.3245582902e-01,1.3031549176e-01,1.3243730894e-01,1.3071521881e-01,1.2895272946e-01,1.2703027094e-01
3573,35.7300,1.3641213611e-01,1.3448021258e-01,1.3251059504e-01,1.3037025778e-01,1.3249207496e-01,1.3076998483e-01,1.2900749548e-01,1.2708503696e-01
3574,35.7400,1.3646690214e-01,1.3453497860e-01,1.3256536106e-01,1.3042502380e-01,1.3254684098e-01,1.3082475085e-01,1.2906226150e-01,1.2713980298e-01
3575,35.7500,1.3652166816e-01,1.3458974463e-01,1.3262012708e-01,1.3047978982e-01,1.3260160700e-01,1.3087951688e-01,1.2911702752e-01,1.2719456900e-01
3576,35.7600,1.3657643418e-01,1.3464451065e-01,1.3267489310e-01,1.3053455584e-01,1.3265637302e-01,1.3093428290e-01,1.2917179354e-01,1.2724933502e-01
3577,35.7700,1.3663120020e-01,1.3469927667e-01,1.3272965913e-01,1.3058932186e-01,1.3271113904e-01,1.3098904892e-01,1.2922655956e-01,1.2730410104e-01
3578,35.7800,1.3668596622e-01,1.3475404269e-01,1.3278442515e-01,1.3064408788e-01,1.3276590506e-01,1.3104381494e-01,1.2928132558e-01,1.2735886707e-01
3579,35.7900,1.3674073224e-01,1.3480880871e-01,1.3283919117e-01,1.3069885391e-01,1.3282067108e-01,1.3109858096e-01,1.2933609160e-01,1.2741363309e-01
3580,35.8000,1.3679549826e-01,1.3486357473e-01,1.3289395719e-01,1.3075361993e-01,1.3287543710e-01,1.3115334698e-01,1.2939085762e-01,1.2746839911e-01
3581,35.8100,1.3685026428e-01,1.3491834075e-01,1.3294872321e-01,1.3080838595e-01,1.3293020312e-01,1.3120811300e-01,1.2944562365e-01,1.2752316513e-01
3582,35.8200,1.3690503030e-01,1.3497310678e-01,1.3300348923e-01,1.3086315197e-01,1.3298496915e-01,1.3126287902e-01,1.2950038967e-01,1.2757793115e-01
3583,35.8300,1.3695979632e-01,1.3502787280e-01,1.3305825525e-01,1.3091791799e-01,1.3303973517e-01,1.3131764504e-01,1.2955515569e-01,1.2763269717e-01
3584,35.8400,1.3701456235e-01,1.3508263882e-01,1.3311302127e-01,1.3097268401e-01,1.3309450119e-01,1.3137241107e-01,1.2960992171e-01,1.2768746319e-01
3585,35.8500,1.3706932837e-01,1.3513740484e-01,1.3316778730e-01,1.3102745003e-01,1.3314926721e-01,1.3142717709e-01,1.2966468773e-01,1.2774222921e-01
3586,35.8600,1.3712409439e-01,1.3519217086e-01,1.3322255332e-01,1.3108221605e-01,1.3320403323e-01,1.3148194311e-01,1.2971945375e-01,1.2779699523e-01
3587,35.8700,1.3717886041e-01,1.3524693688e-01,1.3327731934e-01,1.3113698207e-01,1.3325879925e-01,1.3153670913e-01,1.2977421977e-01,1.2785176125e-01
3588,35.8800,1.3723362643e-01,1.3530170290e-01,1.3333208536e-01,1.3119174809e-01,1.3331356527e-01,1.3159147515e-01,1.2982898579e-01,1.2790652727e-01
3589,35.8900,1.3728839245e-01,1.3535646893e-01,1.3338685138e-01,1.3124651412e-01,1.3336833129e-01,1.3164624117e-01,1.2988375181e-01,1.2796129329e-01
3590,35.9000,1.3734315847e-01,1.3541123495e-01,1.3344161740e-01,1.3130128014e-01,1.3342309731e-01,1.3170100719e-01,1.2993851783e-01,1.2801605931e-01
3591,35.9100,1.3739792449e-01,1.3546600097e-01,1.3349638342e-01,1.3135604616e-01,1.3347786333e-01,1.3175577321e-01,1.2999328385e-01,1.2807082533e-01
3592,35.9200,1.3745269051e-01,1.3552076699e-01,1.3355114944e-01,1.3141081218e-01,1.3353262935e-01,1.3181053923e-01,1.3004804987e-01,1.2812559135e-01
3593,35.9300,1.3750745653e-01,1.3557553301e-01,1.3360591547e-01,1.3146557820e-01,1.3358739537e-01,1.3186530526e-01,1.3010281589e-01,1.2818035737e-01
3594,35.9400,1.3756222255e-01,1.3563029903e-01,1.3366068149e-01,1.3152034422e-01,1.3364216139e-01,1.3192007128e-01,1.3015758192e-01,1.2823512339e-01
3595,35.9500,1.3761698858e-01,1.3568506505e-01,1.3371544751e-01,1.3157511024e-01,1.3369692741e-01,1.3197483730e-01,1.3021234794e-01,1.2828988941e-01
3596,35.9600,1.3767175460e-01,1.3573983108e-01,1.3377021353e-01,1.3162987626e-01,1.3375169343e-01,1.3202960332e-01,1.3026711396e-01,1.2834465544e-01
3597,35.9700,1.3772652062e-01,1.3579459710e-01,1.3382497955e-01,1.3168464228e-01,1.3380645946e-01,1.3208436934e-01,1.3032187998e-01,1.2839942146e-01
3598,35.9800,1.3778128664e-01,1.3584936312e-01,1.3387974557e-01,1.3173940830e-01,1.3386122548e-01,1.3213913536e-01,1.3037664600e-01,1.2845418748e-01
3599,35.9900,1.3783605266e-01,1.3590412914e-01,1.3393451159e-01,1.3179417433e-01,1.3391599150e-01,1.3219390138e-01,1.3043141202e-01,1.2850895350e-01
3600,36.0000,1.3789081868e-01,1.3595889516e-01,1.3398927761e-01,1.3184894035e-01,1.3397075752e-01,1.3224866740e-01,1.3048617804e-01,1.2856371952e-01
3601,36.0100,1.3794558470e-01,1.3601366118e-01,1.3404404364e-01,1.3190370637e-01,1.3402552354e-01,1.3230343342e-01,1.3054094406e-01,1.2861848554e-01
3602,36.0200,1.3800035072e-01,1.3606842720e-01,1.3409880966e-01,1.3195847239e-01,1.3408028956e-01,1.3235819945e-01,1.3059571008e-01,1.2867325156e-01
3603,36.0300,1.3805511674e-01,1.3612319323e-01,1.3415357568e-01,1.3201323841e-01,1.3413505558e-01,1.3241296547e-01,1.3065047610e-01,1.2872801758e-01
3604,36.0400,1.3810988276e-01,1.3617795925e-01,1.3420834170e-01,1.3206800443e-01,1.3418982160e-01,1.3246773149e-01,1.3070524212e-01,1.2878278360e-01
3605,36.0500,1.3816464878e-01,1.3623272527e-01,1.3426310772e-01,1.3212277045e-01,1.3424458762e-01,1.3252249751e-01,1.3076000814e-01,1.2883754962e-01
3606,36.0600,1.3821941481e-01,1.3628749129e-01,1.3431787374e-01,1.3217753647e-01,1.3429935364e-01,1.3257726353e-01,1.3081477416e-01,1.2889231564e-01
3607,36.0700,1.3827418083e-01,1.3634225731e-01,1.3437263976e-01,1.3223230249e-01,1.3435411966e-01,1.3263202955e-01,1.3086954018e-01,1.2894708166e-01
3608,36.0800,1.3832894685e-01,1.3639702333e-01,1.3442740578e-01,1.3228706852e-01,1.3440888568e-01,1.3268679557e-01,1.3092430621e-01,1.2900184768e-01
3609,36.0900,1.3838371287e-01,1.3645178935e-01,1.3448217181e-01,1.3234183454e-01,1.3446365170e-01,1.3274156159e-01,1.3097907223e-01,1.2905661370e-01
3610,36.1000,1.3843847889e-01,1.3650655538e-01,1.3453693783e-01,1.3239660056e-01,1.3451841772e-01,1.3279632761e-01,1.3103383825e-01,1.2911137972e-01
3611,36.1100,1.3849324491e-01,1.3656132140e-01,1.3459170385e-01,1.3245136658e-01,1.3457318375e-01,1.3285109364e-01,1.3108860427e-01,1.2916614574e-01
3612,36.1200,1.3854801093e-01,1.3661608742e-01,1.3464646987e-01,1.3250613260e-01,1.3462794977e-01,1.3290585966e-01,1.3114337029e-01,1.2922091176e-01
3613,36.1300,1.3860277695e-01,1.3667085344e-01,1.3470123589e-01,1.3256089862e-01,1.3468271579e-01,1.3296062568e-01,1.3119813631e-01,1.2927567778e-01
3614,36.1400,1.3865754297e-01,1.3672561946e-01,1.3475600191e-01,1.3261566464e-01,1.3473748181e-01,1.3301539170e-01,1.3125290233e-01,1.2933044381e-01
3615,36.1500,1.3871230899e-01,1.3678038548e-01,1.3481076793e-01,1.3267043066e-01,1.3479224783e-01,1.3307015772e-01,1.3130766835e-01,1.2938520983e-01
3616,36.1600,1.3876707502e-01,1.3683515150e-01,1.3486553395e-01,1.3272519668e-01,1.3484701385e-01,1.3312492374e-01,1.3136243437e-01,1.2943997585e-01
3617,36.1700,1.3882184104e-01,1.3688991753e-01,1.3492029998e-01,1.3277996270e-01,1.3490177987e-01,1.3317968976e-01,1.3141720039e-01,1.2949474187e-01
3618,36.1800,1.3887660706e-01,1.3694468355e-01,1.3497506600e-01,1.3283472873e-01,1.3495654589e-01,1.3323445578e-01,1.3147196641e-01,1.2954950789e-01
3619,36.1900,1.3893137308e-01,1.3699944957e-01,1.3502983202e-01,1.3288949475e-01,1.3501131191e-01,1.3328922180e-01,1.3152673243e-01,1.2960427391e-01
3620,36.2000,1.3898613910e-01,1.3705421559e-01,1.3508459804e-01,1.3294426077e-01,1.3506607793e-01,1.3334398783e-01,1.3158149845e-01,1.2965903993e-01
3621,36.2100,1.3904090512e-01,1.3710898161e-01,1.3513936406e-01,1.3299902679e-01,1.3512084395e-01,1.3339875385e-01,1.3163626448e-01,1.2971380595e-01
3622,36.2200,1.3909567114e-01,1.3716374763e-01,1.3519413008e-01,1.3305379281e-01,1.3517560997e-01,1.3345351987e-01,1.3169103050e-01,1.2976857197e-01
3623,36.2300,1.3915043716e-01,1.3721851365e-01,1.3524889610e-01,1.3310855883e-01,1.3523037599e-01,1.3350828589e-01,1.3174579652e-01,1.2982333799e-01
3624,36.2400,1.3920520318e-01,1.3727327968e-01,1.3530366212e-01,1.3316332485e-01,1.3528514201e-01,1.3356305191e-01,1.3180056254e-01,1.2987810401e-01
3625,36.2500,1.3925996920e-01,1.3732804570e-01,1.3535842815e-01,1.3321809087e-01,1.3533990803e-01,1.3361781793e-01,1.3185532856e-01,1.2993287003e-01
3626,36.2600,1.3931473522e-01,1.3738281172e-01,1.3541319417e-01,1.3327285689e-01,1.3539467406e-01,1.3367258395e-01,1.3191009458e-01,1.2998763605e-01
3627,36.2700,1.3936950125e-01,1.3743757774e-01,1.3546796019e-01,1.3332762292e-01,1.3544944008e-01,1.3372734997e-01,1.3196486060e-01,1.3004240207e-01
3628,36.2800,1.3942426727e-01,1.3749234376e-01,1.3552272621e-01,1.3338238894e-01,1.3550420610e-01,1.3378211599e-01,1.3201962662e-01,1.3009716809e-01
3629,36.2900,1.3947903329e-01,1.3754710978e-01,1.3557749223e-01,1.3343715496e-01,1.3555897212e-01,1.3383688202e-01,1.3207439264e-01,1.3015193411e-01
3630,36.3000,1.3953379931e-01,1.3760187580e-01,1.3563225825e-01,1.3349192098e-01,1.3561373814e-01,1.3389164804e-01,1.3212915866e-01,1.3020670013e-01
3631,36.3100,1.3958856533e-01,1.3765664183e-01,1.3568702427e-01,1.3354668700e-01,1.3566850416e-01,1.3394641406e-01,1.3218392468e-01,1.3026146615e-01
3632,36.3200,1.3964333135e-01,1.3771140785e-01,1.3574179030e-01,1.3360145302e-01,1.3572327018e-01,1.3400118008e-01,1.3223869070e-01,1.3031623218e-01
3633,36.3300,1.3969809737e-01,1.3776617387e-01,1.3579655632e-01,1.3365621904e-01,1.3577803620e-01,1.3405594610e-01,1.3229345672e-01,1.3037099820e-01
3634,36.3400,1.3975286339e-01,1.3782093989e-01,1.3585132234e-01,1.3371098506e-01,1.3583280222e-01,1.3411071212e-01,1.3234822274e-01,1.3042576422e-01
3635,36.3500,1.3980762941e-01,1.3787570591e-01,1.3590608836e-01,1.3376575108e-01,1.3588756824e-01,1.3416547814e-01,1.3240298877e-01,1.3048053024e-01
3636,36.3600,1.3986239543e-01,1.3793047193e-01,1.3596085438e-01,1.3382051710e-01,1.3594233426e-01,1.3422024416e-01,1.3245775479e-01,1.3053529626e-01
3637,36.3700,1.3991716146e-01,1.3798523795e-01,1.3601562040e-01,1.3387528313e-01,1.3599710028e-01,1.3427501018e-01,1.3251252081e-01,1.3059006228e-01
3638,36.3800,1.3997192748e-01,1.3804000398e-01,1.3607038642e-01,1.3393004915e-01,1.3605186630e-01,1.3432977621e-01,1.3256728683e-01,1.3064482830e-01
3639,36.3900,1.4002669350e-01,1.3809477000e-01,1.3612515244e-01,1.3398481517e-01,1.3610663232e-01,1.3438454223e-01,1.3262205285e-01,1.3069959432e-01
3640,36.4000,1.4008145952e-01,1.3814953602e-01,1.3617991847e-01,1.3403958119e-01,1.3616139835e-01,1.3443930825e-01,1.3267681887e-01,1.3075436034e-01
3641,36.4100,1.4013622554e-01,1.3820430204e-01,1.3623468449e-01,1.3409434721e-01,1.3621616437e-01,1.3449407427e-01,1.3273158489e-01,1.3080912636e-01
3642,36.4200,1.4019099156e-01,1.3825906806e-01,1.3628945051e-01,1.3414911323e-01,1.3627093039e-01,1.3454884029e-01,1.3278635091e-01,1.3086389238e-01
3643,36.4300,1.4024575758e-01,1.3831383408e-01,1.3634421653e-01,1.3420387925e-01,1.3632569641e-01,1.3460360631e-01,1.3284111693e-01,1.3091865840e-01
3644,36.4400,1.4030052360e-01,1.3836860010e-01,1.3639898255e-01,1.3425864527e-01,1.3638046243e-01,1.3465837233e-01,1.3289588295e-01,1.3097342442e-01
3645,36.4500,1.4035528962e-01,1.3842336612e-01,1.3645374857e-01,1.3431341129e-01,1.3643522845e-01,1.3471313835e-01,1.3295064897e-01,1.3102819044e-01
3646,36.4600,1.4041005564e-01,1.3847813215e-01,1.3650851459e-01,1.3436817731e-01,1.3648999447e-01,1.3476790437e-01,1.3300541499e-01,1.3108295646e-01
3647,36.4700,1.4046482166e-01,1.3853289817e-01,1.3656328061e-01,1.3442294334e-01,1.3654476049e-01,1.3482267040e-01,1.3306018101e-01,1.3113772248e-01
3648,36.4800,1.4051958769e-01,1.3858766419e-01,1.3661804664e-01,1.3447770936e-01,1.3659952651e-01,1.3487743642e-01,1.3311494703e-01,1.3119248850e-01
3649,36.4900,1.4057435371e-01,1.3864243021e-01,1.3667281266e-01,1.3453247538e-01,1.3665429253e-01,1.3493220244e-01,1.3316971306e-01,1.3124725453e-01
3650,36.5000,1.4062911973e-01,1.3869719623e-01,1.3672757868e-01,1.3458724140e-01,1.3670905855e-01,1.3498696846e-01,1.3322447908e-01,1.3130202055e-01
3651,36.5100,1.4068388575e-01,1.3875196225e-01,1.3678234470e-01,1.3464200742e-01,1.3676382457e-01,1.3504173448e-01,1.3327924510e-01,1.3135678657e-01
3652,36.5200,1.4073865177e-01,1.3880672827e-01,1.3683711072e-01,1.3469677344e-01,1.3681859059e-01,1.3509650050e-01,1.3333401112e-01,1.3141155259e-01
3653,36.5300,1.4079341779e-01,1.3886149430e-01,1.3689187674e-01,1.3475153946e-01,1.3687335661e-01,1.3515126652e-01,1.3338877714e-01,1.3146631861e-01
3654,36.5400,1.4084818381e-01,1.3891626032e-01,1.3694664276e-01,1.3480630548e-01,1.3692812264e-01,1.3520603254e-01,1.3344354316e-01,1.3152108463e-01
3655,36.5500,1.4090294983e-01,1.3897102634e-01,1.3700140878e-01,1.3486107150e-01,1.3698288866e-01,1.3526079856e-01,1.3349830918e-01,1.3157585065e-01
3656,36.5600,1.4095771585e-01,1.3902579236e-01,1.3705617481e-01,1.3491583753e-01,1.3703765468e-01,1.3531556459e-01,1.3355307520e-01,1.3163061667e-01
3657,36.5700,1.4101248187e-01,1.3908055838e-01,1.3711094083e-01,1.3497060355e-01,1.3709242070e-01,1.3537033061e-01,1.3360784122e-01,1.3168538269e-01
3658,36.5800,1.4106724789e-01,1.3913532440e-01,1.3716570685e-01,1.3502536957e-01,1.3714718672e-01,1.3542509663e-01,1.3366260724e-01,1.3174014871e-01
3659,36.5900,1.4112201392e-01,1.3919009042e-01,1.3722047287e-01,1.3508013559e-01,1.3720195274e-01,1.3547986265e-01,1.3371737326e-01,1.3179491473e-01
3660,36.6000,1.4117677994e-01,1.3924485645e-01,1.3727523889e-01,1.3513490161e-01,1.3725671876e-01,1.3553462867e-01,1.3377213928e-01,1.3184968075e-01
3661,36.6100,1.4123154596e-01,1.3929962247e-01,1.3733000491e-01,1.3518966763e-01,1.3731148478e-01,1.3558939469e-01,1.3382690530e-01,1.3190444677e-01
3662,36.6200,1.4128631198e-01,1.3935438849e-01,1.3738477093e-01,1.3524443365e-01,1.3736625080e-01,1.3564416071e-01,1.3388167133e-01,1.3195921279e-01
3663,36.6300,1.4134107800e-01,1.3940915451e-01,1.3743953695e-01,1.3529919967e-01,1.3742101682e-01,1.3569892673e-01,1.3393643735e-01,1.3201397881e-01
3664,36.6400,1.4139584402e-01,1.3946392053e-01,1.3749430297e-01,1.3535396569e-01,1.3747578284e-01,1.3575369275e-01,1.3399120337e-01,1.3206874483e-01
3665,36.6500,1.4145061004e-01,1.3951868655e-01,1.3754906900e-01,1.3540873171e-01,1.3753054886e-01,1.3580845878e-01,1.3404596939e-01,1.3212351085e-01
3666,36.6600,1.4150537606e-01,1.3957345257e-01,1.3760383502e-01,1.3546349774e-01,1.3758531488e-01,1.3586322480e-01,1.3410073541e-01,1.3217827687e-01
3667,36.6700,1.4156014208e-01,1.3962821860e-01,1.3765860104e-01,1.3551826376e-01,1.3764008090e-01,1.3591799082e-01,1.3415550143e-01,1.3223304290e-01
3668,36.6800,1.4161490810e-01,1.3968298462e-01,1.3771336706e-01,1.3557302978e-01,1.3769484693e-01,1.3597275684e-01,1.3421026745e-01,1.3228780892e-01
3669,36.6900,1.4166967413e-01,1.3973775064e-01,1.3776813308e-01,1.3562779580e-01,1.3774961295e-01,1.3602752286e-01,1.3426503347e-01,1.3234257494e-01
3670,36.7000,1.4172444015e-01,1.3979251666e-01,1.3782289910e-01,1.3568256182e-01,1.3780437897e-01,1.3608228888e-01,1.3431979949e-01,1.3239734096e-01
3671,36.7100,1.4177920617e-01,1.3984728268e-01,1.3787766512e-01,1.3573732784e-01,1.3785914499e-01,1.3613705490e-01,1.3437456551e-01,1.3245210698e-01
3672,36.7200,1.4183397219e-01,1.3990204870e-01,1.3793243114e-01,1.3579209386e-01,1.3791391101e-01,1.3619182092e-01,1.3442933153e-01,1.3250687300e-01
3673,36.7300,1.4188873821e-01,1.3995681472e-01,1.3798719717e-01,1.3584685988e-01,1.3796867703e-01,1.3624658694e-01,1.3448409755e-01,1.3256163902e-01
3674,36.7400,1.4194350423e-01,1.4001158075e-01,1.3804196319e-01,1.3590162590e-01,1.3802344305e-01,1.3630135296e-01,1.3453886357e-01,1.3261640504e-01
3675,36.7500,1.4199827025e-01,1.4006634677e-01,1.3809672921e-01,1.3595639192e-01,1.3807820907e-01,1.3635611899e-01,1.3459362959e-01,1.3267117106e-01
3676,36.7600,1.4205303627e-01,1.4012111279e-01,1.3815149523e-01,1.3601115795e-01,1.3813297509e-01,1.3641088501e-01,1.3464839562e-01,1.3272593708e-01
3677,36.7700,1.4210780229e-01,1.4017587881e-01,1.3820626125e-01,1.3606592397e-01,1.3818774111e-01,1.3646565103e-01,1.3470316164e-01,1.3278070310e-01
3678,36.7800,1.4216256831e-01,1.4023064483e-01,1.3826102727e-01,1.3612068999e-01,1.3824250713e-01,1.3652041705e-01,1.3475792766e-01,1.3283546912e-01
3679,36.7900,1.4221733433e-01,1.4028541085e-01,1.3831579329e-01,1.3617545601e-01,1.3829727315e-01,1.3657518307e-01,1.3481269368e-01,1.3289023514e-01
3680,36.8000,1.4227210036e-01,1.4034017687e-01,1.3837055931e-01,1.3623022203e-01,1.3835203917e-01,1.3662994909e-01,1.3486745970e-01,1.3294500116e-01
3681,36.8100,1.4232686638e-01,1.4039494290e-01,1.3842532534e-01,1.3628498805e-01,1.3840680519e-01,1.3668471511e-01,1.3492222572e-01,1.3299976718e-01
3682,36.8200,1.4238163240e-01,1.4044970892e-01,1.3848009136e-01,1.3633975407e-01,1.3846157121e-01,1.3673948113e-01,1.3497699174e-01,1.3305453320e-01
3683,36.8300,1.4243639842e-01,1.4050447494e-01,1.3853485738e-01,1.3639452009e-01,1.3851633724e-01,1.3679424715e-01,1.3503175776e-01,1.3310929922e-01
3684,36.8400,1.4249116444e-01,1.4055924096e-01,1.3858962340e-01,1.3644928611e-01,1.3857110326e-01,1.3684901318e-01,1.3508652378e-01,1.3316406524e-01
3685,36.8500,1.4254593046e-01,1.4061400698e-01,1.3864438942e-01,1.3650405214e-01,1.3862586928e-01,1.3690377920e-01,1.3514128980e-01,1.3321883127e-01
3686,36.8600,1.4260069648e-01,1.4066877300e-01,1.3869915544e-01,1.3655881816e-01,1.3868063530e-01,1.3695854522e-01,1.3519605582e-01,1.3327359729e-01
3687,36.8700,1.4265546250e-01,1.4072353902e-01,1.3875392146e-01,1.3661358418e-01,1.3873540132e-01,1.3701331124e-01,1.3525082184e-01,1.3332836331e-01
3688,36.8800,1.4271022852e-01,1.4077830504e-01,1.3880868748e-01,1.3666835020e-01,1.3879016734e-01,1.3706807726e-01,1.3530558786e-01,1.3338312933e-01
3689,36.8900,1.4276499454e-01,1.4083307107e-01,1.3886345351e-01,1.3672311622e-01,1.3884493336e-01,1.3712284328e-01,1.3536035388e-01,1.3343789535e-01
3690,36.9000,1.4281976057e-01,1.4088783709e-01,1.3891821953e-01,1.3677788224e-01,1.3889969938e-01,1.3717760930e-01,1.3541511991e-01,1.3349266137e-01
3691,36.9100,1.4287452659e-01,1.4094260311e-01,1.3897298555e-01,1.3683264826e-01,1.3895446540e-01,1.3723237532e-01,1.3546988593e-01,1.3354742739e-01
3692,36.9200,1.4292929261e-01,1.4099736913e-01,1.3902775157e-01,1.3688741428e-01,1.3900923142e-01,1.3728714134e-01,1.3552465195e-01,1.3360219341e-01
3693,36.9300,1.4298405863e-01,1.4105213515e-01,1.3908251759e-01,1.3694218030e-01,1.3906399744e-01,1.3734190737e-01,1.3557941797e-01,1.3365695943e-01
3694,36.9400,1.4303882465e-01,1.4110690117e-01,1.3913728361e-01,1.3699694632e-01,1.3911876346e-01,1.3739667339e-01,1.3563418399e-01,1.3371172545e-01
3695,36.9500,1.4309359067e-01,1.4116166719e-01,1.3919204963e-01,1.3705171235e-01,1.3917352948e-01,1.3745143941e-01,1.3568895001e-01,1.3376649147e-01
3696,36.9600,1.4314835669e-01,1.4121643322e-01,1.3924681565e-01,1.3710647837e-01,1.3922829550e-01,1.3750620543e-01,1.3574371603e-01,1.3382125749e-01
3697,36.9700,1.4320312271e-01,1.4127119924e-01,1.3930158168e-01,1.3716124439e-01,1.3928306153e-01,1.3756097145e-01,1.3579848205e-01,1.3387602351e-01
3698,36.9800,1.4325788873e-01,1.4132596526e-01,1.3935634770e-01,1.3721601041e-01,1.3933782755e-01,1.3761573747e-01,1.3585324807e-01,1.3393078953e-01
3699,36.9900,1.4331265475e-01,1.4138073128e-01,1.3941111372e-01,1.3727077643e-01,1.3939259357e-01,1.3767050349e-01,1.3590801409e-01,1.3398555555e-01
3700,37.0000,1.4336742077e-01,1.4143549730e-01,1.3946587974e-01,1.3732554245e-01,1.3944735959e-01,1.3772526951e-01,1.3596278011e-01,1.3404032157e-01
3701,37.0100,1.4342218680e-01,1.4149026332e-01,1.3952064576e-01,1.3738030847e-01,1.3950212561e-01,1.3778003553e-01,1.3601754613e-01,1.3409508759e-01
3702,37.0200,1.4347695282e-01,1.4154502934e-01,1.3957541178e-01,1.3743507449e-01,1.3955689163e-01,1.3783480156e-01,1.3607231215e-01,1.3414985361e-01
3703,37.0300,1.4353171884e-01,1.4159979537e-01,1.3963017780e-01,1.3748984051e-01,1.3961165765e-01,1.3788956758e-01,1.3612707817e-01,1.3420461964e-01
3704,37.0400,1.4358648486e-01,1.4165456139e-01,1.3968494382e-01,1.3754460653e-01,1.3966642367e-01,1.3794433360e-01,1.3618184420e-01,1.3425938566e-01
3705,37.0500,1.4364125089e-01,1.4170932742e-01,1.3973970985e-01,1.3759937256e-01,1.3972118970e-01,1.3799909963e-01,1.3623661022e-01,1.3431415169e-01
3706,37.0600,1.4369601691e-01,1.4176409344e-01,1.3979447588e-01,1.3765413859e-01,1.3977595572e-01,1.3805386565e-01,1.3629137625e-01,1.3436891771e-01
3707,37.0700,1.4375078293e-01,1.4181885946e-01,1.3984924190e-01,1.3770890461e-01,1.3983072174e-01,1.3810863167e-01,1.3634614227e-01,1.3442368373e-01
3708,37.0800,1.4380554895e-01,1.4187362548e-01,1.3990400792e-01,1.3776367063e-01,1.3988548776e-01,1.3816339769e-01,1.3640090829e-01,1.3447844975e-01
3709,37.0900,1.4386031497e-01,1.4192839150e-01,1.3995877394e-01,1.3781843665e-01,1.3994025378e-01,1.3821816371e-01,1.3645567431e-01,1.3453321577e-01
3710,37.1000,1.4391508099e-01,1.4198315752e-01,1.4001353996e-01,1.3787320267e-01,1.3999501980e-01,1.3827292973e-01,1.3651044033e-01,1.3458798179e-01
3711,37.1100,1.4396984701e-01,1.4203792355e-01,1.4006830598e-01,1.3792796869e-01,1.4004978582e-01,1.3832769575e-01,1.3656520635e-01,1.3464274781e-01
3712,37.1200,1.4402461303e-01,1.4209268957e-01,1.4012307200e-01,1.3798273471e-01,1.4010455184e-01,1.3838246177e-01,1.3661997237e-01,1.3469751383e-01
3713,37.1300,1.4407937906e-01,1.4214745559e-01,1.4017783802e-01,1.3803750073e-01,1.4015931787e-01,1.3843722780e-01,1.3667473839e-01,1.3475227985e-01
3714,37.1400,1.4413414508e-01,1.4220222161e-01,1.4023260405e-01,1.3809226675e-01,1.4021408389e-01,1.3849199382e-01,1.3672950441e-01,1.3480704587e-01
3715,37.1500,1.4418891110e-01,1.4225698763e-01,1.4028737007e-01,1.3814703277e-01,1.4026884991e-01,1.3854675984e-01,1.3678427043e-01,1.3486181189e-01
3716,37.1600,1.4424367712e-01,1.4231175365e-01,1.4034213609e-01,1.3820179880e-01,1.4032361593e-01,1.3860152586e-01,1.3683903645e-01,1.3491657791e-01
3717,37.1700,1.4429844314e-01,1.4236651967e-01,1.4039690211e-01,1.3825656482e-01,1.4037838195e-01,1.3865629188e-01,1.3689380247e-01,1.3497134393e-01
3718,37.1800,1.4435320916e-01,1.4242128569e-01,1.4045166813e-01,1.3831133084e-01,1.4043314797e-01,1.3871105790e-01,1.3694856849e-01,1.3502610995e-01
3719,37.1900,1.4440797518e-01,1.4247605172e-01,1.4050643415e-01,1.3836609686e-01,1.4048791399e-01,1.3876582392e-01,1.3700333451e-01,1.3508087597e-01
3720,37.2000,1.4446274120e-01,1.4253081774e-01,1.4056120017e-01,1.3842086288e-01,1.4054268001e-01,1.3882058994e-01,1.3705810054e-01,1.3513564199e-01
3721,37.2100,1.4451750722e-01,1.4258558376e-01,1.4061596619e-01,1.3847562890e-01,1.4059744603e-01,1.3887535596e-01,1.3711286656e-01,1.3519040802e-01
3722,37.2200,1.4457227324e-01,1.4264034978e-01,1.4067073221e-01,1.3853039492e-01,1.4065221205e-01,1.3893012199e-01,1.3716763258e-01,1.3524517404e-01
3723,37.2300,1.4462703927e-01,1.4269511580e-01,1.4072549824e-01,1.3858516094e-01,1.4070697807e-01,1.3898488801e-01,1.3722239860e-01,1.3529994006e-01
3724,37.2400,1.4468180529e-01,1.4274988182e-01,1.4078026426e-01,1.3863992696e-01,1.4076174409e-01,1.3903965403e-01,1.3727716462e-01,1.3535470608e-01
3725,37.2500,1.4473657131e-01,1.4280464784e-01,1.4083503028e-01,1.3869469299e-01,1.4081651011e-01,1.3909442005e-01,1.3733193064e-01,1.3540947210e-01
3726,37.2600,1.4479133733e-01,1.4285941387e-01,1.4088979630e-01,1.3874945901e-01,1.4087127613e-01,1.3914918607e-01,1.3738669666e-01,1.3546423812e-01
3727,37.2700,1.4484610335e-01,1.4291417989e-01,1.4094456232e-01,1.3880422503e-01,1.4092604216e-01,1.3920395209e-01,1.3744146268e-01,1.3551900414e-01
3728,37.2800,1.4490086937e-01,1.4296894591e-01,1.4099932834e-01,1.3885899105e-01,1.4098080818e-01,1.3925871811e-01,1.3749622870e-01,1.3557377016e-01
3729,37.2900,1.4495563539e-01,1.4302371193e-01,1.4105409436e-01,1.3891375707e-01,1.4103557420e-01,1.3931348413e-01,1.3755099472e-01,1.3562853618e-01
3730,37.3000,1.4501040141e-01,1.4307847795e-01,1.4110886038e-01,1.3896852309e-01,1.4109034022e-01,1.3936825015e-01,1.3760576074e-01,1.3568330220e-01
3731,37.3100,1.4506516743e-01,1.4313324397e-01,1.4116362641e-01,1.3902328911e-01,1.4114510624e-01,1.3942301617e-01,1.3766052676e-01,1.3573806822e-01
3732,37.3200,1.4511993345e-01,1.4318800999e-01,1.4121839243e-01,1.3907805513e-01,1.4119987226e-01,1.3947778220e-01,1.3771529278e-01,1.3579283424e-01
3733,37.3300,1.4517469947e-01,1.4324277602e-01,1.4127315845e-01,1.3913282115e-01,1.4125463828e-01,1.3953254822e-01,1.3777005880e-01,1.3584760026e-01
3734,37.3400,1.4522946550e-01,1.4329754204e-01,1.4132792447e-01,1.3918758717e-01,1.4130940430e-01,1.3958731424e-01,1.3782482483e-01,1.3590236628e-01
3735,37.3500,1.4528423152e-01,1.4335230806e-01,1.4138269049e-01,1.3924235320e-01,1.4136417032e-01,1.3964208026e-01,1.3787959085e-01,1.3595713230e-01
3736,37.3600,1.4533899754e-01,1.4340707408e-01,1.4143745651e-01,1.3929711922e-01,1.4141893634e-01,1.3969684628e-01,1.3793435687e-01,1.3601189832e-01
3737,37.3700,1.4539376356e-01,1.4346184010e-01,1.4149222253e-01,1.3935188524e-01,1.4147370236e-01,1.3975161230e-01,1.3798912289e-01,1.3606666434e-01
3738,37.3800,1.4544852958e-01,1.4351660612e-01,1.4154698855e-01,1.3940665126e-01,1.4152846838e-01,1.3980637832e-01,1.3804388891e-01,1.3612143036e-01
3739,37.3900,1.4550329560e-01,1.4357137214e-01,1.4160175458e-01,1.3946141728e-01,1.4158323440e-01,1.3986114434e-01,1.3809865493e-01,1.3617619639e-01
3740,37.4000,1.4555806162e-01,1.4362613817e-01,1.4165652060e-01,1.3951618330e-01,1.4163800042e-01,1.3991591036e-01,1.3815342095e-01,1.3623096241e-01
3741,37.4100,1.4561282764e-01,1.4368090419e-01,1.4171128662e-01,1.3957094932e-01,1.4169276645e-01,1.3997067639e-01,1.3820818697e-01,1.3628572843e-01
3742,37.4200,1.4566759366e-01,1.4373567021e-01,1.4176605264e-01,1.3962571534e-01,1.4174753247e-01,1.4002544241e-01,1.3826295299e-01,1.3634049445e-01
3743,37.4300,1.4572235968e-01,1.4379043623e-01,1.4182081866e-01,1.3968048136e-01,1.4180229849e-01,1.4008020843e-01,1.3831771901e-01,1.3639526047e-01
3744,37.4400,1.4577712570e-01,1.4384520225e-01,1.4187558468e-01,1.3973524738e-01,1.4185706451e-01,1.4013497445e-01,1.3837248503e-01,1.3645002649e-01
3745,37.4500,1.4583189173e-01,1.4389996827e-01,1.4193035070e-01,1.3979001341e-01,1.4191183053e-01,1.4018974047e-01,1.3842725105e-01,1.3650479251e-01
3746,37.4600,1.4588665775e-01,1.4395473429e-01,1.4198511672e-01,1.3984477943e-01,1.4196659655e-01,1.4024450649e-01,1.3848201707e-01,1.3655955853e-01
3747,37.4700,1.4594142377e-01,1.4400950031e-01,1.4203988275e-01,1.3989954545e-01,1.4202136257e-01,1.4029927251e-01,1.3853678309e-01,1.3661432455e-01
3748,37.4800,1.4599618979e-01,1.4406426634e-01,1.4209464877e-01,1.3995431147e-01,1.4207612859e-01,1.4035403853e-01,1.3859154912e-01,1.3666909057e-01
3749,37.4900,1.4605095581e-01,1.4411903236e-01,1.4214941479e-01,1.4000907749e-01,1.4213089461e-01,1.4040880455e-01,1.3864631514e-01,1.3672385659e-01
3750,37.5000,1.4610572183e-01,1.4417379838e-01,1.4220418081e-01,1.4006384351e-01,1.4218566063e-01,1.4046357057e-01,1.3870108116e-01,1.3677862261e-01
3751,37.5100,1.4616048785e-01,1.4422856440e-01,1.4225894683e-01,1.4011860953e-01,1.4224042665e-01,1.4051833660e-01,1.3875584718e-01,1.3683338863e-01
3752,37.5200,1.4621525387e-01,1.4428333042e-01,1.4231371285e-01,1.4017337555e-01,1.4229519267e-01,1.4057310262e-01,1.3881061320e-01,1.3688815465e-01
3753,37.5300,1.4627001989e-01,1.4433809644e-01,1.4236847887e-01,1.4022814157e-01,1.4234995869e-01,1.4062786864e-01,1.3886537922e-01,1.3694292067e-01
3754,37.5400,1.4632478591e-01,1.4439286246e-01,1.4242324489e-01,1.4028290759e-01,1.4240472471e-01,1.4068263466e-01,1.3892014524e-01,1.3699768669e-01
3755,37.5500,1.4637955194e-01,1.4444762849e-01,1.4247801092e-01,1.4033767362e-01,1.4245949074e-01,1.4073740068e-01,1.3897491126e-01,1.3705245271e-01
3756,37.5600,1.4643431796e-01,1.4450239451e-01,1.4253277694e-01,1.4039243964e-01,1.4251425676e-01,1.4079216670e-01,1.3902967728e-01,1.3710721873e-01
3757,37.5700,1.4648908398e-01,1.4455716053e-01,1.4258754296e-01,1.4044720566e-01,1.4256902278e-01,1.4084693272e-01,1.3908444330e-01,1.3716198476e-01
3758,37.5800,1.4654385000e-01,1.4461192655e-01,1.4264230898e-01,1.4050197168e-01,1.4262378880e-01,1.4090169874e-01,1.3913920932e-01,1.3721675078e-01
3759,37.5900,1.4659861602e-01,1.4466669257e-01,1.4269707500e-01,1.4055673770e-01,1.4267855482e-01,1.4095646476e-01,1.3919397534e-01,1.3727151680e-01
3760,37.6000,1.4665338204e-01,1.4472145859e-01,1.4275184102e-01,1.4061150372e-01,1.4273332084e-01,1.4101123079e-01,1.3924874136e-01,1.3732628282e-01
3761,37.6100,1.4670814806e-01,1.4477622461e-01,1.4280660704e-01,1.4066626974e-01,1.4278808686e-01,1.4106599681e-01,1.3930350738e-01,1.3738104884e-01
3762,37.6200,1.4676291408e-01,1.4483099064e-01,1.4286137306e-01,1.4072103576e-01,1.4284285288e-01,1.4112076283e-01,1.3935827340e-01,1.3743581486e-01
3763,37.6300,1.4681768010e-01,1.4488575666e-01,1.4291613908e-01,1.4077580178e-01,1.4289761890e-01,1.4117552885e-01,1.3941303943e-01,1.3749058088e-01
3764,37.6400,1.4687244612e-01,1.4494052268e-01,1.4297090511e-01,1.4083056780e-01,1.4295238492e-01,1.4123029487e-01,1.3946780545e-01,1.3754534690e-01
3765,37.6500,1.4692721214e-01,1.4499528870e-01,1.4302567113e-01,1.4088533383e-01,1.4300715094e-01,1.4128506089e-01,1.3952257147e-01,1.3760011292e-01
3766,37.6600,1.4698197817e-01,1.4505005472e-01,1.4308043715e-01,1.4094009985e-01,1.4306191696e-01,1.4133982691e-01,1.3957733749e-01,1.3765487894e-01
3767,37.6700,1.4703674419e-01,1.4510482074e-01,1.4313520317e-01,1.4099486587e-01,1.4311668298e-01,1.4139459293e-01,1.3963210351e-01,1.3770964496e-01
3768,37.6800,1.4709151021e-01,1.4515958676e-01,1.4318996919e-01,1.4104963189e-01,1.4317144900e-01,1.4144935895e-01,1.3968686953e-01,1.3776441098e-01
3769,37.6900,1.4714627623e-01,1.4521435279e-01,1.4324473521e-01,1.4110439791e-01,1.4322621503e-01,1.4150412497e-01,1.3974163555e-01,1.3781917700e-01
3770,37.7000,1.4720104225e-01,1.4526911881e-01,1.4329950123e-01,1.4115916393e-01,1.4328098105e-01,1.4155889100e-01,1.3979640157e-01,1.3787394302e-01
3771,37.7100,1.4725580827e-01,1.4532388483e-01,1.4335426725e-01,1.4121392995e-01,1.4333574707e-01,1.4161365702e-01,1.3985116759e-01,1.3792870904e-01
3772,37.7200,1.4731057429e-01,1.4537865085e-01,1.4340903328e-01,1.4126869597e-01,1.4339051309e-01,1.4166842304e-01,1.3990593361e-01,1.3798347506e-01
3773,37.7300,1.4736534031e-01,1.4543341687e-01,1.4346379930e-01,1.4132346199e-01,1.4344527911e-01,1.4172318906e-01,1.3996069963e-01,1.3803824108e-01
3774,37.7400,1.4742010633e-01,1.4548818289e-01,1.4351856532e-01,1.4137822802e-01,1.4350004513e-01,1.4177795508e-01,1.4001546565e-01,1.3809300711e-01
3775,37.7500,1.4747487235e-01,1.4554294891e-01,1.4357333134e-01,1.4143299404e-01,1.4355481115e-01,1.4183272110e-01,1.4007023167e-01,1.3814777313e-01
3776,37.7600,1.4752963838e-01,1.4559771493e-01,1.4362809736e-01,1.4148776006e-01,1.4360957717e-01,1.4188748712e-01,1.4012499769e-01,1.3820253915e-01
3777,37.7700,1.4758440440e-01,1.4565248096e-01,1.4368286338e-01,1.4154252608e-01,1.4366434319e-01,1.4194225314e-01,1.4017976372e-01,1.3825730517e-01
3778,37.7800,1.4763917042e-01,1.4570724698e-01,1.4373762940e-01,1.4159729210e-01,1.4371910921e-01,1.4199701916e-01,1.4023452974e-01,1.3831207119e-01
3779,37.7900,1.4769393644e-01,1.4576201300e-01,1.4379239542e-01,1.4165205812e-01,1.4377387523e-01,1.4205178519e-01,1.4028929576e-01,1.3836683721e-01
3780,37.8000,1.4774870246e-01,1.4581677902e-01,1.4384716145e-01,1.4170682414e-01,1.4382864125e-01,1.4210655121e-01,1.4034406178e-01,1.3842160323e-01
3781,37.8100,1.4780346848e-01,1.4587154504e-01,1.4390192747e-01,1.4176159016e-01,1.4388340727e-01,1.4216131723e-01,1.4039882780e-01,1.3847636925e-01
3782,37.8200,1.4785823450e-01,1.4592631106e-01,1.4395669349e-01,1.4181635618e-01,1.4393817329e-01,1.4221608325e-01,1.4045359382e-01,1.3853113527e-01
3783,37.8300,1.4791300052e-01,1.4598107708e-01,1.4401145951e-01,1.4187112220e-01,1.4399293932e-01,1.4227084927e-01,1.4050835984e-01,1.3858590129e-01
3784,37.8400,1.4796776654e-01,1.4603584311e-01,1.4406622553e-01,1.4192588823e-01,1.4404770534e-01,1.4232561529e-01,1.4056312586e-01,1.3864066731e-01
3785,37.8500,1.4802253256e-01,1.4609060913e-01,1.4412099155e-01,1.4198065425e-01,1.4410247136e-01,1.4238038131e-01,1.4061789188e-01,1.3869543333e-01
3786,37.8600,1.4807729858e-01,1.4614537515e-01,1.4417575757e-01,1.4203542027e-01,1.4415723738e-01,1.4243514733e-01,1.4067265790e-01,1.3875019935e-01
3787,37.8700,1.4813206461e-01,1.4620014117e-01,1.4423052359e-01,1.4209018629e-01,1.4421200340e-01,1.4248991335e-01,1.4072742392e-01,1.3880496537e-01
3788,37.8800,1.4818683063e-01,1.4625490719e-01,1.4428528962e-01,1.4214495231e-01,1.4426676942e-01,1.4254467937e-01,1.4078218994e-01,1.3885973139e-01
3789,37.8900,1.4824159665e-01,1.4630967321e-01,1.4434005564e-01,1.4219971833e-01,1.4432153544e-01,1.4259944540e-01,1.4083695596e-01,1.3891449741e-01
3790,37.9000,1.4829636267e-01,1.4636443923e-01,1.4439482166e-01,1.4225448435e-01,1.4437630146e-01,1.4265421142e-01,1.4089172198e-01,1.3896926343e-01
3791,37.9100,1.4835112869e-01,1.4641920526e-01,1.4444958768e-01,1.4230925037e-01,1.4443106748e-01,1.4270897744e-01,1.4094648800e-01,1.3902402945e-01
3792,37.9200,1.4840589471e-01,1.4647397128e-01,1.4450435370e-01,1.4236401639e-01,1.4448583350e-01,1.4276374346e-01,1.4100125403e-01,1.3907879548e-01
3793,37.9300,1.4846066073e-01,1.4652873730e-01,1.4455911972e-01,1.4241878241e-01,1.4454059952e-01,1.4281850948e-01,1.4105602005e-01,1.3913356150e-01
3794,37.9400,1.4851542675e-01,1.4658350332e-01,1.4461388574e-01,1.4247354844e-01,1.4459536554e-01,1.4287327550e-01,1.4111078607e-01,1.3918832752e-01
3795,37.9500,1.4857019277e-01,1.4663826934e-01,1.4466865176e-01,1.4252831446e-01,1.4465013156e-01,1.4292804152e-01,1.4116555209e-01,1.3924309354e-01
3796,37.9600,1.4862495879e-01,1.4669303536e-01,1.4472341778e-01,1.4258308048e-01,1.4470489758e-01,1.4298280754e-01,1.4122031811e-01,1.3929785956e-01
3797,37.9700,1.4867972482e-01,1.4674780138e-01,1.4477818381e-01,1.4263784650e-01,1.4475966361e-01,1.4303757356e-01,1.4127508413e-01,1.3935262558e-01
3798,37.9800,1.4873449084e-01,1.4680256740e-01,1.4483294983e-01,1.4269261252e-01,1.4481442963e-01,1.4309233959e-01,1.4132985015e-01,1.3940739160e-01
3799,37.9900,1.4878925686e-01,1.4685733343e-01,1.4488771585e-01,1.4274737854e-01,1.4486919565e-01,1.4314710561e-01,1.4138461617e-01,1.3946215762e-01
3800,38.0000,1.4884402288e-01,1.4691209945e-01,1.4494248187e-01,1.4280214456e-01,1.4492396167e-01,1.4320187163e-01,1.4143938219e-01,1.3951692364e-01
3801,38.0100,1.4889878890e-01,1.4696686547e-01,1.4499724789e-01,1.4285691058e-01,1.4497872769e-01,1.4325663765e-01,1.4149414821e-01,1.3957168966e-01
3802,38.0200,1.4895355492e-01,1.4702163149e-01,1.4505201391e-01,1.4291167660e-01,1.4503349371e-01,1.4331140367e-01,1.4154891423e-01,1.3962645568e-01
3803,38.0300,1.4900832094e-01,1.4707639751e-01,1.4510677993e-01,1.4296644262e-01,1.4508825973e-01,1.4336616969e-01,1.4160368025e-01,1.3968122170e-01
3804,38.0400,1.4906308696e-01,1.4713116353e-01,1.4516154595e-01,1.4302120865e-01,1.4514302575e-01,1.4342093571e-01,1.4165844627e-01,1.3973598772e-01
3805,38.0500,1.4911785298e-01,1.4718592955e-01,1.4521631198e-01,1.4307597467e-01,1.4519779177e-01,1.4347570173e-01,1.4171321229e-01,1.3979075374e-01
3806,38.0600,1.4917261900e-01,1.4724069558e-01,1.4527107800e-01,1.4313074069e-01,1.4525255779e-01,1.4353046775e-01,1.4176797831e-01,1.3984551976e-01
3807,38.0700,1.4922738502e-01,1.4729546160e-01,1.4532584402e-01,1.4318550671e-01,1.4530732381e-01,1.4358523377e-01,1.4182274434e-01,1.3990028578e-01
3808,38.0800,1.4928215105e-01,1.4735022762e-01,1.4538061004e-01,1.4324027273e-01,1.4536208983e-01,1.4363999980e-01,1.4187751036e-01,1.3995505180e-01
3809,38.0900,1.4933691707e-01,1.4740499364e-01,1.4543537606e-01,1.4329503875e-01,1.4541685585e-01,1.4369476582e-01,1.4193227638e-01,1.4000981782e-01
3810,38.1000,1.4939168309e-01,1.4745975966e-01,1.4549014208e-01,1.4334980477e-01,1.4547162188e-01,1.4374953184e-01,1.4198704240e-01,1.4006458385e-01
3811,38.1100,1.4944644911e-01,1.4751452568e-01,1.4554490810e-01,1.4340457079e-01,1.4552638790e-01,1.4380429786e-01,1.4204180842e-01,1.4011934987e-01
3812,38.1200,1.4950121513e-01,1.4756929170e-01,1.4559967412e-01,1.4345933681e-01,1.4558115392e-01,1.4385906388e-01,1.4209657444e-01,1.4017411589e-01
3813,38.1300,1.4955598115e-01,1.4762405773e-01,1.4565444015e-01,1.4351410283e-01,1.4563591994e-01,1.4391382990e-01,1.4215134046e-01,1.4022888191e-01
3814,38.1400,1.4961074717e-01,1.4767882375e-01,1.4570920617e-01,1.4356886886e-01,1.4569068596e-01,1.4396859592e-01,1.4220610648e-01,1.4028364793e-01
3815,38.1500,1.4966551319e-01,1.4773358977e-01,1.4576397219e-01,1.4362363488e-01,1.4574545198e-01,1.4402336194e-01,1.4226087250e-01,1.4033841395e-01
3816,38.1600,1.4972027921e-01,1.4778835579e-01,1.4581873821e-01,1.4367840090e-01,1.4580021800e-01,1.4407812796e-01,1.4231563852e-01,1.4039317997e-01
3817,38.1700,1.4977504523e-01,1.4784312181e-01,1.4587350423e-01,1.4373316692e-01,1.4585498402e-01,1.4413289399e-01,1.4237040454e-01,1.4044794599e-01
3818,38.1800,1.4982981125e-01,1.4789788783e-01,1.4592827025e-01,1.4378793294e-01,1.4590975004e-01,1.4418766001e-01,1.4242517056e-01,1.4050271201e-01
3819,38.1900,1.4988457728e-01,1.4795265385e-01,1.4598303627e-01,1.4384269896e-01,1.4596451606e-01,1.4424242603e-01,1.4247993658e-01,1.4055747803e-01
3820,38.2000,1.4993934330e-01,1.4800741987e-01,1.4603780229e-01,1.4389746498e-01,1.4601928208e-01,1.4429719205e-01,1.4253470260e-01,1.4061224405e-01
3821,38.2100,1.4999410932e-01,1.4806218590e-01,1.4609256831e-01,1.4395223100e-01,1.4607404810e-01,1.4435195807e-01,1.4258946863e-01,1.4066701007e-01
3822,38.2200,1.5004887534e-01,1.4811695192e-01,1.4614733434e-01,1.4400699702e-01,1.4612881412e-01,1.4440672409e-01,1.4264423465e-01,1.4072177609e-01
3823,38.2300,1.5010364136e-01,1.4817171794e-01,1.4620210036e-01,1.4406176304e-01,1.4618358014e-01,1.4446149011e-01,1.4269900067e-01,1.4077654211e-01
3824,38.2400,1.5015840738e-01,1.4822648396e-01,1.4625686638e-01,1.4411652907e-01,1.4623834617e-01,1.4451625613e-01,1.4275376669e-01,1.4083130813e-01
3825,38.2500,1.5021317340e-01,1.4828124998e-01,1.4631163240e-01,1.4417129509e-01,1.4629311219e-01,1.4457102215e-01,1.4280853271e-01,1.4088607415e-01
3826,38.2600,1.5026793942e-01,1.4833601600e-01,1.4636639842e-01,1.4422606111e-01,1.4634787821e-01,1.4462578817e-01,1.4286329873e-01,1.4094084017e-01
3827,38.2700,1.5032270544e-01,1.4839078202e-01,1.4642116444e-01,1.4428082713e-01,1.4640264423e-01,1.4468055420e-01,1.4291806475e-01,1.4099560619e-01
3828,38.2800,1.5037747146e-01,1.4844554805e-01,1.4647593046e-01,1.4433559315e-01,1.4645741025e-01,1.4473532022e-01,1.4297283077e-01,1.4105037222e-01
3829,38.2900,1.5043223749e-01,1.4850031407e-01,1.4653069648e-01,1.4439035917e-01,1.4651217627e-01,1.4479008624e-01,1.4302759679e-01,1.4110513824e-01
3830,38.3000,1.5048700351e-01,1.4855508009e-01,1.4658546251e-01,1.4444512519e-01,1.4656694229e-01,1.4484485226e-01,1.4308236281e-01,1.4115990426e-01
3831,38.3100,1.5054176953e-01,1.4860984611e-01,1.4664022853e-01,1.4449989121e-01,1.4662170831e-01,1.4489961828e-01,1.4313712883e-01,1.4121467028e-01
3832,38.3200,1.5059653555e-01,1.4866461213e-01,1.4669499455e-01,1.4455465723e-01,1.4667647433e-01,1.4495438430e-01,1.4319189485e-01,1.4126943630e-01
3833,38.3300,1.5065130157e-01,1.4871937815e-01,1.4674976057e-01,1.4460942325e-01,1.4673124035e-01,1.4500915032e-01,1.4324666087e-01,1.4132420232e-01
3834,38.3400,1.5070606759e-01,1.4877414417e-01,1.4680452659e-01,1.4466418928e-01,1.4678600637e-01,1.4506391634e-01,1.4330142689e-01,1.4137896834e-01
3835,38.3500,1.5076083361e-01,1.4882891019e-01,1.4685929261e-01,1.4471895530e-01,1.4684077239e-01,1.4511868236e-01,1.4335619291e-01,1.4143373436e-01
3836,38.3600,1.5081559963e-01,1.4888367622e-01,1.4691405863e-01,1.4477372132e-01,1.4689553841e-01,1.4517344838e-01,1.4341095894e-01,1.4148850038e-01
3837,38.3700,1.5087036565e-01,1.4893844224e-01,1.4696882465e-01,1.4482848734e-01,1.4695030443e-01,1.4522821441e-01,1.4346572496e-01,1.4154326640e-01
3838,38.3800,1.5092513167e-01,1.4899320826e-01,1.4702359068e-01,1.4488325336e-01,1.4700507046e-01,1.4528298043e-01,1.4352049098e-01,1.4159803242e-01
3839,38.3900,1.5097989769e-01,1.4904797428e-01,1.4707835670e-01,1.4493801938e-01,1.4705983648e-01,1.4533774645e-01,1.4357525700e-01,1.4165279844e-01
3840,38.4000,1.5103466372e-01,1.4910274030e-01,1.4713312272e-01,1.4499278540e-01,1.4711460250e-01,1.4539251247e-01,1.4363002302e-01,1.4170756446e-01
3841,38.4100,1.5108942974e-01,1.4915750632e-01,1.4718788874e-01,1.4504755142e-01,1.4716936852e-01,1.4544727849e-01,1.4368478904e-01,1.4176233048e-01
3842,38.4200,1.5114419576e-01,1.4921227234e-01,1.4724265476e-01,1.4510231744e-01,1.4722413454e-01,1.4550204451e-01,1.4373955506e-01,1.4181709650e-01
3843,38.4300,1.5119896178e-01,1.4926703837e-01,1.4729742078e-01,1.4515708347e-01,1.4727890056e-01,1.4555681053e-01,1.4379432108e-01,1.4187186252e-01
3844,38.4400,1.5125372780e-01,1.4932180439e-01,1.4735218680e-01,1.4521184949e-01,1.4733366658e-01,1.4561157655e-01,1.4384908710e-01,1.4192662854e-01
3845,38.4500,1.5130849382e-01,1.4937657041e-01,1.4740695282e-01,1.4526661551e-01,1.4738843260e-01,1.4566634257e-01,1.4390385312e-01,1.4198139456e-01
3846,38.4600,1.5136325984e-01,1.4943133643e-01,1.4746171884e-01,1.4532138153e-01,1.4744319862e-01,1.4572110859e-01,1.4395861914e-01,1.4203616059e-01
3847,38.4700,1.5141802586e-01,1.4948610245e-01,1.4751648487e-01,1.4537614755e-01,1.4749796464e-01,1.4577587462e-01,1.4401338516e-01,1.4209092661e-01
3848,38.4800,1.5147279188e-01,1.4954086847e-01,1.4757125089e-01,1.4543091357e-01,1.4755273066e-01,1.4583064064e-01,1.4406815118e-01,1.4214569263e-01
3849,38.4900,1.5152755790e-01,1.4959563449e-01,1.4762601691e-01,1.4548567959e-01,1.4760749668e-01,1.4588540666e-01,1.4412291720e-01,1.4220045865e-01
3850,38.5000,1.5158232393e-01,1.4965040052e-01,1.4768078293e-01,1.4554044561e-01,1.4766226270e-01,1.4594017268e-01,1.4417768322e-01,1.4225522467e-01
3851,38.5100,1.5163708995e-01,1.4970516654e-01,1.4773554895e-01,1.4559521163e-01,1.4771702872e-01,1.4599493870e-01,1.4423244925e-01,1.4230999069e-01
3852,38.5200,1.5169185597e-01,1.4975993256e-01,1.4779031497e-01,1.4564997765e-01,1.4777179475e-01,1.4604970472e-01,1.4428721527e-01,1.4236475671e-01
3853,38.5300,1.5174662199e-01,1.4981469858e-01,1.4784508099e-01,1.4570474368e-01,1.4782656077e-01,1.4610447074e-01,1.4434198129e-01,1.4241952273e-01
3854,38.5400,1.5180138801e-01,1.4986946460e-01,1.4789984701e-01,1.4575950970e-01,1.4788132679e-01,1.4615923676e-01,1.4439674731e-01,1.4247428875e-01
3855,38.5500,1.5185615403e-01,1.4992423062e-01,1.4795461304e-01,1.4581427572e-01,1.4793609281e-01,1.4621400278e-01,1.4445151333e-01,1.4252905477e-01
3856,38.5600,1.5191092005e-01,1.4997899664e-01,1.4800937906e-01,1.4586904174e-01,1.4799085883e-01,1.4626876881e-01,1.4450627935e-01,1.4258382079e-01
3857,38.5700,1.5196568607e-01,1.5003376266e-01,1.4806414508e-01,1.4592380776e-01,1.4804562485e-01,1.4632353483e-01,1.4456104537e-01,1.4263858681e-01
3858,38.5800,1.5202045209e-01,1.5008852869e-01,1.4811891110e-01,1.4597857378e-01,1.4810039087e-01,1.4637830085e-01,1.4461581139e-01,1.4269335283e-01
3859,38.5900,1.5207521811e-01,1.5014329471e-01,1.4817367712e-01,1.4603333980e-01,1.4815515689e-01,1.4643306687e-01,1.4467057741e-01,1.4274811885e-01
3860,38.6000,1.5212998413e-01,1.5019806073e-01,1.4822844314e-01,1.4608810582e-01,1.4820992291e-01,1.4648783289e-01,1.4472534343e-01,1.4280288487e-01
3861,38.6100,1.5218475016e-01,1.5025282675e-01,1.4828320916e-01,1.4614287184e-01,1.4826468893e-01,1.4654259891e-01,1.4478010945e-01,1.4285765089e-01
3862,38.6200,1.5223951618e-01,1.5030759277e-01,1.4833797518e-01,1.4619763786e-01,1.4831945495e-01,1.4659736493e-01,1.4483487547e-01,1.4291241691e-01
3863,38.6300,1.5229428220e-01,1.5036235879e-01,1.4839274120e-01,1.4625240389e-01,1.4837422097e-01,1.4665213095e-01,1.4488964149e-01,1.4296718294e-01
3864,38.6400,1.5234904822e-01,1.5041712481e-01,1.4844750723e-01,1.4630716991e-01,1.4842898699e-01,1.4670689697e-01,1.4494440751e-01,1.4302194896e-01
3865,38.6500,1.5240381424e-01,1.5047189084e-01,1.4850227325e-01,1.4636193593e-01,1.4848375302e-01,1.4676166299e-01,1.4499917353e-01,1.4307671498e-01
3866,38.6600,1.5245858026e-01,1.5052665686e-01,1.4855703927e-01,1.4641670195e-01,1.4853851904e-01,1.4681642902e-01,1.4505393956e-01,1.4313148100e-01
3867,38.6700,1.5251334628e-01,1.5058142288e-01,1.4861180529e-01,1.4647146797e-01,1.4859328506e-01,1.4687119504e-01,1.4510870558e-01,1.4318624702e-01
3868,38.6800,1.5256811230e-01,1.5063618890e-01,1.4866657131e-01,1.4652623399e-01,1.4864805108e-01,1.4692596106e-01,1.4516347160e-01,1.4324101304e-01
3869,38.6900,1.5262287832e-01,1.5069095492e-01,1.4872133733e-01,1.4658100001e-01,1.4870281710e-01,1.4698072708e-01,1.4521823762e-01,1.4329577906e-01
3870,38.7000,1.5267764434e-01,1.5074572094e-01,1.4877610335e-01,1.4663576603e-01,1.4875758312e-01,1.4703549310e-01,1.4527300364e-01,1.4335054508e-01
3871,38.7100,1.5273241037e-01,1.5080048696e-01,1.4883086937e-01,1.4669053205e-01,1.4881234914e-01,1.4709025912e-01,1.4532776966e-01,1.4340531110e-01
3872,38.7200,1.5278717639e-01,1.5085525298e-01,1.4888563540e-01,1.4674529807e-01,1.4886711516e-01,1.4714502514e-01,1.4538253568e-01,1.4346007712e-01
3873,38.7300,1.5284194241e-01,1.5091001901e-01,1.4894040142e-01,1.4680006410e-01,1.4892188118e-01,1.4719979116e-01,1.4543730170e-01,1.4351484314e-01
3874,38.7400,1.5289670843e-01,1.5096478503e-01,1.4899516744e-01,1.4685483012e-01,1.4897664720e-01,1.4725455718e-01,1.4549206772e-01,1.4356960916e-01
3875,38.7500,1.5295147445e-01,1.5101955105e-01,1.4904993346e-01,1.4690959614e-01,1.4903141322e-01,1.4730932320e-01,1.4554683374e-01,1.4362437518e-01
3876,38.7600,1.5300624047e-01,1.5107431707e-01,1.4910469948e-01,1.4696436216e-01,1.4908617924e-01,1.4736408923e-01,1.4560159976e-01,1.4367914120e-01
3877,38.7700,1.5306100649e-01,1.5112908309e-01,1.4915946550e-01,1.4701912818e-01,1.4914094526e-01,1.4741885525e-01,1.4565636578e-01,1.4373390722e-01
3878,38.7800,1.5311577251e-01,1.5118384911e-01,1.4921423152e-01,1.4707389420e-01,1.4919571128e-01,1.4747362127e-01,1.4571113180e-01,1.4378867324e-01
3879,38.7900,1.5317053853e-01,1.5123861513e-01,1.4926899754e-01,1.4712866022e-01,1.4925047731e-01,1.4752838729e-01,1.4576589782e-01,1.4384343926e-01
3880,38.8000,1.5322530455e-01,1.5129338116e-01,1.4932376356e-01,1.4718342624e-01,1.4930524333e-01,1.4758315331e-01,1.4582066384e-01,1.4389820528e-01
3881,38.8100,1.5328007057e-01,1.5134814718e-01,1.4937852959e-01,1.4723819226e-01,1.4936000935e-01,1.4763791933e-01,1.4587542987e-01,1.4395297131e-01
3882,38.8200,1.5333483660e-01,1.5140291320e-01,1.4943329561e-01,1.4729295828e-01,1.4941477537e-01,1.4769268535e-01,1.4593019589e-01,1.4400773733e-01
3883,38.8300,1.5338960262e-01,1.5145767922e-01,1.4948806163e-01,1.4734772431e-01,1.4946954139e-01,1.4774745137e-01,1.4598496191e-01,1.4406250335e-01
3884,38.8400,1.5344436864e-01,1.5151244524e-01,1.4954282765e-01,1.4740249033e-01,1.4952430741e-01,1.4780221739e-01,1.4603972793e-01,1.4411726937e-01
3885,38.8500,1.5349913466e-01,1.5156721126e-01,1.4959759367e-01,1.4745725635e-01,1.4957907343e-01,1.4785698341e-01,1.4609449395e-01,1.4417203539e-01
3886,38.8600,1.5355390068e-01,1.5162197728e-01,1.4965235969e-01,1.4751202237e-01,1.4963383945e-01,1.4791174944e-01,1.4614925997e-01,1.4422680141e-01
3887,38.8700,1.5360866670e-01,1.5167674331e-01,1.4970712571e-01,1.4756678839e-01,1.4968860547e-01,1.4796651546e-01,1.4620402599e-01,1.4428156743e-01
3888,38.8800,1.5366343272e-01,1.5173150933e-01,1.4976189173e-01,1.4762155441e-01,1.4974337149e-01,1.4802128148e-01,1.4625879201e-01,1.4433633345e-01
3889,38.8900,1.5371819874e-01,1.5178627535e-01,1.4981665776e-01,1.4767632043e-01,1.4979813751e-01,1.4807604750e-01,1.4631355803e-01,1.4439109947e-01
3890,38.9000,1.5377296476e-01,1.5184104137e-01,1.4987142378e-01,1.4773108645e-01,1.4985290353e-01,1.4813081352e-01,1.4636832405e-01,1.4444586549e-01
3891,38.9100,1.5382773078e-01,1.5189580739e-01,1.4992618980e-01,1.4778585247e-01,1.4990766955e-01,1.4818557954e-01,1.4642309007e-01,1.4450063151e-01
3892,38.9200,1.5388249681e-01,1.5195057341e-01,1.4998095582e-01,1.4784061849e-01,1.4996243557e-01,1.4824034556e-01,1.4647785609e-01,1.4455539753e-01
3893,38.9300,1.5393726283e-01,1.5200533943e-01,1.5003572184e-01,1.4789538452e-01,1.5001720160e-01,1.4829511158e-01,1.4653262211e-01,1.4461016355e-01
3894,38.9400,1.5399202885e-01,1.5206010545e-01,1.5009048786e-01,1.4795015054e-01,1.5007196762e-01,1.4834987760e-01,1.4658738813e-01,1.4466492957e-01
3895,38.9500,1.5404679487e-01,1.5211487148e-01,1.5014525388e-01,1.4800491656e-01,1.5012673364e-01,1.4840464362e-01,1.4664215415e-01,1.4471969559e-01
3896,38.9600,1.5410156089e-01,1.5216963750e-01,1.5020001990e-01,1.4805968258e-01,1.5018149966e-01,1.4845940965e-01,1.4669692018e-01,1.4477446161e-01
3897,38.9700,1.5415632691e-01,1.5222440352e-01,1.5025478592e-01,1.4811444860e-01,1.5023626568e-01,1.4851417567e-01,1.4675168620e-01,1.4482922763e-01
3898,38.9800,1.5421109293e-01,1.5227916954e-01,1.5030955195e-01,1.4816921462e-01,1.5029103170e-01,1.4856894169e-01,1.4680645222e-01,1.4488399365e-01
3899,38.9900,1.5426585895e-01,1.5233393556e-01,1.5036431797e-01,1.4822398064e-01,1.5034579772e-01,1.4862370771e-01,1.4686121824e-01,1.4493875968e-01
3900,39.0000,1.5432062497e-01,1.5238870158e-01,1.5041908399e-01,1.4827874666e-01,1.5040056374e-01,1.4867847373e-01,1.4691598426e-01,1.4499352570e-01
3901,39.0100,1.5437539099e-01,1.5244346760e-01,1.5047385001e-01,1.4833351268e-01,1.5045532976e-01,1.4873323975e-01,1.4697075028e-01,1.4504829172e-01
3902,39.0200,1.5443015701e-01,1.5249823363e-01,1.5052861603e-01,1.4838827870e-01,1.5051009578e-01,1.4878800577e-01,1.4702551630e-01,1.4510305774e-01
3903,39.0300,1.5448492304e-01,1.5255299965e-01,1.5058338205e-01,1.4844304473e-01,1.5056486180e-01,1.4884277179e-01,1.4708028232e-01,1.4515782376e-01
3904,39.0400,1.5453968906e-01,1.5260776567e-01,1.5063814807e-01,1.4849781075e-01,1.5061962782e-01,1.4889753781e-01,1.4713504834e-01,1.4521258978e-01
3905,39.0500,1.5459445508e-01,1.5266253169e-01,1.5069291409e-01,1.4855257677e-01,1.5067439384e-01,1.4895230383e-01,1.4718981436e-01,1.4526735580e-01
3906,39.0600,1.5464922110e-01,1.5271729771e-01,1.5074768012e-01,1.4860734279e-01,1.5072915987e-01,1.4900706986e-01,1.4724458038e-01,1.4532212182e-01
3907,39.0700,1.5470398712e-01,1.5277206373e-01,1.5080244614e-01,1.4866210881e-01,1.5078392589e-01,1.4906183588e-01,1.4729934640e-01,1.4537688784e-01
3908,39.0800,1.5475875314e-01,1.5282682975e-01,1.5085721216e-01,1.4871687483e-01,1.5083869191e-01,1.4911660190e-01,1.4735411242e-01,1.4543165386e-01
3909,39.0900,1.5481351916e-01,1.5288159577e-01,1.5091197818e-01,1.4877164085e-01,1.5089345793e-01,1.4917136792e-01,1.4740887844e-01,1.4548641988e-01
3910,39.1000,1.5486828518e-01,1.5293636180e-01,1.5096674420e-01,1.4882640687e-01,1.5094822395e-01,1.4922613394e-01,1.4746364446e-01,1.4554118590e-01
3911,39.1100,1.5492305120e-01,1.5299112782e-01,1.5102151022e-01,1.4888117289e-01,1.5100298997e-01,1.4928089996e-01,1.4751841049e-01,1.4559595192e-01
3912,39.1200,1.5497781722e-01,1.5304589384e-01,1.5107627624e-01,1.4893593891e-01,1.5105775599e-01,1.4933566598e-01,1.4757317651e-01,1.4565071794e-01
3913,39.1300,1.5503258324e-01,1.5310065986e-01,1.5113104226e-01,1.4899070494e-01,1.5111252201e-01,1.4939043200e-01,1.4762794253e-01,1.4570548396e-01
3914,39.1400,1.5508734927e-01,1.5315542588e-01,1.5118580828e-01,1.4904547096e-01,1.5116728803e-01,1.4944519802e-01,1.4768270855e-01,1.4576024998e-01
3915,39.1500,1.5514211529e-01,1.5321019190e-01,1.5124057431e-01,1.4910023698e-01,1.5122205405e-01,1.4949996405e-01,1.4773747457e-01,1.4581501600e-01
3916,39.1600,1.5519688131e-01,1.5326495792e-01,1.5129534033e-01,1.4915500300e-01,1.5127682007e-01,1.4955473007e-01,1.4779224059e-01,1.4586978202e-01
3917,39.1700,1.5525164733e-01,1.5331972395e-01,1.5135010635e-01,1.4920976902e-01,1.5133158609e-01,1.4960949609e-01,1.4784700661e-01,1.4592454805e-01
3918,39.1800,1.5530641335e-01,1.5337448997e-01,1.5140487237e-01,1.4926453504e-01,1.5138635211e-01,1.4966426211e-01,1.4790177263e-01,1.4597931407e-01
3919,39.1900,1.5536117937e-01,1.5342925599e-01,1.5145963839e-01,1.4931930106e-01,1.5144111813e-01,1.4971902813e-01,1.4795653865e-01,1.4603408009e-01
3920,39.2000,1.5541594539e-01,1.5348402201e-01,1.5151440441e-01,1.4937406708e-01,1.5149588416e-01,1.4977379415e-01,1.4801130467e-01,1.4608884611e-01
3921,39.2100,1.5547071141e-01,1.5353878803e-01,1.5156917043e-01,1.4942883310e-01,1.5155065018e-01,1.4982856017e-01,1.4806607069e-01,1.4614361213e-01
3922,39.2200,1.5552547743e-01,1.5359355405e-01,1.5162393645e-01,1.4948359912e-01,1.5160541620e-01,1.4988332619e-01,1.4812083671e-01,1.4619837815e-01
3923,39.2300,1.5558024345e-01,1.5364832007e-01,1.5167870248e-01,1.4953836515e-01,1.5166018222e-01,1.4993809221e-01,1.4817560273e-01,1.4625314417e-01
3924,39.2400,1.5563500948e-01,1.5370308609e-01,1.5173346850e-01,1.4959313117e-01,1.5171494824e-01,1.4999285823e-01,1.4823036875e-01,1.4630791019e-01
3925,39.2500,1.5568977550e-01,1.5375785212e-01,1.5178823452e-01,1.4964789719e-01,1.5176971426e-01,1.5004762426e-01,1.4828513477e-01,1.4636267621e-01
3926,39.2600,1.5574454152e-01,1.5381261814e-01,1.5184300054e-01,1.4970266321e-01,1.5182448028e-01,1.5010239028e-01,1.4833990080e-01,1.4641744223e-01
3927,39.2700,1.5579930754e-01,1.5386738416e-01,1.5189776656e-01,1.4975742923e-01,1.5187924630e-01,1.5015715630e-01,1.4839466682e-01,1.4647220825e-01
3928,39.2800,1.5585407356e-01,1.5392215018e-01,1.5195253258e-01,1.4981219525e-01,1.5193401232e-01,1.5021192232e-01,1.4844943284e-01,1.4652697427e-01
3929,39.2900,1.5590883958e-01,1.5397691620e-01,1.5200729860e-01,1.4986696127e-01,1.5198877834e-01,1.5026668834e-01,1.4850419886e-01,1.4658174029e-01
3930,39.3000,1.5596360560e-01,1.5403168222e-01,1.5206206462e-01,1.4992172729e-01,1.5204354436e-01,1.5032145436e-01,1.4855896488e-01,1.4663650631e-01
3931,39.3100,1.5601837162e-01,1.5408644824e-01,1.5211683064e-01,1.4997649331e-01,1.5209831038e-01,1.5037622038e-01,1.4861373090e-01,1.4669127233e-01
3932,39.3200,1.5607313764e-01,1.5414121427e-01,1.5217159667e-01,1.5003125933e-01,1.5215307640e-01,1.5043098640e-01,1.4866849692e-01,1.4674603835e-01
3933,39.3300,1.5612790366e-01,1.5419598029e-01,1.5222636269e-01,1.5008602536e-01,1.5220784242e-01,1.5048575242e-01,1.4872326294e-01,1.4680080437e-01
3934,39.3400,1.5618266968e-01,1.5425074631e-01,1.5228112871e-01,1.5014079138e-01,1.5226260845e-01,1.5054051844e-01,1.4877802896e-01,1.4685557040e-01
3935,39.3500,1.5623743571e-01,1.5430551233e-01,1.5233589473e-01,1.5019555740e-01,1.5231737447e-01,1.5059528447e-01,1.4883279498e-01,1.4691033642e-01
3936,39.3600,1.5629220173e-01,1.5436027835e-01,1.5239066075e-01,1.5025032342e-01,1.5237214049e-01,1.5065005049e-01,1.4888756100e-01,1.4696510244e-01
3937,39.3700,1.5634696775e-01,1.5441504437e-01,1.5244542677e-01,1.5030508944e-01,1.5242690651e-01,1.5070481651e-01,1.4894232702e-01,1.4701986846e-01
3938,39.3800,1.5640173377e-01,1.5446981039e-01,1.5250019279e-01,1.5035985546e-01,1.5248167253e-01,1.5075958253e-01,1.4899709304e-01,1.4707463448e-01
3939,39.3900,1.5645649979e-01,1.5452457641e-01,1.5255495881e-01,1.5041462148e-01,1.5253643855e-01,1.5081434855e-01,1.4905185906e-01,1.4712940050e-01
3940,39.4000,1.5651126581e-01,1.5457934244e-01,1.5260972484e-01,1.5046938750e-01,1.5259120457e-01,1.5086911457e-01,1.4910662508e-01,1.4718416652e-01
3941,39.4100,1.5656603183e-01,1.5463410846e-01,1.5266449086e-01,1.5052415352e-01,1.5264597059e-01,1.5092388059e-01,1.4916139110e-01,1.4723893254e-01
3942,39.4200,1.5662079785e-01,1.5468887448e-01,1.5271925688e-01,1.5057891954e-01,1.5270073661e-01,1.5097864661e-01,1.4921615713e-01,1.4729369856e-01
3943,39.4300,1.5667556387e-01,1.5474364050e-01,1.5277402290e-01,1.5063368557e-01,1.5275550263e-01,1.5103341263e-01,1.4927092315e-01,1.4734846458e-01
3944,39.4400,1.5673032989e-01,1.5479840652e-01,1.5282878892e-01,1.5068845159e-01,1.5281026865e-01,1.5108817865e-01,1.4932568917e-01,1.4740323060e-01
3945,39.4500,1.5678509592e-01,1.5485317254e-01,1.5288355494e-01,1.5074321761e-01,1.5286503467e-01,1.5114294468e-01,1.4938045519e-01,1.4745799662e-01
3946,39.4600,1.5683986194e-01,1.5490793856e-01,1.5293832096e-01,1.5079798363e-01,1.5291980069e-01,1.5119771070e-01,1.4943522121e-01,1.4751276264e-01
3947,39.4700,1.5689462796e-01,1.5496270459e-01,1.5299308698e-01,1.5085274965e-01,1.5297456672e-01,1.5125247672e-01,1.4948998723e-01,1.4756752866e-01
3948,39.4800,1.5694939398e-01,1.5501747061e-01,1.5304785300e-01,1.5090751567e-01,1.5302933274e-01,1.5130724274e-01,1.4954475325e-01,1.4762229468e-01
3949,39.4900,1.5700416000e-01,1.5507223663e-01,1.5310261903e-01,1.5096228169e-01,1.5308409876e-01,1.5136200876e-01,1.4959951927e-01,1.4767706070e-01
3950,39.5000,1.5705892602e-01,1.5512700265e-01,1.5315738505e-01,1.5101704771e-01,1.5313886478e-01,1.5141677478e-01,1.4965428529e-01,1.4773182672e-01
3951,39.5100,1.5711369204e-01,1.5518176867e-01,1.5321215107e-01,1.5107181373e-01,1.5319363080e-01,1.5147154080e-01,1.4970905131e-01,1.4778659274e-01
3952,39.5200,1.5716845806e-01,1.5523653469e-01,1.5326691709e-01,1.5112657975e-01,1.5324839682e-01,1.5152630682e-01,1.4976381733e-01,1.4784135877e-01
3953,39.5300,1.5722322408e-01,1.5529130071e-01,1.5332168311e-01,1.5118134578e-01,1.5330316284e-01,1.5158107284e-01,1.4981858335e-01,1.4789612479e-01
3954,39.5400,1.5727799010e-01,1.5534606673e-01,1.5337644913e-01,1.5123611180e-01,1.5335792886e-01,1.5163583886e-01,1.4987334937e-01,1.4795089081e-01
3955,39.5500,1.5733275612e-01,1.5540083276e-01,1.5343121515e-01,1.5129087782e-01,1.5341269488e-01,1.5169060489e-01,1.4992811539e-01,1.4800565683e-01
3956,39.5600,1.5738752215e-01,1.5545559878e-01,1.5348598117e-01,1.5134564384e-01,1.5346746090e-01,1.5174537091e-01,1.4998288141e-01,1.4806042285e-01
3957,39.5700,1.5744228817e-01,1.5551036480e-01,1.5354074720e-01,1.5140040986e-01,1.5352222692e-01,1.5180013693e-01,1.5003764744e-01,1.4811518887e-01
3958,39.5800,1.5749705419e-01,1.5556513082e-01,1.5359551322e-01,1.5145517588e-01,1.5357699294e-01,1.5185490295e-01,1.5009241346e-01,1.4816995489e-01
3959,39.5900,1.5755182021e-01,1.5561989684e-01,1.5365027924e-01,1.5150994190e-01,1.5363175896e-01,1.5190966897e-01,1.5014717948e-01,1.4822472091e-01
3960,39.6000,1.5760658623e-01,1.5567466286e-01,1.5370504526e-01,1.5156470792e-01,1.5368652498e-01,1.5196443499e-01,1.5020194550e-01,1.4827948693e-01
3961,39.6100,1.5766135225e-01,1.5572942888e-01,1.5375981128e-01,1.5161947394e-01,1.5374129101e-01,1.5201920101e-01,1.5025671152e-01,1.4833425295e-01
3962,39.6200,1.5771611827e-01,1.5578419491e-01,1.5381457730e-01,1.5167423996e-01,1.5379605703e-01,1.5207396703e-01,1.5031147754e-01,1.4838901897e-01
3963,39.6300,1.5777088429e-01,1.5583896093e-01,1.5386934332e-01,1.5172900599e-01,1.5385082305e-01,1.5212873305e-01,1.5036624356e-01,1.4844378499e-01
3964,39.6400,1.5782565031e-01,1.5589372695e-01,1.5392410934e-01,1.5178377201e-01,1.5390558907e-01,1.5218349907e-01,1.5042100958e-01,1.4849855101e-01
3965,39.6500,1.5788041633e-01,1.5594849297e-01,1.5397887536e-01,1.5183853803e-01,1.5396035509e-01,1.5223826510e-01,1.5047577560e-01,1.4855331703e-01
3966,39.6600,1.5793518236e-01,1.5600325899e-01,1.5403364139e-01,1.5189330405e-01,1.5401512111e-01,1.5229303112e-01,1.5053054162e-01,1.4860808305e-01
3967,39.6700,1.5798994838e-01,1.5605802501e-01,1.5408840741e-01,1.5194807007e-01,1.5406988713e-01,1.5234779714e-01,1.5058530764e-01,1.4866284907e-01
3968,39.6800,1.5804471440e-01,1.5611279103e-01,1.5414317343e-01,1.5200283609e-01,1.5412465315e-01,1.5240256316e-01,1.5064007366e-01,1.4871761509e-01
3969,39.6900,1.5809948042e-01,1.5616755705e-01,1.5419793945e-01,1.5205760211e-01,1.5417941917e-01,1.5245732918e-01,1.5069483968e-01,1.4877238111e-01
3970,39.7000,1.5815424644e-01,1.5622232308e-01,1.5425270547e-01,1.5211236813e-01,1.5423418519e-01,1.5251209520e-01,1.5074960570e-01,1.4882714714e-01
3971,39.7100,1.5820901246e-01,1.5627708910e-01,1.5430747149e-01,1.5216713415e-01,1.5428895121e-01,1.5256686122e-01,1.5080437172e-01,1.4888191316e-01
3972,39.7200,1.5826377848e-01,1.5633185512e-01,1.5436223751e-01,1.5222190017e-01,1.5434371723e-01,1.5262162724e-01,1.5085913774e-01,1.4893667918e-01
3973,39.7300,1.5831854450e-01,1.5638662114e-01,1.5441700353e-01,1.5227666620e-01,1.5439848325e-01,1.5267639326e-01,1.5091390377e-01,1.4899144520e-01
3974,39.7400,1.5837331052e-01,1.5644138716e-01,1.5447176955e-01,1.5233143222e-01,1.5445324928e-01,1.5273115928e-01,1.5096866979e-01,1.4904621122e-01
3975,39.7500,1.5842807654e-01,1.5649615318e-01,1.5452653558e-01,1.5238619824e-01,1.5450801530e-01,1.5278592531e-01,1.5102343581e-01,1.4910097724e-01
3976,39.7600,1.5848284256e-01,1.5655091920e-01,1.5458130160e-01,1.5244096426e-01,1.5456278132e-01,1.5284069133e-01,1.5107820183e-01,1.4915574326e-01
3977,39.7700,1.5853760859e-01,1.5660568523e-01,1.5463606762e-01,1.5249573028e-01,1.5461754734e-01,1.5289545735e-01,1.5113296785e-01,1.4921050928e-01
3978,39.7800,1.5859237461e-01,1.5666045125e-01,1.5469083364e-01,1.5255049630e-01,1.5467231336e-01,1.5295022337e-01,1.5118773387e-01,1.4926527530e-01
3979,39.7900,1.5864714063e-01,1.5671521727e-01,1.5474559966e-01,1.5260526232e-01,1.5472707938e-01,1.5300498939e-01,1.5124249989e-01,1.4932004132e-01
3980,39.8000,1.5870190665e-01,1.5676998329e-01,1.5480036568e-01,1.5266002834e-01,1.5478184540e-01,1.5305975541e-01,1.5129726591e-01,1.4937480734e-01
3981,39.8100,1.5875667267e-01,1.5682474931e-01,1.5485513170e-01,1.5271479436e-01,1.5483661142e-01,1.5311452143e-01,1.5135203193e-01,1.4942957336e-01
3982,39.8200,1.5881143869e-01,1.5687951533e-01,1.5490989772e-01,1.5276956038e-01,1.5489137744e-01,1.5316928745e-01,1.5140679795e-01,1.4948433938e-01
3983,39.8300,1.5886620471e-01,1.5693428135e-01,1.5496466375e-01,1.5282432641e-01,1.5494614346e-01,1.5322405347e-01,1.5146156397e-01,1.4953910540e-01
3984,39.8400,1.5892097073e-01,1.5698904737e-01,1.5501942977e-01,1.5287909243e-01,1.5500090948e-01,1.5327881949e-01,1.5151632999e-01,1.4959387142e-01
3985,39.8500,1.5897573675e-01,1.5704381340e-01,1.5507419579e-01,1.5293385845e-01,1.5505567550e-01,1.5333358551e-01,1.5157109601e-01,1.4964863744e-01
3986,39.8600,1.5903050277e-01,1.5709857942e-01,1.5512896181e-01,1.5298862447e-01,1.5511044152e-01,1.5338835154e-01,1.5162586203e-01,1.4970340346e-01
3987,39.8700,1.5908526880e-01,1.5715334544e-01,1.5518372783e-01,1.5304339049e-01,1.5516520754e-01,1.5344311756e-01,1.5168062805e-01,1.4975816948e-01
3988,39.8800,1.5914003482e-01,1.5720811146e-01,1.5523849385e-01,1.5309815651e-01,1.5521997357e-01,1.5349788358e-01,1.5173539408e-01,1.4981293551e-01
3989,39.8900,1.5919480084e-01,1.5726287748e-01,1.5529325987e-01,1.5315292253e-01,1.5527473959e-01,1.5355264960e-01,1.5179016010e-01,1.4986770153e-01
3990,39.9000,1.5924956686e-01,1.5731764350e-01,1.5534802589e-01,1.5320768855e-01,1.5532950561e-01,1.5360741562e-01,1.5184492612e-01,1.4992246755e-01
3991,39.9100,1.5930433288e-01,1.5737240952e-01,1.5540279191e-01,1.5326245457e-01,1.5538427163e-01,1.5366218164e-01,1.5189969214e-01,1.4997723357e-01
3992,39.9200,1.5935909890e-01,1.5742717555e-01,1.5545755794e-01,1.5331722059e-01,1.5543903765e-01,1.5371694766e-01,1.5195445816e-01,1.5003199959e-01
3993,39.9300,1.5941386492e-01,1.5748194157e-01,1.5551232396e-01,1.5337198662e-01,1.5549380367e-01,1.5377171368e-01,1.5200922418e-01,1.5008676561e-01
3994,39.9400,1.5946863094e-01,1.5753670759e-01,1.5556708998e-01,1.5342675264e-01,1.5554856969e-01,1.5382647970e-01,1.5206399020e-01,1.5014153163e-01
3995,39.9500,1.5952339696e-01,1.5759147361e-01,1.5562185600e-01,1.5348151866e-01,1.5560333571e-01,1.5388124572e-01,1.5211875622e-01,1.5019629765e-01
3996,39.9600,1.5957816298e-01,1.5764623963e-01,1.5567662202e-01,1.5353628468e-01,1.5565810173e-01,1.5393601175e-01,1.5217352224e-01,1.5025106367e-01
3997,39.9700,1.5963292900e-01,1.5770100565e-01,1.5573138804e-01,1.5359105070e-01,1.5571286775e-01,1.5399077777e-01,1.5222828826e-01,1.5030582969e-01
3998,39.9800,1.5968769503e-01,1.5775577167e-01,1.5578615406e-01,1.5364581672e-01,1.5576763377e-01,1.5404554379e-01,1.5228305428e-01,1.5036059571e-01
3999,39.9900,1.5974246105e-01,1.5781053769e-01,1.5584092008e-01,1.5370058274e-01,1.5582239979e-01,1.5410030981e-01,1.5233782030e-01,1.5041536173e-01
4000,40.0000,1.5979722707e-01,1.5786530372e-01,1.5589568610e-01,1.5375534876e-01,1.5587716581e-01,1.5415507583e-01,1.5239258632e-01,1.5047012775e-01
4001,40.0100,1.5985199309e-01,1.5792006974e-01,1.5595045213e-01,1.5381011478e-01,1.5593193184e-01,1.5420984185e-01,1.5244735234e-01,1.5052489377e-01
4002,40.0200,1.5990675911e-01,1.5797483576e-01,1.5600521815e-01,1.5386488080e-01,1.5598669786e-01,1.5426460787e-01,1.5250211836e-01,1.5057965979e-01
4003,40.0300,1.5996152513e-01,1.5802960178e-01,1.5605998417e-01,1.5391964683e-01,1.5604146388e-01,1.5431937389e-01,1.5255688438e-01,1.5063442581e-01
4004,40.0400,1.6001629115e-01,1.5808436780e-01,1.5611475019e-01,1.5397441285e-01,1.5609622990e-01,1.5437413991e-01,1.5261165041e-01,1.5068919183e-01
4005,40.0500,1.6007105717e-01,1.5813913382e-01,1.5616951621e-01,1.5402917887e-01,1.5615099592e-01,1.5442890593e-01,1.5266641643e-01,1.5074395786e-01
4006,40.0600,1.6012582319e-01,1.5819389984e-01,1.5622428223e-01,1.5408394489e-01,1.5620576194e-01,1.5448367196e-01,1.5272118245e-01,1.5079872388e-01
4007,40.0700,1.6018058921e-01,1.5824866586e-01,1.5627904825e-01,1.5413871091e-01,1.5626052796e-01,1.5453843798e-01,1.5277594847e-01,1.5085348990e-01
4008,40.0800,1.6023535524e-01,1.5830343189e-01,1.5633381427e-01,1.5419347693e-01,1.5631529398e-01,1.5459320400e-01,1.5283071449e-01,1.5090825592e-01
4009,40.0900,1.6029012126e-01,1.5835819791e-01,1.5638858030e-01,1.5424824295e-01,1.5637006000e-01,1.5464797002e-01,1.5288548051e-01,1.5096302194e-01
4010,40.1000,1.6034488728e-01,1.5841296393e-01,1.5644334632e-01,1.5430300897e-01,1.5642482602e-01,1.5470273604e-01,1.5294024653e-01,1.5101778796e-01
4011,40.1100,1.6039965330e-01,1.5846772995e-01,1.5649811234e-01,1.5435777499e-01,1.5647959204e-01,1.5475750206e-01,1.5299501255e-01,1.5107255398e-01
4012,40.1200,1.6045441932e-01,1.5852249597e-01,1.5655287836e-01,1.5441254101e-01,1.5653435806e-01,1.5481226808e-01,1.5304977857e-01,1.5112732000e-01
4013,40.1300,1.6050918534e-01,1.5857726199e-01,1.5660764438e-01,1.5446730704e-01,1.5658912408e-01,1.5486703410e-01,1.5310454459e-01,1.5118208602e-01
4014,40.1400,1.6056395136e-01,1.5863202801e-01,1.5666241040e-01,1.5452207306e-01,1.5664389010e-01,1.5492180012e-01,1.5315931061e-01,1.5123685204e-01
4015,40.1500,1.6061871738e-01,1.5868679404e-01,1.5671717642e-01,1.5457683908e-01,1.5669865613e-01,1.5497656614e-01,1.5321407663e-01,1.5129161806e-01
4016,40.1600,1.6067348340e-01,1.5874156006e-01,1.5677194244e-01,1.5463160510e-01,1.5675342215e-01,1.5503133217e-01,1.5326884265e-01,1.5134638408e-01
4017,40.1700,1.6072824942e-01,1.5879632608e-01,1.5682670846e-01,1.5468637112e-01,1.5680818817e-01,1.5508609819e-01,1.5332360867e-01,1.5140115010e-01
4018,40.1800,1.6078301544e-01,1.5885109210e-01,1.5688147449e-01,1.5474113714e-01,1.5686295419e-01,1.5514086421e-01,1.5337837469e-01,1.5145591612e-01
4019,40.1900,1.6083778147e-01,1.5890585812e-01,1.5693624051e-01,1.5479590316e-01,1.5691772021e-01,1.5519563023e-01,1.5343314072e-01,1.5151068214e-01
4020,40.2000,1.6089254749e-01,1.5896062414e-01,1.5699100653e-01,1.5485066918e-01,1.5697248623e-01,1.5525039625e-01,1.5348790674e-01,1.5156544816e-01
4021,40.2100,1.6094731351e-01,1.5901539016e-01,1.5704577255e-01,1.5490543520e-01,1.5702725225e-01,1.5530516227e-01,1.5354267276e-01,1.5162021418e-01
4022,40.2200,1.6100207953e-01,1.5907015618e-01,1.5710053857e-01,1.5496020122e-01,1.5708201827e-01,1.5535992829e-01,1.5359743878e-01,1.5167498020e-01
4023,40.2300,1.6105684555e-01,1.5912492221e-01,1.5715530459e-01,1.5501496725e-01,1.5713678429e-01,1.5541469431e-01,1.5365220480e-01,1.5172974623e-01
4024,40.2400,1.6111161157e-01,1.5917968823e-01,1.5721007061e-01,1.5506973327e-01,1.5719155031e-01,1.5546946033e-01,1.5370697082e-01,1.5178451225e-01
4025,40.2500,1.6116637759e-01,1.5923445425e-01,1.5726483663e-01,1.5512449929e-01,1.5724631633e-01,1.5552422635e-01,1.5376173684e-01,1.5183927827e-01
4026,40.2600,1.6122114361e-01,1.5928922027e-01,1.5731960265e-01,1.5517926531e-01,1.5730108235e-01,1.5557899238e-01,1.5381650286e-01,1.5189404429e-01
4027,40.2700,1.6127590963e-01,1.5934398629e-01,1.5737436868e-01,1.5523403133e-01,1.5735584837e-01,1.5563375840e-01,1.5387126888e-01,1.5194881031e-01
4028,40.2800,1.6133067565e-01,1.5939875231e-01,1.5742913470e-01,1.5528879735e-01,1.5741061440e-01,1.5568852442e-01,1.5392603490e-01,1.5200357633e-01
4029,40.2900,1.6138544167e-01,1.5945351833e-01,1.5748390072e-01,1.5534356337e-01,1.5746538042e-01,1.5574329044e-01,1.5398080092e-01,1.5205834235e-01
4030,40.3000,1.6144020770e-01,1.5950828436e-01,1.5753866674e-01,1.5539832939e-01,1.5752014644e-01,1.5579805646e-01,1.5403556694e-01,1.5211310837e-01
4031,40.3100,1.6149497372e-01,1.5956305038e-01,1.5759343276e-01,1.5545309541e-01,1.5757491246e-01,1.5585282248e-01,1.5409033296e-01,1.5216787439e-01
4032,40.3200,1.6154973974e-01,1.5961781640e-01,1.5764819878e-01,1.5550786143e-01,1.5762967848e-01,1.5590758850e-01,1.5414509898e-01,1.5222264041e-01
4033,40.3300,1.6160450576e-01,1.5967258242e-01,1.5770296480e-01,1.5556262746e-01,1.5768444450e-01,1.5596235452e-01,1.5419986500e-01,1.5227740643e-01
4034,40.3400,1.6165927178e-01,1.5972734844e-01,1.5775773082e-01,1.5561739348e-01,1.5773921052e-01,1.5601712054e-01,1.5425463102e-01,1.5233217245e-01
4035,40.3500,1.6171403780e-01,1.5978211446e-01,1.5781249685e-01,1.5567215950e-01,1.5779397654e-01,1.5607188656e-01,1.5430939705e-01,1.5238693847e-01
4036,40.3600,1.6176880382e-01,1.5983688048e-01,1.5786726287e-01,1.5572692552e-01,1.5784874256e-01,1.5612665259e-01,1.5436416307e-01,1.5244170449e-01
4037,40.3700,1.6182356984e-01,1.5989164650e-01,1.5792202889e-01,1.5578169154e-01,1.5790350858e-01,1.5618141861e-01,1.5441892909e-01,1.5249647051e-01
4038,40.3800,1.6187833586e-01,1.5994641253e-01,1.5797679491e-01,1.5583645756e-01,1.5795827460e-01,1.5623618463e-01,1.5447369511e-01,1.5255123653e-01
4039,40.3900,1.6193310188e-01,1.6000117855e-01,1.5803156093e-01,1.5589122358e-01,1.5801304062e-01,1.5629095065e-01,1.5452846113e-01,1.5260600255e-01
4040,40.4000,1.6198786791e-01,1.6005594457e-01,1.5808632695e-01,1.5594598960e-01,1.5806780664e-01,1.5634571667e-01,1.5458322715e-01,1.5266076857e-01
4041,40.4100,1.6204263393e-01,1.6011071059e-01,1.5814109297e-01,1.5600075562e-01,1.5812257266e-01,1.5640048269e-01,1.5463799317e-01,1.5271553460e-01
4042,40.4200,1.6209739995e-01,1.6016547661e-01,1.5819585899e-01,1.5605552164e-01,1.5817733869e-01,1.5645524871e-01,1.5469275919e-01,1.5277030062e-01
4043,40.4300,1.6215216597e-01,1.6022024263e-01,1.5825062501e-01,1.5611028767e-01,1.5823210471e-01,1.5651001473e-01,1.5474752521e-01,1.5282506664e-01
4044,40.4400,1.6220693199e-01,1.6027500865e-01,1.5830539104e-01,1.5616505369e-01,1.5828687073e-01,1.5656478075e-01,1.5480229123e-01,1.5287983266e-01
4045,40.4500,1.6226169801e-01,1.6032977467e-01,1.5836015706e-01,1.5621981971e-01,1.5834163675e-01,1.5661954677e-01,1.5485705725e-01,1.5293459868e-01
4046,40.4600,1.6231646403e-01,1.6038454070e-01,1.5841492308e-01,1.5627458573e-01,1.5839640277e-01,1.5667431279e-01,1.5491182327e-01,1.5298936470e-01
4047,40.4700,1.6237123005e-01,1.6043930672e-01,1.5846968910e-01,1.5632935175e-01,1.5845116879e-01,1.5672907882e-01,1.5496658929e-01,1.5304413072e-01
4048,40.4800,1.6242599607e-01,1.6049407274e-01,1.5852445512e-01,1.5638411777e-01,1.5850593481e-01,1.5678384484e-01,1.5502135531e-01,1.5309889674e-01
4049,40.4900,1.6248076209e-01,1.6054883876e-01,1.5857922114e-01,1.5643888379e-01,1.5856070083e-01,1.5683861086e-01,1.5507612133e-01,1.5315366276e-01
4050,40.5000,1.6253552811e-01,1.6060360478e-01,1.5863398716e-01,1.5649364981e-01,1.5861546685e-01,1.5689337688e-01,1.5513088735e-01,1.5320842878e-01
4051,40.5100,1.6259029414e-01,1.6065837080e-01,1.5868875318e-01,1.5654841583e-01,1.5867023287e-01,1.5694814290e-01,1.5518565338e-01,1.5326319480e-01
4052,40.5200,1.6264506016e-01,1.6071313682e-01,1.5874351920e-01,1.5660318185e-01,1.5872499889e-01,1.5700290892e-01,1.5524041940e-01,1.5331796082e-01
4053,40.5300,1.6269982618e-01,1.6076790285e-01,1.5879828523e-01,1.5665794788e-01,1.5877976491e-01,1.5705767494e-01,1.5529518542e-01,1.5337272684e-01
4054,40.5400,1.6275459220e-01,1.6082266887e-01,1.5885305125e-01,1.5671271390e-01,1.5883453093e-01,1.5711244096e-01,1.5534995144e-01,1.5342749286e-01
4055,40.5500,1.6280935822e-01,1.6087743489e-01,1.5890781727e-01,1.5676747992e-01,1.5888929696e-01,1.5716720698e-01,1.5540471746e-01,1.5348225888e-01
4056,40.5600,1.6286412424e-01,1.6093220091e-01,1.5896258329e-01,1.5682224594e-01,1.5894406298e-01,1.5722197300e-01,1.5545948348e-01,1.5353702490e-01
4057,40.5700,1.6291889026e-01,1.6098696693e-01,1.5901734931e-01,1.5687701196e-01,1.5899882900e-01,1.5727673903e-01,1.5551424950e-01,1.5359179092e-01
4058,40.5800,1.6297365628e-01,1.6104173295e-01,1.5907211533e-01,1.5693177798e-01,1.5905359502e-01,1.5733150505e-01,1.5556901552e-01,1.5364655694e-01
4059,40.5900,1.6302842230e-01,1.6109649897e-01,1.5912688135e-01,1.5698654400e-01,1.5910836104e-01,1.5738627107e-01,1.5562378154e-01,1.5370132297e-01
4060,40.6000,1.6308318832e-01,1.6115126499e-01,1.5918164737e-01,1.5704131002e-01,1.5916312706e-01,1.5744103709e-01,1.5567854756e-01,1.5375608899e-01
4061,40.6100,1.6313795435e-01,1.6120603102e-01,1.5923641339e-01,1.5709607604e-01,1.5921789308e-01,1.5749580311e-01,1.5573331358e-01,1.5381085501e-01
4062,40.6200,1.6319272037e-01,1.6126079704e-01,1.5929117942e-01,1.5715084206e-01,1.5927265910e-01,1.5755056913e-01,1.5578807960e-01,1.5386562103e-01
4063,40.6300,1.6324748639e-01,1.6131556306e-01,1.5934594544e-01,1.5720560809e-01,1.5932742512e-01,1.5760533515e-01,1.5584284562e-01,1.5392038705e-01
4064,40.6400,1.6330225241e-01,1.6137032908e-01,1.5940071146e-01,1.5726037411e-01,1.5938219114e-01,1.5766010117e-01,1.5589761164e-01,1.5397515307e-01
4065,40.6500,1.6335701843e-01,1.6142509510e-01,1.5945547748e-01,1.5731514013e-01,1.5943695716e-01,1.5771486719e-01,1.5595237766e-01,1.5402991909e-01
4066,40.6600,1.6341178445e-01,1.6147986112e-01,1.5951024350e-01,1.5736990615e-01,1.5949172318e-01,1.5776963321e-01,1.5600714368e-01,1.5408468511e-01
4067,40.6700,1.6346655047e-01,1.6153462714e-01,1.5956500952e-01,1.5742467217e-01,1.5954648920e-01,1.5782439924e-01,1.5606190971e-01,1.5413945113e-01
4068,40.6800,1.6352131649e-01,1.6158939317e-01,1.5961977554e-01,1.5747943819e-01,1.5960125522e-01,1.5787916526e-01,1.5611667573e-01,1.5419421715e-01
4069,40.6900,1.6357608251e-01,1.6164415919e-01,1.5967454156e-01,1.5753420421e-01,1.5965602125e-01,1.5793393128e-01,1.5617144175e-01,1.5424898317e-01
4070,40.7000,1.6363084853e-01,1.6169892521e-01,1.5972930759e-01,1.5758897023e-01,1.5971078727e-01,1.5798869730e-01,1.5622620777e-01,1.5430374919e-01
4071,40.7100,1.6368561455e-01,1.6175369123e-01,1.5978407361e-01,1.5764373625e-01,1.5976555329e-01,1.5804346332e-01,1.5628097379e-01,1.5435851521e-01
4072,40.7200,1.6374038058e-01,1.6180845725e-01,1.5983883963e-01,1.5769850227e-01,1.5982031931e-01,1.5809822934e-01,1.5633573981e-01,1.5441328123e-01
4073,40.7300,1.6379514660e-01,1.6186322327e-01,1.5989360565e-01,1.5775326830e-01,1.5987508533e-01,1.5815299536e-01,1.5639050583e-01,1.5446804725e-01
4074,40.7400,1.6384991262e-01,1.6191798929e-01,1.5994837167e-01,1.5780803432e-01,1.5992985135e-01,1.5820776138e-01,1.5644527185e-01,1.5452281327e-01
4075,40.7500,1.6390467864e-01,1.6197275531e-01,1.6000313769e-01,1.5786280034e-01,1.5998461737e-01,1.5826252740e-01,1.5650003787e-01,1.5457757929e-01
4076,40.7600,1.6395944466e-01,1.6202752134e-01,1.6005790371e-01,1.5791756636e-01,1.6003938339e-01,1.5831729342e-01,1.5655480389e-01,1.5463234532e-01
4077,40.7700,1.6401421068e-01,1.6208228736e-01,1.6011266973e-01,1.5797233238e-01,1.6009414941e-01,1.5837205945e-01,1.5660956991e-01,1.5468711134e-01
4078,40.7800,1.6406897670e-01,1.6213705338e-01,1.6016743575e-01,1.5802709840e-01,1.6014891543e-01,1.5842682547e-01,1.5666433593e-01,1.5474187736e-01
4079,40.7900,1.6412374272e-01,1.6219181940e-01,1.6022220178e-01,1.5808186442e-01,1.6020368145e-01,1.5848159149e-01,1.5671910195e-01,1.5479664338e-01
4080,40.8000,1.6417850874e-01,1.6224658542e-01,1.6027696780e-01,1.5813663044e-01,1.6025844747e-01,1.5853635751e-01,1.5677386797e-01,1.5485140940e-01
4081,40.8100,1.6423327476e-01,1.6230135144e-01,1.6033173382e-01,1.5819139646e-01,1.6031321349e-01,1.5859112353e-01,1.5682863399e-01,1.5490617542e-01
4082,40.8200,1.6428804079e-01,1.6235611746e-01,1.6038649984e-01,1.5824616248e-01,1.6036797952e-01,1.5864588955e-01,1.5688340001e-01,1.5496094144e-01
4083,40.8300,1.6434280681e-01,1.6241088348e-01,1.6044126586e-01,1.5830092851e-01,1.6042274554e-01,1.5870065557e-01,1.5693816604e-01,1.5501570746e-01
4084,40.8400,1.6439757283e-01,1.6246564951e-01,1.6049603188e-01,1.5835569453e-01,1.6047751156e-01,1.5875542159e-01,1.5699293206e-01,1.5507047348e-01
4085,40.8500,1.6445233885e-01,1.6252041553e-01,1.6055079790e-01,1.5841046055e-01,1.6053227758e-01,1.5881018761e-01,1.5704769808e-01,1.5512523950e-01
4086,40.8600,1.6450710487e-01,1.6257518155e-01,1.6060556392e-01,1.5846522657e-01,1.6058704360e-01,1.5886495363e-01,1.5710246410e-01,1.5518000552e-01
4087,40.8700,1.6456187089e-01,1.6262994757e-01,1.6066032994e-01,1.5851999259e-01,1.6064180962e-01,1.5891971965e-01,1.5715723012e-01,1.5523477154e-01
4088,40.8800,1.6461663691e-01,1.6268471359e-01,1.6071509597e-01,1.5857475861e-01,1.6069657564e-01,1.5897448568e-01,1.5721199614e-01,1.5528953756e-01
4089,40.8900,1.6467140293e-01,1.6273947961e-01,1.6076986199e-01,1.5862952463e-01,1.6075134166e-01,1.5902925170e-01,1.5726676216e-01,1.5534430358e-01
4090,40.9000,1.6472616895e-01,1.6279424563e-01,1.6082462801e-01,1.5868429065e-01,1.6080610768e-01,1.5908401772e-01,1.5732152818e-01,1.5539906960e-01
4091,40.9100,1.6478093497e-01,1.6284901166e-01,1.6087939403e-01,1.5873905667e-01,1.6086087370e-01,1.5913878374e-01,1.5737629420e-01,1.5545383562e-01
4092,40.9200,1.6483570099e-01,1.6290377768e-01,1.6093416005e-01,1.5879382269e-01,1.6091563972e-01,1.5919354976e-01,1.5743106022e-01,1.5550860164e-01
4093,40.9300,1.6489046702e-01,1.6295854370e-01,1.6098892607e-01,1.5884858872e-01,1.6097040574e-01,1.5924831578e-01,1.5748582624e-01,1.5556336766e-01
4094,40.9400,1.6494523304e-01,1.6301330972e-01,1.6104369209e-01,1.5890335474e-01,1.6102517176e-01,1.5930308180e-01,1.5754059226e-01,1.5561813369e-01
4095,40.9500,1.6499999906e-01,1.6306807574e-01,1.6109845811e-01,1.5895812076e-01,1.6107993779e-01,1.5935784782e-01,1.5759535828e-01,1.5567289971e-01
4096,40.9600,1.6505476508e-01,1.6312284176e-01,1.6115322413e-01,1.5901288678e-01,1.6113470381e-01,1.5941261384e-01,1.5765012430e-01,1.5572766573e-01
4097,40.9700,1.6510953110e-01,1.6317760778e-01,1.6120799016e-01,1.5906765280e-01,1.6118946983e-01,1.5946737986e-01,1.5770489032e-01,1.5578243175e-01
4098,40.9800,1.6516429712e-01,1.6323237380e-01,1.6126275618e-01,1.5912241882e-01,1.6124423585e-01,1.5952214589e-01,1.5775965634e-01,1.5583719777e-01
4099,40.9900,1.6521906314e-01,1.6328713983e-01,1.6131752220e-01,1.5917718484e-01,1.6129900187e-01,1.5957691191e-01,1.5781442237e-01,1.5589196379e-01
4100,41.0000,1.6527382916e-01,1.6334190585e-01,1.6137228822e-01,1.5923195086e-01,1.6135376789e-01,1.5963167793e-01,1.5786918839e-01,1.5594672981e-01
4101,41.0100,1.6532859518e-01,1.6339667187e-01,1.6142705424e-01,1.5928671688e-01,1.6140853391e-01,1.5968644395e-01,1.5792395441e-01,1.5600149583e-01
4102,41.0200,1.6538336120e-01,1.6345143789e-01,1.6148182026e-01,1.5934148290e-01,1.6146329993e-01,1.5974120997e-01,1.5797872043e-01,1.5605626185e-01
4103,41.0300,1.6543812723e-01,1.6350620391e-01,1.6153658628e-01,1.5939624892e-01,1.6151806595e-01,1.5979597599e-01,1.5803348645e-01,1.5611102787e-01
4104,41.0400,1.6549289325e-01,1.6356096993e-01,1.6159135230e-01,1.5945101495e-01,1.6157283197e-01,1.5985074201e-01,1.5808825247e-01,1.5616579389e-01
4105,41.0500,1.6554765927e-01,1.6361573595e-01,1.6164611833e-01,1.5950578097e-01,1.6162759799e-01,1.5990550803e-01,1.5814301849e-01,1.5622055991e-01
4106,41.0600,1.6560242529e-01,1.6367050197e-01,1.6170088435e-01,1.5956054699e-01,1.6168236401e-01,1.5996027405e-01,1.5819778451e-01,1.5627532593e-01
4107,41.0700,1.6565719131e-01,1.6372526800e-01,1.6175565037e-01,1.5961531301e-01,1.6173713003e-01,1.6001504007e-01,1.5825255053e-01,1.5633009195e-01
4108,41.0800,1.6571195733e-01,1.6378003402e-01,1.6181041639e-01,1.5967007903e-01,1.6179189605e-01,1.6006980610e-01,1.5830731655e-01,1.5638485797e-01
4109,41.0900,1.6576672335e-01,1.6383480004e-01,1.6186518241e-01,1.5972484505e-01,1.6184666208e-01,1.6012457212e-01,1.5836208257e-01,1.5643962399e-01
4110,41.1000,1.6582148937e-01,1.6388956606e-01,1.6191994843e-01,1.5977961107e-01,1.6190142810e-01,1.6017933814e-01,1.5841684859e-01,1.5649439001e-01
4111,41.1100,1.6587625539e-01,1.6394433208e-01,1.6197471445e-01,1.5983437709e-01,1.6195619412e-01,1.6023410416e-01,1.5847161461e-01,1.5654915603e-01
4112,41.1200,1.6593102141e-01,1.6399909810e-01,1.6202948047e-01,1.5988914311e-01,1.6201096014e-01,1.6028887018e-01,1.5852638063e-01,1.5660392206e-01
4113,41.1300,1.6598578743e-01,1.6405386412e-01,1.6208424649e-01,1.5994390913e-01,1.6206572616e-01,1.6034363620e-01,1.5858114665e-01,1.5665868808e-01
4114,41.1400,1.6604055346e-01,1.6410863015e-01,1.6213901252e-01,1.5999867516e-01,1.6212049218e-01,1.6039840222e-01,1.5863591267e-01,1.5671345410e-01
4115,41.1500,1.6609531948e-01,1.6416339617e-01,1.6219377854e-01,1.6005344118e-01,1.6217525820e-01,1.6045316824e-01,1.5869067870e-01,1.5676822012e-01
4116,41.1600,1.6615008550e-01,1.6421816219e-01,1.6224854456e-01,1.6010820720e-01,1.6223002422e-01,1.6050793426e-01,1.5874544472e-01,1.5682298614e-01
4117,41.1700,1.6620485152e-01,1.6427292821e-01,1.6230331058e-01,1.6016297322e-01,1.6228479024e-01,1.6056270028e-01,1.5880021074e-01,1.5687775216e-01
4118,41.1800,1.6625961754e-01,1.6432769423e-01,1.6235807660e-01,1.6021773924e-01,1.6233955626e-01,1.6061746630e-01,1.5885497676e-01,1.5693251818e-01
4119,41.1900,1.6631438356e-01,1.6438246025e-01,1.6241284262e-01,1.6027250526e-01,1.6239432228e-01,1.6067223233e-01,1.5890974278e-01,1.5698728420e-01
4120,41.2000,1.6636914958e-01,1.6443722627e-01,1.6246760864e-01,1.6032727128e-01,1.6244908830e-01,1.6072699835e-01,1.5896450880e-01,1.5704205022e-01
4121,41.2100,1.6642391560e-01,1.6449199229e-01,1.6252237466e-01,1.6038203730e-01,1.6250385432e-01,1.6078176437e-01,1.5901927482e-01,1.5709681624e-01
4122,41.2200,1.6647868162e-01,1.6454675832e-01,1.6257714068e-01,1.6043680332e-01,1.6255862035e-01,1.6083653039e-01,1.5907404084e-01,1.5715158226e-01
4123,41.2300,1.6653344764e-01,1.6460152434e-01,1.6263190671e-01,1.6049156934e-01,1.6261338637e-01,1.6089129641e-01,1.5912880686e-01,1.5720634828e-01
4124,41.2400,1.6658821367e-01,1.6465629036e-01,1.6268667273e-01,1.6054633537e-01,1.6266815239e-01,1.6094606243e-01,1.5918357288e-01,1.5726111430e-01
4125,41.2500,1.6664297969e-01,1.6471105638e-01,1.6274143875e-01,1.6060110139e-01,1.6272291841e-01,1.6100082845e-01,1.5923833890e-01,1.5731588032e-01
4126,41.2600,1.6669774571e-01,1.6476582240e-01,1.6279620477e-01,1.6065586741e-01,1.6277768443e-01,1.6105559447e-01,1.5929310492e-01,1.5737064634e-01
4127,41.2700,1.6675251173e-01,1.6482058842e-01,1.6285097079e-01,1.6071063343e-01,1.6283245045e-01,1.6111036049e-01,1.5934787094e-01,1.5742541236e-01
4128,41.2800,1.6680727775e-01,1.6487535444e-01,1.6290573681e-01,1.6076539945e-01,1.6288721647e-01,1.6116512651e-01,1.5940263696e-01,1.5748017838e-01
4129,41.2900,1.6686204377e-01,1.6493012046e-01,1.6296050283e-01,1.6082016547e-01,1.6294198249e-01,1.6121989254e-01,1.5945740298e-01,1.5753494440e-01
4130,41.3000,1.6691680979e-01,1.6498488649e-01,1.6301526885e-01,1.6087493149e-01,1.6299674851e-01,1.6127465856e-01,1.5951216900e-01,1.5758971043e-01
4131,41.3100,1.6697157581e-01,1.6503965251e-01,1.6307003487e-01,1.6092969751e-01,1.6305151453e-01,1.6132942458e-01,1.5956693503e-01,1.5764447645e-01
4132,41.3200,1.6702634183e-01,1.6509441853e-01,1.6312480090e-01,1.6098446353e-01,1.6310628055e-01,1.6138419060e-01,1.5962170105e-01,1.5769924247e-01
4133,41.3300,1.6708110785e-01,1.6514918455e-01,1.6317956692e-01,1.6103922955e-01,1.6316104657e-01,1.6143895662e-01,1.5967646707e-01,1.5775400849e-01
4134,41.3400,1.6713587387e-01,1.6520395057e-01,1.6323433294e-01,1.6109399558e-01,1.6321581259e-01,1.6149372264e-01,1.5973123309e-01,1.5780877451e-01
4135,41.3500,1.6719063990e-01,1.6525871659e-01,1.6328909896e-01,1.6114876160e-01,1.6327057861e-01,1.6154848866e-01,1.5978599911e-01,1.5786354053e-01
4136,41.3600,1.6724540592e-01,1.6531348261e-01,1.6334386498e-01,1.6120352762e-01,1.6332534464e-01,1.6160325468e-01,1.5984076513e-01,1.5791830655e-01
4137,41.3700,1.6730017194e-01,1.6536824864e-01,1.6339863100e-01,1.6125829364e-01,1.6338011066e-01,1.6165802070e-01,1.5989553115e-01,1.5797307257e-01
4138,41.3800,1.6735493796e-01,1.6542301466e-01,1.6345339702e-01,1.6131305966e-01,1.6343487668e-01,1.6171278672e-01,1.5995029717e-01,1.5802783859e-01
4139,41.3900,1.6740970398e-01,1.6547778068e-01,1.6350816304e-01,1.6136782568e-01,1.6348964270e-01,1.6176755274e-01,1.6000506319e-01,1.5808260461e-01
4140,41.4000,1.6746447000e-01,1.6553254670e-01,1.6356292906e-01,1.6142259170e-01,1.6354440872e-01,1.6182231877e-01,1.6005982921e-01,1.5813737063e-01
4141,41.4100,1.6751923602e-01,1.6558731272e-01,1.6361769509e-01,1.6147735772e-01,1.6359917474e-01,1.6187708479e-01,1.6011459523e-01,1.5819213665e-01
4142,41.4200,1.6757400204e-01,1.6564207874e-01,1.6367246111e-01,1.6153212374e-01,1.6365394076e-01,1.6193185081e-01,1.6016936125e-01,1.5824690267e-01
4143,41.4300,1.6762876806e-01,1.6569684476e-01,1.6372722713e-01,1.6158688976e-01,1.6370870678e-01,1.6198661683e-01,1.6022412727e-01,1.5830166869e-01
4144,41.4400,1.6768353408e-01,1.6575161078e-01,1.6378199315e-01,1.6164165579e-01,1.6376347280e-01,1.6204138285e-01,1.6027889329e-01,1.5835643471e-01
4145,41.4500,1.6773830011e-01,1.6580637681e-01,1.6383675917e-01,1.6169642181e-01,1.6381823882e-01,1.6209614887e-01,1.6033365931e-01,1.5841120073e-01
4146,41.4600,1.6779306613e-01,1.6586114283e-01,1.6389152519e-01,1.6175118783e-01,1.6387300484e-01,1.6215091489e-01,1.6038842533e-01,1.5846596675e-01
4147,41.4700,1.6784783215e-01,1.6591590885e-01,1.6394629121e-01,1.6180595385e-01,1.6392777086e-01,1.6220568091e-01,1.6044319136e-01,1.5852073278e-01
4148,41.4800,1.6790259817e-01,1.6597067487e-01,1.6400105723e-01,1.6186071987e-01,1.6398253688e-01,1.6226044693e-01,1.6049795738e-01,1.5857549880e-01
4149,41.4900,1.6795736419e-01,1.6602544089e-01,1.6405582325e-01,1.6191548589e-01,1.6403730291e-01,1.6231521295e-01,1.6055272340e-01,1.5863026482e-01
4150,41.5000,1.6801213021e-01,1.6608020691e-01,1.6411058928e-01,1.6197025191e-01,1.6409206893e-01,1.6236997898e-01,1.6060748942e-01,1.5868503084e-01
4151,41.5100,1.6806689623e-01,1.6613497293e-01,1.6416535530e-01,1.6202501793e-01,1.6414683495e-01,1.6242474500e-01,1.6066225544e-01,1.5873979686e-01
4152,41.5200,1.6812166225e-01,1.6618973895e-01,1.6422012132e-01,1.6207978395e-01,1.6420160097e-01,1.6247951102e-01,1.6071702146e-01,1.5879456288e-01
4153,41.5300,1.6817642827e-01,1.6624450498e-01,1.6427488734e-01,1.6213454997e-01,1.6425636699e-01,1.6253427704e-01,1.6077178748e-01,1.5884932890e-01
4154,41.5400,1.6823119429e-01,1.6629927100e-01,1.6432965336e-01,1.6218931600e-01,1.6431113301e-01,1.6258904306e-01,1.6082655350e-01,1.5890409492e-01
4155,41.5500,1.6828596031e-01,1.6635403702e-01,1.6438441938e-01,1.6224408202e-01,1.6436589903e-01,1.6264380908e-01,1.6088131952e-01,1.5895886094e-01
4156,41.5600,1.6834072634e-01,1.6640880304e-01,1.6443918540e-01,1.6229884804e-01,1.6442066505e-01,1.6269857510e-01,1.6093608554e-01,1.5901362696e-01
4157,41.5700,1.6839549236e-01,1.6646356906e-01,1.6449395142e-01,1.6235361406e-01,1.6447543107e-01,1.6275334112e-01,1.6099085156e-01,1.5906839298e-01
4158,41.5800,1.6845025838e-01,1.6651833508e-01,1.6454871744e-01,1.6240838008e-01,1.6453019709e-01,1.6280810714e-01,1.6104561758e-01,1.5912315900e-01
4159,41.5900,1.6850502440e-01,1.6657310110e-01,1.6460348347e-01,1.6246314610e-01,1.6458496311e-01,1.6286287316e-01,1.6110038360e-01,1.5917792502e-01
4160,41.6000,1.6855979042e-01,1.6662786713e-01,1.6465824949e-01,1.6251791212e-01,1.6463972913e-01,1.6291763918e-01,1.6115514962e-01,1.5923269104e-01
4161,41.6100,1.6861455644e-01,1.6668263315e-01,1.6471301551e-01,1.6257267814e-01,1.6469449515e-01,1.6297240521e-01,1.6120991564e-01,1.5928745706e-01
4162,41.6200,1.6866932246e-01,1.6673739917e-01,1.6476778153e-01,1.6262744416e-01,1.6474926118e-01,1.6302717123e-01,1.6126468166e-01,1.5934222308e-01
4163,41.6300,1.6872408848e-01,1.6679216519e-01,1.6482254755e-01,1.6268221018e-01,1.6480402720e-01,1.6308193725e-01,1.6131944769e-01,1.5939698910e-01
4164,41.6400,1.6877885450e-01,1.6684693121e-01,1.6487731357e-01,1.6273697621e-01,1.6485879322e-01,1.6313670327e-01,1.6137421371e-01,1.5945175512e-01
4165,41.6500,1.6883362052e-01,1.6690169723e-01,1.6493207959e-01,1.6279174223e-01,1.6491355924e-01,1.6319146929e-01,1.6142897973e-01,1.5950652115e-01
4166,41.6600,1.6888838655e-01,1.6695646325e-01,1.6498684561e-01,1.6284650825e-01,1.6496832526e-01,1.6324623531e-01,1.6148374575e-01,1.5956128717e-01
4167,41.6700,1.6894315257e-01,1.6701122927e-01,1.6504161164e-01,1.6290127427e-01,1.6502309128e-01,1.6330100133e-01,1.6153851177e-01,1.5961605319e-01
4168,41.6800,1.6899791859e-01,1.6706599530e-01,1.6509637766e-01,1.6295604029e-01,1.6507785730e-01,1.6335576735e-01,1.6159327779e-01,1.5967081921e-01
4169,41.6900,1.6905268461e-01,1.6712076132e-01,1.6515114368e-01,1.6301080631e-01,1.6513262332e-01,1.6341053337e-01,1.6164804381e-01,1.5972558523e-01
4170,41.7000,1.6910745063e-01,1.6717552734e-01,1.6520590970e-01,1.6306557233e-01,1.6518738934e-01,1.6346529939e-01,1.6170280983e-01,1.5978035125e-01
4171,41.7100,1.6916221665e-01,1.6723029336e-01,1.6526067572e-01,1.6312033835e-01,1.6524215536e-01,1.6352006542e-01,1.6175757585e-01,1.5983511727e-01
4172,41.7200,1.6921698267e-01,1.6728505938e-01,1.6531544174e-01,1.6317510437e-01,1.6529692138e-01,1.6357483144e-01,1.6181234187e-01,1.5988988329e-01
4173,41.7300,1.6927174869e-01,1.6733982540e-01,1.6537020776e-01,1.6322987039e-01,1.6535168740e-01,1.6362959746e-01,1.6186710789e-01,1.5994464931e-01
4174,41.7400,1.6932651471e-01,1.6739459142e-01,1.6542497378e-01,1.6328463642e-01,1.6540645342e-01,1.6368436348e-01,1.6192187391e-01,1.5999941533e-01
4175,41.7500,1.6938128073e-01,1.6744935744e-01,1.6547973980e-01,1.6333940244e-01,1.6546121944e-01,1.6373912950e-01,1.6197663993e-01,1.6005418135e-01
4176,41.7600,1.6943604675e-01,1.6750412347e-01,1.6553450583e-01,1.6339416846e-01,1.6551598547e-01,1.6379389552e-01,1.6203140595e-01,1.6010894737e-01
4177,41.7700,1.6949081278e-01,1.6755888949e-01,1.6558927185e-01,1.6344893448e-01,1.6557075149e-01,1.6384866154e-01,1.6208617197e-01,1.6016371339e-01
4178,41.7800,1.6954557880e-01,1.6761365551e-01,1.6564403787e-01,1.6350370050e-01,1.6562551751e-01,1.6390342756e-01,1.6214093799e-01,1.6021847941e-01
4179,41.7900,1.6960034482e-01,1.6766842153e-01,1.6569880389e-01,1.6355846652e-01,1.6568028353e-01,1.6395819358e-01,1.6219570401e-01,1.6027324543e-01
4180,41.8000,1.6965511084e-01,1.6772318755e-01,1.6575356991e-01,1.6361323254e-01,1.6573504955e-01,1.6401295960e-01,1.6225047004e-01,1.6032801145e-01
4181,41.8100,1.6970987686e-01,1.6777795357e-01,1.6580833593e-01,1.6366799856e-01,1.6578981557e-01,1.6406772562e-01,1.6230523606e-01,1.6038277747e-01
4182,41.8200,1.6976464288e-01,1.6783271959e-01,1.6586310195e-01,1.6372276458e-01,1.6584458159e-01,1.6412249165e-01,1.6236000208e-01,1.6043754349e-01
4183,41.8300,1.6981940890e-01,1.6788748561e-01,1.6591786797e-01,1.6377753060e-01,1.6589934761e-01,1.6417725767e-01,1.6241476810e-01,1.6049230952e-01
4184,41.8400,1.6987417492e-01,1.6794225164e-01,1.6597263399e-01,1.6383229663e-01,1.6595411363e-01,1.6423202369e-01,1.6246953412e-01,1.6054707554e-01
4185,41.8500,1.6992894094e-01,1.6799701766e-01,1.6602740002e-01,1.6388706265e-01,1.6600887965e-01,1.6428678971e-01,1.6252430014e-01,1.6060184156e-01
4186,41.8600,1.6998370696e-01,1.6805178368e-01,1.6608216604e-01,1.6394182867e-01,1.6606364567e-01,1.6434155573e-01,1.6257906616e-01,1.6065660758e-01
4187,41.8700,1.7003847298e-01,1.6810654970e-01,1.6613693206e-01,1.6399659469e-01,1.6611841169e-01,1.6439632175e-01,1.6263383218e-01,1.6071137360e-01
4188,41.8800,1.7009323901e-01,1.6816131572e-01,1.6619169808e-01,1.6405136071e-01,1.6617317771e-01,1.6445108777e-01,1.6268859820e-01,1.6076613962e-01
4189,41.8900,1.7014800503e-01,1.6821608174e-01,1.6624646410e-01,1.6410612673e-01,1.6622794374e-01,1.6450585379e-01,1.6274336422e-01,1.6082090564e-01
4190,41.9000,1.7020277105e-01,1.6827084776e-01,1.6630123012e-01,1.6416089275e-01,1.6628270976e-01,1.6456061981e-01,1.6279813024e-01,1.6087567166e-01
4191,41.9100,1.7025753707e-01,1.6832561379e-01,1.6635599614e-01,1.6421565877e-01,1.6633747578e-01,1.6461538583e-01,1.6285289626e-01,1.6093043768e-01
4192,41.9200,1.7031230309e-01,1.6838037981e-01,1.6641076216e-01,1.6427042479e-01,1.6639224180e-01,1.6467015186e-01,1.6290766228e-01,1.6098520370e-01
4193,41.9300,1.7036706911e-01,1.6843514583e-01,1.6646552818e-01,1.6432519081e-01,1.6644700782e-01,1.6472491788e-01,1.6296242830e-01,1.6103996972e-01
4194,41.9400,1.7042183513e-01,1.6848991185e-01,1.6652029421e-01,1.6437995683e-01,1.6650177384e-01,1.6477968390e-01,1.6301719432e-01,1.6109473574e-01
4195,41.9500,1.7047660115e-01,1.6854467787e-01,1.6657506023e-01,1.6443472286e-01,1.6655653986e-01,1.6483444992e-01,1.6307196034e-01,1.6114950176e-01
4196,41.9600,1.7053136717e-01,1.6859944389e-01,1.6662982625e-01,1.6448948888e-01,1.6661130588e-01,1.6488921594e-01,1.6312672637e-01,1.6120426778e-01
4197,41.9700,1.7058613319e-01,1.6865420991e-01,1.6668459227e-01,1.6454425490e-01,1.6666607190e-01,1.6494398196e-01,1.6318149239e-01,1.6125903380e-01
4198,41.9800,1.7064089922e-01,1.6870897593e-01,1.6673935829e-01,1.6459902092e-01,1.6672083792e-01,1.6499874798e-01,1.6323625841e-01,1.6131379982e-01
4199,41.9900,1.7069566524e-01,1.6876374196e-01,1.6679412431e-01,1.6465378694e-01,1.6677560394e-01,1.6505351400e-01,1.6329102443e-01,1.6136856584e-01
4200,42.0000,1.7075043126e-01,1.6881850798e-01,1.6684889033e-01,1.6470855296e-01,1.6683036996e-01,1.6510828002e-01,1.6334579045e-01,1.6142333186e-01
4201,42.0100,1.7080519728e-01,1.6887327400e-01,1.6690365635e-01,1.6476331898e-01,1.6688513598e-01,1.6516304604e-01,1.6340055647e-01,1.6147809789e-01
4202,42.0200,1.7085996330e-01,1.6892804002e-01,1.6695842237e-01,1.6481808500e-01,1.6693990201e-01,1.6521781206e-01,1.6345532249e-01,1.6153286391e-01
4203,42.0300,1.7091472932e-01,1.6898280604e-01,1.6701318840e-01,1.6487285102e-01,1.6699466803e-01,1.6527257809e-01,1.6351008851e-01,1.6158762993e-01
4204,42.0400,1.7096949534e-01,1.6903757206e-01,1.6706795442e-01,1.6492761704e-01,1.6704943405e-01,1.6532734411e-01,1.6356485453e-01,1.6164239595e-01
4205,42.0500,1.7102426136e-01,1.6909233808e-01,1.6712272044e-01,1.6498238307e-01,1.6710420007e-01,1.6538211013e-01,1.6361962055e-01,1.6169716197e-01
4206,42.0600,1.7107902738e-01,1.6914710410e-01,1.6717748646e-01,1.6503714909e-01,1.6715896609e-01,1.6543687615e-01,1.6367438657e-01,1.6175192799e-01
4207,42.0700,1.7113379340e-01,1.6920187013e-01,1.6723225248e-01,1.6509191511e-01,1.6721373211e-01,1.6549164217e-01,1.6372915259e-01,1.6180669401e-01
4208,42.0800,1.7118855942e-01,1.6925663615e-01,1.6728701850e-01,1.6514668113e-01,1.6726849813e-01,1.6554640819e-01,1.6378391861e-01,1.6186146003e-01
4209,42.0900,1.7124332545e-01,1.6931140217e-01,1.6734178452e-01,1.6520144715e-01,1.6732326415e-01,1.6560117421e-01,1.6383868463e-01,1.6191622605e-01
4210,42.1000,1.7129809147e-01,1.6936616819e-01,1.6739655054e-01,1.6525621317e-01,1.6737803017e-01,1.6565594023e-01,1.6389345065e-01,1.6197099207e-01
4211,42.1100,1.7135285749e-01,1.6942093421e-01,1.6745131656e-01,1.6531097919e-01,1.6743279619e-01,1.6571070625e-01,1.6394821667e-01,1.6202575809e-01
4212,42.1200,1.7140762351e-01,1.6947570023e-01,1.6750608259e-01,1.6536574521e-01,1.6748756221e-01,1.6576547227e-01,1.6400298269e-01,1.6208052411e-01
4213,42.1300,1.7146238953e-01,1.6953046625e-01,1.6756084861e-01,1.6542051123e-01,1.6754232823e-01,1.6582023830e-01,1.6405774872e-01,1.6213529013e-01
4214,42.1400,1.7151715555e-01,1.6958523227e-01,1.6761561463e-01,1.6547527725e-01,1.6759709425e-01,1.6587500432e-01,1.6411251474e-01,1.6219005615e-01
4215,42.1500,1.7157192157e-01,1.6963999830e-01,1.6767038065e-01,1.6553004328e-01,1.6765186027e-01,1.6592977034e-01,1.6416728076e-01,1.6224482217e-01
4216,42.1600,1.7162668759e-01,1.6969476432e-01,1.6772514667e-01,1.6558480930e-01,1.6770662630e-01,1.6598453636e-01,1.6422204678e-01,1.6229958819e-01
4217,42.1700,1.7168145361e-01,1.6974953034e-01,1.6777991269e-01,1.6563957532e-01,1.6776139232e-01,1.6603930238e-01,1.6427681280e-01,1.6235435421e-01
4218,42.1800,1.7173621963e-01,1.6980429636e-01,1.6783467871e-01,1.6569434134e-01,1.6781615834e-01,1.6609406840e-01,1.6433157882e-01,1.6240912024e-01
4219,42.1900,1.7179098566e-01,1.6985906238e-01,1.6788944473e-01,1.6574910736e-01,1.6787092436e-01,1.6614883442e-01,1.6438634484e-01,1.6246388626e-01
4220,42.2000,1.7184575168e-01,1.6991382840e-01,1.6794421075e-01,1.6580387338e-01,1.6792569038e-01,1.6620360044e-01,1.6444111086e-01,1.6251865228e-01
4221,42.2100,1.7190051770e-01,1.6996859442e-01,1.6799897678e-01,1.6585863940e-01,1.6798045640e-01,1.6625836646e-01,1.6449587688e-01,1.6257341830e-01
4222,42.2200,1.7195528372e-01,1.7002336045e-01,1.6805374280e-01,1.6591340542e-01,1.6803522242e-01,1.6631313248e-01,1.6455064290e-01,1.6262818432e-01
4223,42.2300,1.7201004974e-01,1.7007812647e-01,1.6810850882e-01,1.6596817144e-01,1.6808998844e-01,1.6636789850e-01,1.6460540892e-01,1.6268295034e-01
4224,42.2400,1.7206481576e-01,1.7013289249e-01,1.6816327484e-01,1.6602293746e-01,1.6814475446e-01,1.6642266453e-01,1.6466017494e-01,1.6273771636e-01
4225,42.2500,1.7211958178e-01,1.7018765851e-01,1.6821804086e-01,1.6607770349e-01,1.6819952048e-01,1.6647743055e-01,1.6471494096e-01,1.6279248238e-01
4226,42.2600,1.7217434780e-01,1.7024242453e-01,1.6827280688e-01,1.6613246951e-01,1.6825428650e-01,1.6653219657e-01,1.6476970698e-01,1.6284724840e-01
4227,42.2700,1.7222911382e-01,1.7029719055e-01,1.6832757290e-01,1.6618723553e-01,1.6830905252e-01,1.6658696259e-01,1.6482447300e-01,1.6290201442e-01
4228,42.2800,1.7228387984e-01,1.7035195657e-01,1.6838233892e-01,1.6624200155e-01,1.6836381854e-01,1.6664172861e-01,1.6487923902e-01,1.6295678044e-01
4229,42.2900,1.7233864586e-01,1.7040672259e-01,1.6843710494e-01,1.6629676757e-01,1.6841858457e-01,1.6669649463e-01,1.6493400505e-01,1.6301154646e-01
4230,42.3000,1.7239341189e-01,1.7046148862e-01,1.6849187097e-01,1.6635153359e-01,1.6847335059e-01,1.6675126065e-01,1.6498877107e-01,1.6306631248e-01
4231,42.3100,1.7244817791e-01,1.7051625464e-01,1.6854663699e-01,1.6640629961e-01,1.6852811661e-01,1.6680602667e-01,1.6504353709e-01,1.6312107850e-01
4232,42.3200,1.7250294393e-01,1.7057102066e-01,1.6860140301e-01,1.6646106563e-01,1.6858288263e-01,1.6686079269e-01,1.6509830311e-01,1.6317584452e-01
4233,42.3300,1.7255770995e-01,1.7062578668e-01,1.6865616903e-01,1.6651583165e-01,1.6863764865e-01,1.6691555871e-01,1.6515306913e-01,1.6323061054e-01
4234,42.3400,1.7261247597e-01,1.7068055270e-01,1.6871093505e-01,1.6657059767e-01,1.6869241467e-01,1.6697032474e-01,1.6520783515e-01,1.6328537656e-01
4235,42.3500,1.7266724199e-01,1.7073531872e-01,1.6876570107e-01,1.6662536370e-01,1.6874718069e-01,1.6702509076e-01,1.6526260117e-01,1.6334014258e-01
4236,42.3600,1.7272200801e-01,1.7079008474e-01,1.6882046709e-01,1.6668012972e-01,1.6880194671e-01,1.6707985678e-01,1.6531736719e-01,1.6339490861e-01
4237,42.3700,1.7277677403e-01,1.7084485076e-01,1.6887523311e-01,1.6673489574e-01,1.6885671273e-01,1.6713462280e-01,1.6537213321e-01,1.6344967463e-01
4238,42.3800,1.7283154005e-01,1.7089961679e-01,1.6892999913e-01,1.6678966176e-01,1.6891147875e-01,1.6718938882e-01,1.6542689923e-01,1.6350444065e-01
4239,42.3900,1.7288630607e-01,1.7095438281e-01,1.6898476516e-01,1.6684442778e-01,1.6896624477e-01,1.6724415484e-01,1.6548166525e-01,1.6355920667e-01
4240,42.4000,1.7294107210e-01,1.7100914883e-01,1.6903953118e-01,1.6689919380e-01,1.6902101079e-01,1.6729892086e-01,1.6553643127e-01,1.6361397269e-01
4241,42.4100,1.7299583812e-01,1.7106391485e-01,1.6909429720e-01,1.6695395982e-01,1.6907577681e-01,1.6735368688e-01,1.6559119729e-01,1.6366873871e-01
4242,42.4200,1.7305060414e-01,1.7111868087e-01,1.6914906322e-01,1.6700872584e-01,1.6913054284e-01,1.6740845290e-01,1.6564596331e-01,1.6372350473e-01
4243,42.4300,1.7310537016e-01,1.7117344689e-01,1.6920382924e-01,1.6706349186e-01,1.6918530886e-01,1.6746321892e-01,1.6570072933e-01,1.6377827075e-01
4244,42.4400,1.7316013618e-01,1.7122821291e-01,1.6925859526e-01,1.6711825788e-01,1.6924007488e-01,1.6751798494e-01,1.6575549535e-01,1.6383303677e-01
4245,42.4500,1.7321490220e-01,1.7128297893e-01,1.6931336128e-01,1.6717302391e-01,1.6929484090e-01,1.6757275097e-01,1.6581026137e-01,1.6388780279e-01
4246,42.4600,1.7326966822e-01,1.7133774496e-01,1.6936812730e-01,1.6722778993e-01,1.6934960692e-01,1.6762751699e-01,1.6586502740e-01,1.6394256881e-01
4247,42.4700,1.7332443424e-01,1.7139251098e-01,1.6942289332e-01,1.6728255595e-01,1.6940437294e-01,1.6768228301e-01,1.6591979342e-01,1.6399733483e-01
4248,42.4800,1.7337920026e-01,1.7144727700e-01,1.6947765935e-01,1.6733732197e-01,1.6945913896e-01,1.6773704903e-01,1.6597455944e-01,1.6405210085e-01
4249,42.4900,1.7343396628e-01,1.7150204302e-01,1.6953242537e-01,1.6739208799e-01,1.6951390498e-01,1.6779181505e-01,1.6602932546e-01,1.6410686687e-01
4250,42.5000,1.7348873230e-01,1.7155680904e-01,1.6958719139e-01,1.6744685401e-01,1.6956867100e-01,1.6784658107e-01,1.6608409148e-01,1.6416163289e-01
4251,42.5100,1.7354349833e-01,1.7161157506e-01,1.6964195741e-01,1.6750162003e-01,1.6962343702e-01,1.6790134709e-01,1.6613885750e-01,1.6421639891e-01
4252,42.5200,1.7359826435e-01,1.7166634108e-01,1.6969672343e-01,1.6755638605e-01,1.6967820304e-01,1.6795611311e-01,1.6619362352e-01,1.6427116493e-01
4253,42.5300,1.7365303037e-01,1.7172110710e-01,1.6975148945e-01,1.6761115207e-01,1.6973296906e-01,1.6801087913e-01,1.6624838954e-01,1.6432593095e-01
4254,42.5400,1.7370779639e-01,1.7177587313e-01,1.6980625547e-01,1.6766591809e-01,1.6978773508e-01,1.6806564515e-01,1.6630315556e-01,1.6438069698e-01
4255,42.5500,1.7376256241e-01,1.7183063915e-01,1.6986102149e-01,1.6772068411e-01,1.6984250110e-01,1.6812041117e-01,1.6635792158e-01,1.6443546300e-01
4256,42.5600,1.7381732843e-01,1.7188540517e-01,1.6991578751e-01,1.6777545014e-01,1.6989726713e-01,1.6817517720e-01,1.6641268760e-01,1.6449022902e-01
4257,42.5700,1.7387209445e-01,1.7194017119e-01,1.6997055354e-01,1.6783021616e-01,1.6995203315e-01,1.6822994322e-01,1.6646745362e-01,1.6454499504e-01
4258,42.5800,1.7392686047e-01,1.7199493721e-01,1.7002531956e-01,1.6788498218e-01,1.7000679917e-01,1.6828470924e-01,1.6652221964e-01,1.6459976106e-01
4259,42.5900,1.7398162649e-01,1.7204970323e-01,1.7008008558e-01,1.6793974820e-01,1.7006156519e-01,1.6833947526e-01,1.6657698566e-01,1.6465452708e-01
4260,42.6000,1.7403639251e-01,1.7210446925e-01,1.7013485160e-01,1.6799451422e-01,1.7011633121e-01,1.6839424128e-01,1.6663175168e-01,1.6470929310e-01
4261,42.6100,1.7409115854e-01,1.7215923528e-01,1.7018961762e-01,1.6804928024e-01,1.7017109723e-01,1.6844900730e-01,1.6668651770e-01,1.6476405912e-01
4262,42.6200,1.7414592456e-01,1.7221400130e-01,1.7024438364e-01,1.6810404626e-01,1.7022586325e-01,1.6850377332e-01,1.6674128373e-01,1.6481882514e-01
4263,42.6300,1.7420069058e-01,1.7226876732e-01,1.7029914966e-01,1.6815881228e-01,1.7028062927e-01,1.6855853934e-01,1.6679604975e-01,1.6487359116e-01
4264,42.6400,1.7425545660e-01,1.7232353334e-01,1.7035391568e-01,1.6821357830e-01,1.7033539529e-01,1.6861330536e-01,1.6685081577e-01,1.6492835718e-01
4265,42.6500,1.7431022262e-01,1.7237829936e-01,1.7040868170e-01,1.6826834432e-01,1.7039016131e-01,1.6866807138e-01,1.6690558179e-01,1.6498312320e-01
4266,42.6600,1.7436498864e-01,1.7243306538e-01,1.7046344773e-01,1.6832311035e-01,1.7044492733e-01,1.6872283741e-01,1.6696034781e-01,1.6503788922e-01
4267,42.6700,1.7441975466e-01,1.7248783140e-01,1.7051821375e-01,1.6837787637e-01,1.7049969335e-01,1.6877760343e-01,1.6701511383e-01,1.6509265524e-01
4268,42.6800,1.7447452068e-01,1.7254259742e-01,1.7057297977e-01,1.6843264239e-01,1.7055445937e-01,1.6883236945e-01,1.6706987985e-01,1.6514742126e-01
4269,42.6900,1.7452928670e-01,1.7259736345e-01,1.7062774579e-01,1.6848740841e-01,1.7060922540e-01,1.6888713547e-01,1.6712464587e-01,1.6520218728e-01
4270,42.7000,1.7458405272e-01,1.7265212947e-01,1.7068251181e-01,1.6854217443e-01,1.7066399142e-01,1.6894190149e-01,1.6717941189e-01,1.6525695330e-01
4271,42.7100,1.7463881874e-01,1.7270689549e-01,1.7073727783e-01,1.6859694045e-01,1.7071875744e-01,1.6899666751e-01,1.6723417791e-01,1.6531171932e-01
4272,42.7200,1.7469358477e-01,1.7276166151e-01,1.7079204385e-01,1.6865170647e-01,1.7077352346e-01,1.6905143353e-01,1.6728894393e-01,1.6536648535e-01
4273,42.7300,1.7474835079e-01,1.7281642753e-01,1.7084680987e-01,1.6870647249e-01,1.7082828948e-01,1.6910619955e-01,1.6734370995e-01,1.6542125137e-01
4274,42.7400,1.7480311681e-01,1.7287119355e-01,1.7090157589e-01,1.6876123851e-01,1.7088305550e-01,1.6916096557e-01,1.6739847597e-01,1.6547601739e-01
4275,42.7500,1.7485788283e-01,1.7292595957e-01,1.7095634192e-01,1.6881600453e-01,1.7093782152e-01,1.6921573159e-01,1.6745324199e-01,1.6553078341e-01
4276,42.7600,1.7491264885e-01,1.7298072559e-01,1.7101110794e-01,1.6887077056e-01,1.7099258754e-01,1.6927049761e-01,1.6750800801e-01,1.6558554943e-01
4277,42.7700,1.7496741487e-01,1.7303549162e-01,1.7106587396e-01,1.6892553658e-01,1.7104735356e-01,1.6932526364e-01,1.6756277403e-01,1.6564031545e-01
4278,42.7800,1.7502218089e-01,1.7309025764e-01,1.7112063998e-01,1.6898030260e-01,1.7110211958e-01,1.6938002966e-01,1.6761754005e-01,1.6569508147e-01
4279,42.7900,1.7507694691e-01,1.7314502366e-01,1.7117540600e-01,1.6903506862e-01,1.7115688560e-01,1.6943479568e-01,1.6767230608e-01,1.6574984749e-01
4280,42.8000,1.7513171293e-01,1.7319978968e-01,1.7123017202e-01,1.6908983464e-01,1.7121165162e-01,1.6948956170e-01,1.6772707210e-01,1.6580461351e-01
4281,42.8100,1.7518647895e-01,1.7325455570e-01,1.7128493804e-01,1.6914460066e-01,1.7126641764e-01,1.6954432772e-01,1.6778183812e-01,1.6585937953e-01
4282,42.8200,1.7524124498e-01,1.7330932172e-01,1.7133970406e-01,1.6919936668e-01,1.7132118367e-01,1.6959909374e-01,1.6783660414e-01,1.6591414555e-01
4283,42.8300,1.7529601100e-01,1.7336408774e-01,1.7139447008e-01,1.6925413270e-01,1.7137594969e-01,1.6965385976e-01,1.6789137016e-01,1.6596891157e-01
4284,42.8400,1.7535077702e-01,1.7341885376e-01,1.7144923611e-01,1.6930889872e-01,1.7143071571e-01,1.6970862578e-01,1.6794613618e-01,1.6602367759e-01
4285,42.8500,1.7540554304e-01,1.7347361979e-01,1.7150400213e-01,1.6936366474e-01,1.7148548173e-01,1.6976339180e-01,1.6800090220e-01,1.6607844361e-01
4286,42.8600,1.7546030906e-01,1.7352838581e-01,1.7155876815e-01,1.6941843077e-01,1.7154024775e-01,1.6981815782e-01,1.6805566822e-01,1.6613320963e-01
4287,42.8700,1.7551507508e-01,1.7358315183e-01,1.7161353417e-01,1.6947319679e-01,1.7159501377e-01,1.6987292384e-01,1.6811043424e-01,1.6618797565e-01
4288,42.8800,1.7556984110e-01,1.7363791785e-01,1.7166830019e-01,1.6952796281e-01,1.7164977979e-01,1.6992768987e-01,1.6816520026e-01,1.6624274167e-01
4289,42.8900,1.7562460712e-01,1.7369268387e-01,1.7172306621e-01,1.6958272883e-01,1.7170454581e-01,1.6998245589e-01,1.6821996628e-01,1.6629750770e-01
4290,42.9000,1.7567937314e-01,1.7374744989e-01,1.7177783223e-01,1.6963749485e-01,1.7175931183e-01,1.7003722191e-01,1.6827473230e-01,1.6635227372e-01
4291,42.9100,1.7573413916e-01,1.7380221591e-01,1.7183259825e-01,1.6969226087e-01,1.7181407785e-01,1.7009198793e-01,1.6832949832e-01,1.6640703974e-01
4292,42.9200,1.7578890518e-01,1.7385698193e-01,1.7188736427e-01,1.6974702689e-01,1.7186884387e-01,1.7014675395e-01,1.6838426434e-01,1.6646180576e-01
4293,42.9300,1.7584367121e-01,1.7391174796e-01,1.7194213030e-01,1.6980179291e-01,1.7192360989e-01,1.7020151997e-01,1.6843903036e-01,1.6651657178e-01
4294,42.9400,1.7589843723e-01,1.7396651398e-01,1.7199689632e-01,1.6985655893e-01,1.7197837591e-01,1.7025628599e-01,1.6849379638e-01,1.6657133780e-01
4295,42.9500,1.7595320325e-01,1.7402128000e-01,1.7205166234e-01,1.6991132495e-01,1.7203314193e-01,1.7031105201e-01,1.6854856240e-01,1.6662610382e-01
4296,42.9600,1.7600796927e-01,1.7407604602e-01,1.7210642836e-01,1.6996609098e-01,1.7208790796e-01,1.7036581803e-01,1.6860332843e-01,1.6668086984e-01
4297,42.9700,1.7606273529e-01,1.7413081204e-01,1.7216119438e-01,1.7002085700e-01,1.7214267398e-01,1.7042058405e-01,1.6865809445e-01,1.6673563586e-01
4298,42.9800,1.7611750131e-01,1.7418557806e-01,1.7221596040e-01,1.7007562302e-01,1.7219744000e-01,1.7047535007e-01,1.6871286047e-01,1.6679040188e-01
4299,42.9900,1.7617226733e-01,1.7424034408e-01,1.7227072642e-01,1.7013038904e-01,1.7225220602e-01,1.7053011610e-01,1.6876762649e-01,1.6684516790e-01
4300,43.0000,1.7622703335e-01,1.7429511011e-01,1.7232549244e-01,1.7018515506e-01,1.7230697204e-01,1.7058488212e-01,1.6882239251e-01,1.6689993392e-01
4301,43.0100,1.7628179937e-01,1.7434987613e-01,1.7238025846e-01,1.7023992108e-01,1.7236173806e-01,1.7063964814e-01,1.6887715853e-01,1.6695469994e-01
4302,43.0200,1.7633656539e-01,1.7440464215e-01,1.7243502449e-01,1.7029468710e-01,1.7241650408e-01,1.7069441416e-01,1.6893192455e-01,1.6700946596e-01
4303,43.0300,1.7639133142e-01,1.7445940817e-01,1.7248979051e-01,1.7034945312e-01,1.7247127010e-01,1.7074918018e-01,1.6898669057e-01,1.6706423198e-01
4304,43.0400,1.7644609744e-01,1.7451417419e-01,1.7254455653e-01,1.7040421914e-01,1.7252603612e-01,1.7080394620e-01,1.6904145659e-01,1.6711899800e-01
4305,43.0500,1.7650086346e-01,1.7456894021e-01,1.7259932255e-01,1.7045898516e-01,1.7258080214e-01,1.7085871222e-01,1.6909622261e-01,1.6717376402e-01
4306,43.0600,1.7655562948e-01,1.7462370623e-01,1.7265408857e-01,1.7051375119e-01,1.7263556816e-01,1.7091347824e-01,1.6915098863e-01,1.6722853004e-01
4307,43.0700,1.7661039550e-01,1.7467847225e-01,1.7270885459e-01,1.7056851721e-01,1.7269033418e-01,1.7096824426e-01,1.6920575465e-01,1.6728329607e-01
4308,43.0800,1.7666516152e-01,1.7473323828e-01,1.7276362061e-01,1.7062328323e-01,1.7274510020e-01,1.7102301028e-01,1.6926052067e-01,1.6733806209e-01
4309,43.0900,1.7671992754e-01,1.7478800430e-01,1.7281838663e-01,1.7067804925e-01,1.7279986623e-01,1.7107777631e-01,1.6931528669e-01,1.6739282811e-01
4310,43.1000,1.7677469356e-01,1.7484277032e-01,1.7287315265e-01,1.7073281527e-01,1.7285463225e-01,1.7113254233e-01,1.6937005271e-01,1.6744759413e-01
4311,43.1100,1.7682945958e-01,1.7489753634e-01,1.7292791868e-01,1.7078758129e-01,1.7290939827e-01,1.7118730835e-01,1.6942481873e-01,1.6750236015e-01
4312,43.1200,1.7688422560e-01,1.7495230236e-01,1.7298268470e-01,1.7084234731e-01,1.7296416429e-01,1.7124207437e-01,1.6947958476e-01,1.6755712617e-01
4313,43.1300,1.7693899162e-01,1.7500706838e-01,1.7303745072e-01,1.7089711333e-01,1.7301893031e-01,1.7129684039e-01,1.6953435078e-01,1.6761189219e-01
4314,43.1400,1.7699375765e-01,1.7506183440e-01,1.7309221674e-01,1.7095187935e-01,1.7307369633e-01,1.7135160641e-01,1.6958911680e-01,1.6766665821e-01
4315,43.1500,1.7704852367e-01,1.7511660042e-01,1.7314698276e-01,1.7100664537e-01,1.7312846235e-01,1.7140637243e-01,1.6964388282e-01,1.6772142423e-01
4316,43.1600,1.7710328969e-01,1.7517136645e-01,1.7320174878e-01,1.7106141139e-01,1.7318322837e-01,1.7146113845e-01,1.6969864884e-01,1.6777619025e-01
4317,43.1700,1.7715805571e-01,1.7522613247e-01,1.7325651480e-01,1.7111617742e-01,1.7323799439e-01,1.7151590447e-01,1.6975341486e-01,1.6783095627e-01
4318,43.1800,1.7721282173e-01,1.7528089849e-01,1.7331128082e-01,1.7117094344e-01,1.7329276041e-01,1.7157067049e-01,1.6980818088e-01,1.6788572229e-01
4319,43.1900,1.7726758775e-01,1.7533566451e-01,1.7336604684e-01,1.7122570946e-01,1.7334752643e-01,1.7162543651e-01,1.6986294690e-01,1.6794048831e-01
4320,43.2000,1.7732235377e-01,1.7539043053e-01,1.7342081287e-01,1.7128047548e-01,1.7340229245e-01,1.7168020254e-01,1.6991771292e-01,1.6799525433e-01
4321,43.2100,1.7737711979e-01,1.7544519655e-01,1.7347557889e-01,1.7133524150e-01,1.7345705847e-01,1.7173496856e-01,1.6997247894e-01,1.6805002035e-01
4322,43.2200,1.7743188581e-01,1.7549996257e-01,1.7353034491e-01,1.7139000752e-01,1.7351182450e-01,1.7178973458e-01,1.7002724496e-01,1.6810478637e-01
4323,43.2300,1.7748665183e-01,1.7555472859e-01,1.7358511093e-01,1.7144477354e-01,1.7356659052e-01,1.7184450060e-01,1.7008201098e-01,1.6815955239e-01
4324,43.2400,1.7754141786e-01,1.7560949462e-01,1.7363987695e-01,1.7149953956e-01,1.7362135654e-01,1.7189926662e-01,1.7013677700e-01,1.6821431841e-01
4325,43.2500,1.7759618388e-01,1.7566426064e-01,1.7369464297e-01,1.7155430558e-01,1.7367612256e-01,1.7195403264e-01,1.7019154302e-01,1.6826908444e-01
4326,43.2600,1.7765094990e-01,1.7571902666e-01,1.7374940899e-01,1.7160907160e-01,1.7373088858e-01,1.7200879866e-01,1.7024630904e-01,1.6832385046e-01
4327,43.2700,1.7770571592e-01,1.7577379268e-01,1.7380417501e-01,1.7166383763e-01,1.7378565460e-01,1.7206356468e-01,1.7030107506e-01,1.6837861648e-01
4328,43.2800,1.7776048194e-01,1.7582855870e-01,1.7385894103e-01,1.7171860365e-01,1.7384042062e-01,1.7211833070e-01,1.7035584108e-01,1.6843338250e-01
4329,43.2900,1.7781524796e-01,1.7588332472e-01,1.7391370706e-01,1.7177336967e-01,1.7389518664e-01,1.7217309672e-01,1.7041060711e-01,1.6848814852e-01
4330,43.3000,1.7787001398e-01,1.7593809074e-01,1.7396847308e-01,1.7182813569e-01,1.7394995266e-01,1.7222786274e-01,1.7046537313e-01,1.6854291454e-01
4331,43.3100,1.7792478000e-01,1.7599285676e-01,1.7402323910e-01,1.7188290171e-01,1.7400471868e-01,1.7228262877e-01,1.7052013915e-01,1.6859768056e-01
4332,43.3200,1.7797954602e-01,1.7604762279e-01,1.7407800512e-01,1.7193766773e-01,1.7405948470e-01,1.7233739479e-01,1.7057490517e-01,1.6865244658e-01
4333,43.3300,1.7803431204e-01,1.7610238881e-01,1.7413277114e-01,1.7199243375e-01,1.7411425072e-01,1.7239216081e-01,1.7062967119e-01,1.6870721260e-01
4334,43.3400,1.7808907806e-01,1.7615715483e-01,1.7418753716e-01,1.7204719977e-01,1.7416901674e-01,1.7244692683e-01,1.7068443721e-01,1.6876197862e-01
4335,43.3500,1.7814384409e-01,1.7621192085e-01,1.7424230318e-01,1.7210196579e-01,1.7422378277e-01,1.7250169285e-01,1.7073920323e-01,1.6881674464e-01
4336,43.3600,1.7819861011e-01,1.7626668687e-01,1.7429706920e-01,1.7215673181e-01,1.7427854879e-01,1.7255645887e-01,1.7079396925e-01,1.6887151066e-01
4337,43.3700,1.7825337613e-01,1.7632145289e-01,1.7435183522e-01,1.7221149784e-01,1.7433331481e-01,1.7261122489e-01,1.7084873527e-01,1.6892627668e-01
4338,43.3800,1.7830814215e-01,1.7637621891e-01,1.7440660124e-01,1.7226626386e-01,1.7438808083e-01,1.7266599091e-01,1.7090350129e-01,1.6898104270e-01
4339,43.3900,1.7836290817e-01,1.7643098493e-01,1.7446136727e-01,1.7232102988e-01,1.7444284685e-01,1.7272075693e-01,1.7095826731e-01,1.6903580872e-01
4340,43.4000,1.7841767419e-01,1.7648575096e-01,1.7451613329e-01,1.7237579590e-01,1.7449761287e-01,1.7277552295e-01,1.7101303333e-01,1.6909057474e-01
4341,43.4100,1.7847244021e-01,1.7654051698e-01,1.7457089931e-01,1.7243056192e-01,1.7455237889e-01,1.7283028897e-01,1.7106779935e-01,1.6914534076e-01
4342,43.4200,1.7852720623e-01,1.7659528300e-01,1.7462566533e-01,1.7248532794e-01,1.7460714491e-01,1.7288505500e-01,1.7112256537e-01,1.6920010679e-01
4343,43.4300,1.7858197225e-01,1.7665004902e-01,1.7468043135e-01,1.7254009396e-01,1.7466191093e-01,1.7293982102e-01,1.7117733139e-01,1.6925487281e-01
4344,43.4400,1.7863673827e-01,1.7670481504e-01,1.7473519737e-01,1.7259485998e-01,1.7471667695e-01,1.7299458704e-01,1.7123209741e-01,1.6930963883e-01
4345,43.4500,1.7869150430e-01,1.7675958106e-01,1.7478996339e-01,1.7264962600e-01,1.7477144297e-01,1.7304935306e-01,1.7128686343e-01,1.6936440485e-01
4346,43.4600,1.7874627032e-01,1.7681434708e-01,1.7484472941e-01,1.7270439202e-01,1.7482620899e-01,1.7310411908e-01,1.7134162946e-01,1.6941917087e-01
4347,43.4700,1.7880103634e-01,1.7686911311e-01,1.7489949543e-01,1.7275915805e-01,1.7488097501e-01,1.7315888510e-01,1.7139639548e-01,1.6947393689e-01
4348,43.4800,1.7885580236e-01,1.7692387913e-01,1.7495426146e-01,1.7281392407e-01,1.7493574103e-01,1.7321365112e-01,1.7145116150e-01,1.6952870291e-01
4349,43.4900,1.7891056838e-01,1.7697864515e-01,1.7500902748e-01,1.7286869009e-01,1.7499050706e-01,1.7326841714e-01,1.7150592752e-01,1.6958346893e-01
4350,43.5000,1.7896533440e-01,1.7703341117e-01,1.7506379350e-01,1.7292345611e-01,1.7504527308e-01,1.7332318316e-01,1.7156069354e-01,1.6963823495e-01
4351,43.5100,1.7902010042e-01,1.7708817719e-01,1.7511855952e-01,1.7297822213e-01,1.7510003910e-01,1.7337794918e-01,1.7161545956e-01,1.6969300097e-01
4352,43.5200,1.7907486644e-01,1.7714294321e-01,1.7517332554e-01,1.7303298815e-01,1.7515480512e-01,1.7343271521e-01,1.7167022558e-01,1.6974776699e-01
4353,43.5300,1.7912963246e-01,1.7719770923e-01,1.7522809156e-01,1.7308775417e-01,1.7520957114e-01,1.7348748123e-01,1.7172499160e-01,1.6980253301e-01
4354,43.5400,1.7918439848e-01,1.7725247525e-01,1.7528285758e-01,1.7314252019e-01,1.7526433716e-01,1.7354224725e-01,1.7177975762e-01,1.6985729903e-01
4355,43.5500,1.7923916450e-01,1.7730724128e-01,1.7533762360e-01,1.7319728621e-01,1.7531910318e-01,1.7359701327e-01,1.7183452364e-01,1.6991206505e-01
4356,43.5600,1.7929393053e-01,1.7736200730e-01,1.7539238962e-01,1.7325205223e-01,1.7537386920e-01,1.7365177929e-01,1.7188928966e-01,1.6996683107e-01
4357,43.5700,1.7934869655e-01,1.7741677332e-01,1.7544715565e-01,1.7330681826e-01,1.7542863522e-01,1.7370654531e-01,1.7194405568e-01,1.7002159709e-01
4358,43.5800,1.7940346257e-01,1.7747153934e-01,1.7550192167e-01,1.7336158428e-01,1.7548340124e-01,1.7376131133e-01,1.7199882170e-01,1.7007636311e-01
4359,43.5900,1.7945822859e-01,1.7752630536e-01,1.7555668769e-01,1.7341635030e-01,1.7553816726e-01,1.7381607735e-01,1.7205358772e-01,1.7013112913e-01
4360,43.6000,1.7951299461e-01,1.7758107138e-01,1.7561145371e-01,1.7347111632e-01,1.7559293328e-01,1.7387084337e-01,1.7210835374e-01,1.7018589516e-01
4361,43.6100,1.7956776063e-01,1.7763583740e-01,1.7566621973e-01,1.7352588234e-01,1.7564769930e-01,1.7392560939e-01,1.7216311976e-01,1.7024066118e-01
4362,43.6200,1.7962252665e-01,1.7769060342e-01,1.7572098575e-01,1.7358064836e-01,1.7570246533e-01,1.7398037541e-01,1.7221788578e-01,1.7029542720e-01
4363,43.6300,1.7967729267e-01,1.7774536945e-01,1.7577575177e-01,1.7363541438e-01,1.7575723135e-01,1.7403514144e-01,1.7227265181e-01,1.7035019322e-01
4364,43.6400,1.7973205869e-01,1.7780013547e-01,1.7583051779e-01,1.7369018040e-01,1.7581199737e-01,1.7408990746e-01,1.7232741783e-01,1.7040495924e-01
4365,43.6500,1.7978682471e-01,1.7785490149e-01,1.7588528381e-01,1.7374494642e-01,1.7586676339e-01,1.7414467348e-01,1.7238218385e-01,1.7045972526e-01
4366,43.6600,1.7984159074e-01,1.7790966751e-01,1.7594004984e-01,1.7379971244e-01,1.7592152941e-01,1.7419943950e-01,1.7243694987e-01,1.7051449128e-01
4367,43.6700,1.7989635676e-01,1.7796443353e-01,1.7599481586e-01,1.7385447846e-01,1.7597629543e-01,1.7425420552e-01,1.7249171589e-01,1.7056925730e-01
4368,43.6800,1.7995112278e-01,1.7801919955e-01,1.7604958188e-01,1.7390924449e-01,1.7603106145e-01,1.7430897154e-01,1.7254648191e-01,1.7062402332e-01
4369,43.6900,1.8000588880e-01,1.7807396557e-01,1.7610434790e-01,1.7396401051e-01,1.7608582747e-01,1.7436373756e-01,1.7260124793e-01,1.7067878934e-01
4370,43.7000,1.8006065482e-01,1.7812873159e-01,1.7615911392e-01,1.7401877653e-01,1.7614059349e-01,1.7441850358e-01,1.7265601395e-01,1.7073355536e-01
4371,43.7100,1.8011542084e-01,1.7818349762e-01,1.7621387994e-01,1.7407354255e-01,1.7619535951e-01,1.7447326960e-01,1.7271077997e-01,1.7078832138e-01
4372,43.7200,1.8017018686e-01,1.7823826364e-01,1.7626864596e-01,1.7412830857e-01,1.7625012553e-01,1.7452803562e-01,1.7276554599e-01,1.7084308740e-01
4373,43.7300,1.8022495288e-01,1.7829302966e-01,1.7632341198e-01,1.7418307459e-01,1.7630489155e-01,1.7458280164e-01,1.7282031201e-01,1.7089785342e-01
4374,43.7400,1.8027971890e-01,1.7834779568e-01,1.7637817800e-01,1.7423784061e-01,1.7635965757e-01,1.7463756767e-01,1.7287507803e-01,1.7095261944e-01
4375,43.7500,1.8033448492e-01,1.7840256170e-01,1.7643294403e-01,1.7429260663e-01,1.7641442360e-01,1.7469233369e-01,1.7292984405e-01,1.7100738546e-01
4376,43.7600,1.8038925094e-01,1.7845732772e-01,1.7648771005e-01,1.7434737265e-01,1.7646918962e-01,1.7474709971e-01,1.7298461007e-01,1.7106215148e-01
4377,43.7700,1.8044401697e-01,1.7851209374e-01,1.7654247607e-01,1.7440213867e-01,1.7652395564e-01,1.7480186573e-01,1.7303937609e-01,1.7111691750e-01
4378,43.7800,1.8049878299e-01,1.7856685976e-01,1.7659724209e-01,1.7445690470e-01,1.7657872166e-01,1.7485663175e-01,1.7309414211e-01,1.7117168353e-01
4379,43.7900,1.8055354901e-01,1.7862162579e-01,1.7665200811e-01,1.7451167072e-01,1.7663348768e-01,1.7491139777e-01,1.7314890813e-01,1.7122644955e-01
4380,43.8000,1.8060831503e-01,1.7867639181e-01,1.7670677413e-01,1.7456643674e-01,1.7668825370e-01,1.7496616379e-01,1.7320367416e-01,1.7128121557e-01
4381,43.8100,1.8066308105e-01,1.7873115783e-01,1.7676154015e-01,1.7462120276e-01,1.7674301972e-01,1.7502092981e-01,1.7325844018e-01,1.7133598159e-01
4382,43.8200,1.8071784707e-01,1.7878592385e-01,1.7681630617e-01,1.7467596878e-01,1.7679778574e-01,1.7507569583e-01,1.7331320620e-01,1.7139074761e-01
4383,43.8300,1.8077261309e-01,1.7884068987e-01,1.7687107219e-01,1.7473073480e-01,1.7685255176e-01,1.7513046185e-01,1.7336797222e-01,1.7144551363e-01
4384,43.8400,1.8082737911e-01,1.7889545589e-01,1.7692583822e-01,1.7478550082e-01,1.7690731778e-01,1.7518522787e-01,1.7342273824e-01,1.7150027965e-01
4385,43.8500,1.8088214513e-01,1.7895022191e-01,1.7698060424e-01,1.7484026684e-01,1.7696208380e-01,1.7523999390e-01,1.7347750426e-01,1.7155504567e-01
4386,43.8600,1.8093691115e-01,1.7900498793e-01,1.7703537026e-01,1.7489503286e-01,1.7701684982e-01,1.7529475992e-01,1.7353227028e-01,1.7160981169e-01
4387,43.8700,1.8099167718e-01,1.7905975396e-01,1.7709013628e-01,1.7494979888e-01,1.7707161584e-01,1.7534952594e-01,1.7358703630e-01,1.7166457771e-01
4388,43.8800,1.8104644320e-01,1.7911451998e-01,1.7714490230e-01,1.7500456491e-01,1.7712638187e-01,1.7540429196e-01,1.7364180232e-01,1.7171934373e-01
4389,43.8900,1.8110120922e-01,1.7916928600e-01,1.7719966832e-01,1.7505933093e-01,1.7718114789e-01,1.7545905798e-01,1.7369656834e-01,1.7177410975e-01
4390,43.9000,1.8115597524e-01,1.7922405202e-01,1.7725443434e-01,1.7511409695e-01,1.7723591391e-01,1.7551382400e-01,1.7375133436e-01,1.7182887577e-01
4391,43.9100,1.8121074126e-01,1.7927881804e-01,1.7730920036e-01,1.7516886297e-01,1.7729067993e-01,1.7556859002e-01,1.7380610038e-01,1.7188364179e-01
4392,43.9200,1.8126550728e-01,1.7933358406e-01,1.7736396638e-01,1.7522362899e-01,1.7734544595e-01,1.7562335604e-01,1.7386086640e-01,1.7193840781e-01
4393,43.9300,1.8132027330e-01,1.7938835008e-01,1.7741873241e-01,1.7527839501e-01,1.7740021197e-01,1.7567812206e-01,1.7391563242e-01,1.7199317383e-01
4394,43.9400,1.8137503932e-01,1.7944311610e-01,1.7747349843e-01,1.7533316103e-01,1.7745497799e-01,1.7573288808e-01,1.7397039844e-01,1.7204793985e-01
4395,43.9500,1.8142980534e-01,1.7949788213e-01,1.7752826445e-01,1.7538792705e-01,1.7750974401e-01,1.7578765410e-01,1.7402516446e-01,1.7210270588e-01
4396,43.9600,1.8148457136e-01,1.7955264815e-01,1.7758303047e-01,1.7544269307e-01,1.7756451003e-01,1.7584242013e-01,1.7407993048e-01,1.7215747190e-01
4397,43.9700,1.8153933738e-01,1.7960741417e-01,1.7763779649e-01,1.7549745909e-01,1.7761927605e-01,1.7589718615e-01,1.7413469651e-01,1.7221223792e-01
4398,43.9800,1.8159410341e-01,1.7966218019e-01,1.7769256251e-01,1.7555222512e-01,1.7767404207e-01,1.7595195217e-01,1.7418946253e-01,1.7226700394e-01
4399,43.9900,1.8164886943e-01,1.7971694621e-01,1.7774732853e-01,1.7560699114e-01,1.7772880809e-01,1.7600671819e-01,1.7424422855e-01,1.7232176996e-01
4400,44.0000,1.8170363545e-01,1.7977171223e-01,1.7780209455e-01,1.7566175716e-01,1.7778357411e-01,1.7606148421e-01,1.7429899457e-01,1.7237653598e-01
4401,44.0100,1.8175840147e-01,1.7982647825e-01,1.7785686057e-01,1.7571652318e-01,1.7783834013e-01,1.7611625023e-01,1.7435376059e-01,1.7243130200e-01
4402,44.0200,1.8181316749e-01,1.7988124427e-01,1.7791162660e-01,1.7577128920e-01,1.7789310616e-01,1.7617101625e-01,1.7440852661e-01,1.7248606802e-01
4403,44.0300,1.8186793351e-01,1.7993601030e-01,1.7796639262e-01,1.7582605522e-01,1.7794787218e-01,1.7622578227e-01,1.7446329263e-01,1.7254083404e-01
4404,44.0400,1.8192269953e-01,1.7999077632e-01,1.7802115864e-01,1.7588082124e-01,1.7800263820e-01,1.7628054829e-01,1.7451805865e-01,1.7259560006e-01
4405,44.0500,1.8197746555e-01,1.8004554234e-01,1.7807592466e-01,1.7593558726e-01,1.7805740422e-01,1.7633531431e-01,1.7457282467e-01,1.7265036608e-01
4406,44.0600,1.8203223157e-01,1.8010030836e-01,1.7813069068e-01,1.7599035328e-01,1.7811217024e-01,1.7639008033e-01,1.7462759069e-01,1.7270513210e-01
4407,44.0700,1.8208699759e-01,1.8015507438e-01,1.7818545670e-01,1.7604511930e-01,1.7816693626e-01,1.7644484636e-01,1.7468235671e-01,1.7275989812e-01
4408,44.0800,1.8214176362e-01,1.8020984040e-01,1.7824022272e-01,1.7609988532e-01,1.7822170228e-01,1.7649961238e-01,1.7473712273e-01,1.7281466414e-01
4409,44.0900,1.8219652964e-01,1.8026460642e-01,1.7829498874e-01,1.7615465135e-01,1.7827646830e-01,1.7655437840e-01,1.7479188875e-01,1.7286943016e-01
4410,44.1000,1.8225129566e-01,1.8031937245e-01,1.7834975476e-01,1.7620941737e-01,1.7833123432e-01,1.7660914442e-01,1.7484665477e-01,1.7292419618e-01
4411,44.1100,1.8230606168e-01,1.8037413847e-01,1.7840452078e-01,1.7626418339e-01,1.7838600034e-01,1.7666391044e-01,1.7490142079e-01,1.7297896220e-01
4412,44.1200,1.8236082770e-01,1.8042890449e-01,1.7845928681e-01,1.7631894941e-01,1.7844076636e-01,1.7671867646e-01,1.7495618681e-01,1.7303372822e-01
4413,44.1300,1.8241559372e-01,1.8048367051e-01,1.7851405283e-01,1.7637371543e-01,1.7849553238e-01,1.7677344248e-01,1.7501095283e-01,1.7308849425e-01
4414,44.1400,1.8247035974e-01,1.8053843653e-01,1.7856881885e-01,1.7642848145e-01,1.7855029840e-01,1.7682820850e-01,1.7506571886e-01,1.7314326027e-01
4415,44.1500,1.8252512576e-01,1.8059320255e-01,1.7862358487e-01,1.7648324747e-01,1.7860506443e-01,1.7688297452e-01,1.7512048488e-01,1.7319802629e-01
4416,44.1600,1.8257989178e-01,1.8064796857e-01,1.7867835089e-01,1.7653801349e-01,1.7865983045e-01,1.7693774054e-01,1.7517525090e-01,1.7325279231e-01
4417,44.1700,1.8263465780e-01,1.8070273459e-01,1.7873311691e-01,1.7659277951e-01,1.7871459647e-01,1.7699250656e-01,1.7523001692e-01,1.7330755833e-01
4418,44.1800,1.8268942382e-01,1.8075750062e-01,1.7878788293e-01,1.7664754553e-01,1.7876936249e-01,1.7704727259e-01,1.7528478294e-01,1.7336232435e-01
4419,44.1900,1.8274418985e-01,1.8081226664e-01,1.7884264895e-01,1.7670231156e-01,1.7882412851e-01,1.7710203861e-01,1.7533954896e-01,1.7341709037e-01
4420,44.2000,1.8279895587e-01,1.8086703266e-01,1.7889741497e-01,1.7675707758e-01,1.7887889453e-01,1.7715680463e-01,1.7539431498e-01,1.7347185639e-01
4421,44.2100,1.8285372189e-01,1.8092179868e-01,1.7895218100e-01,1.7681184360e-01,1.7893366055e-01,1.7721157065e-01,1.7544908100e-01,1.7352662241e-01
4422,44.2200,1.8290848791e-01,1.8097656470e-01,1.7900694702e-01,1.7686660962e-01,1.7898842657e-01,1.7726633667e-01,1.7550384702e-01,1.7358138843e-01
4423,44.2300,1.8296325393e-01,1.8103133072e-01,1.7906171304e-01,1.7692137564e-01,1.7904319259e-01,1.7732110269e-01,1.7555861304e-01,1.7363615445e-01
4424,44.2400,1.8301801995e-01,1.8108609674e-01,1.7911647906e-01,1.7697614166e-01,1.7909795861e-01,1.7737586871e-01,1.7561337906e-01,1.7369092047e-01
4425,44.2500,1.8307278597e-01,1.8114086276e-01,1.7917124508e-01,1.7703090768e-01,1.7915272463e-01,1.7743063473e-01,1.7566814508e-01,1.7374568649e-01
4426,44.2600,1.8312755199e-01,1.8119562879e-01,1.7922601110e-01,1.7708567370e-01,1.7920749065e-01,1.7748540075e-01,1.7572291110e-01,1.7380045251e-01
4427,44.2700,1.8318231801e-01,1.8125039481e-01,1.7928077712e-01,1.7714043972e-01,1.7926225667e-01,1.7754016677e-01,1.7577767712e-01,1.7385521853e-01
4428,44.2800,1.8323708403e-01,1.8130516083e-01,1.7933554314e-01,1.7719520574e-01,1.7931702270e-01,1.7759493279e-01,1.7583244314e-01,1.7390998455e-01
4429,44.2900,1.8329185006e-01,1.8135992685e-01,1.7939030916e-01,1.7724997177e-01,1.7937178872e-01,1.7764969882e-01,1.7588720916e-01,1.7396475057e-01
4430,44.3000,1.8334661608e-01,1.8141469287e-01,1.7944507519e-01,1.7730473779e-01,1.7942655474e-01,1.7770446484e-01,1.7594197518e-01,1.7401951659e-01
4431,44.3100,1.8340138210e-01,1.8146945889e-01,1.7949984121e-01,1.7735950381e-01,1.7948132076e-01,1.7775923086e-01,1.7599674121e-01,1.7407428262e-01
4432,44.3200,1.8345614812e-01,1.8152422491e-01,1.7955460723e-01,1.7741426983e-01,1.7953608678e-01,1.7781399688e-01,1.7605150723e-01,1.7412904864e-01
4433,44.3300,1.8351091414e-01,1.8157899093e-01,1.7960937325e-01,1.7746903585e-01,1.7959085280e-01,1.7786876290e-01,1.7610627325e-01,1.7418381466e-01
4434,44.3400,1.8356568016e-01,1.8163375696e-01,1.7966413927e-01,1.7752380187e-01,1.7964561882e-01,1.7792352892e-01,1.7616103927e-01,1.7423858068e-01
4435,44.3500,1.8362044618e-01,1.8168852298e-01,1.7971890529e-01,1.7757856789e-01,1.7970038484e-01,1.7797829494e-01,1.7621580529e-01,1.7429334670e-01
4436,44.3600,1.8367521220e-01,1.8174328900e-01,1.7977367131e-01,1.7763333391e-01,1.7975515086e-01,1.7803306096e-01,1.7627057131e-01,1.7434811272e-01
4437,44.3700,1.8372997822e-01,1.8179805502e-01,1.7982843733e-01,1.7768809993e-01,1.7980991688e-01,1.7808782698e-01,1.7632533733e-01,1.7440287874e-01
4438,44.3800,1.8378474424e-01,1.8185282104e-01,1.7988320335e-01,1.7774286595e-01,1.7986468290e-01,1.7814259300e-01,1.7638010335e-01,1.7445764476e-01
4439,44.3900,1.8383951026e-01,1.8190758706e-01,1.7993796938e-01,1.7779763198e-01,1.7991944892e-01,1.7819735903e-01,1.7643486937e-01,1.7451241078e-01
4440,44.4000,1.8389427629e-01,1.8196235308e-01,1.7999273540e-01,1.7785239800e-01,1.7997421494e-01,1.7825212505e-01,1.7648963539e-01,1.7456717680e-01
4441,44.4100,1.8394904231e-01,1.8201711910e-01,1.8004750142e-01,1.7790716402e-01,1.8002898097e-01,1.7830689107e-01,1.7654440141e-01,1.7462194282e-01
4442,44.4200,1.8400380833e-01,1.8207188513e-01,1.8010226744e-01,1.7796193004e-01,1.8008374699e-01,1.7836165709e-01,1.7659916743e-01,1.7467670884e-01
4443,44.4300,1.8405857435e-01,1.8212665115e-01,1.8015703346e-01,1.7801669606e-01,1.8013851301e-01,1.7841642311e-01,1.7665393345e-01,1.7473147486e-01
4444,44.4400,1.8411334037e-01,1.8218141717e-01,1.8021179948e-01,1.7807146208e-01,1.8019327903e-01,1.7847118913e-01,1.7670869947e-01,1.7478624088e-01
4445,44.4500,1.8416810639e-01,1.8223618319e-01,1.8026656550e-01,1.7812622810e-01,1.8024804505e-01,1.7852595515e-01,1.7676346549e-01,1.7484100690e-01
4446,44.4600,1.8422287241e-01,1.8229094921e-01,1.8032133152e-01,1.7818099412e-01,1.8030281107e-01,1.7858072117e-01,1.7681823151e-01,1.7489577292e-01
4447,44.4700,1.8427763843e-01,1.8234571523e-01,1.8037609754e-01,1.7823576014e-01,1.8035757709e-01,1.7863548719e-01,1.7687299753e-01,1.7495053894e-01
4448,44.4800,1.8433240445e-01,1.8240048125e-01,1.8043086357e-01,1.7829052616e-01,1.8041234311e-01,1.7869025321e-01,1.7692776356e-01,1.7500530496e-01
4449,44.4900,1.8438717047e-01,1.8245524727e-01,1.8048562959e-01,1.7834529218e-01,1.8046710913e-01,1.7874501923e-01,1.7698252958e-01,1.7506007099e-01
4450,44.5000,1.8444193650e-01,1.8251001330e-01,1.8054039561e-01,1.7840005821e-01,1.8052187515e-01,1.7879978526e-01,1.7703729560e-01,1.7511483701e-01
4451,44.5100,1.8449670252e-01,1.8256477932e-01,1.8059516163e-01,1.7845482423e-01,1.8057664117e-01,1.7885455128e-01,1.7709206162e-01,1.7516960303e-01
4452,44.5200,1.8455146854e-01,1.8261954534e-01,1.8064992765e-01,1.7850959025e-01,1.8063140719e-01,1.7890931730e-01,1.7714682764e-01,1.7522436905e-01
4453,44.5300,1.8460623456e-01,1.8267431136e-01,1.8070469367e-01,1.7856435627e-01,1.8068617321e-01,1.7896408332e-01,1.7720159366e-01,1.7527913507e-01
4454,44.5400,1.8466100058e-01,1.8272907738e-01,1.8075945969e-01,1.7861912229e-01,1.8074093924e-01,1.7901884934e-01,1.7725635968e-01,1.7533390109e-01
4455,44.5500,1.8471576660e-01,1.8278384340e-01,1.8081422571e-01,1.7867388831e-01,1.8079570526e-01,1.7907361536e-01,1.7731112570e-01,1.7538866711e-01
4456,44.5600,1.8477053262e-01,1.8283860942e-01,1.8086899173e-01,1.7872865433e-01,1.8085047128e-01,1.7912838138e-01,1.7736589172e-01,1.7544343313e-01
4457,44.5700,1.8482529864e-01,1.8289337544e-01,1.8092375775e-01,1.7878342035e-01,1.8090523730e-01,1.7918314740e-01,1.7742065774e-01,1.7549819915e-01
4458,44.5800,1.8488006466e-01,1.8294814147e-01,1.8097852378e-01,1.7883818637e-01,1.8096000332e-01,1.7923791342e-01,1.7747542376e-01,1.7555296517e-01
4459,44.5900,1.8493483068e-01,1.8300290749e-01,1.8103328980e-01,1.7889295239e-01,1.8101476934e-01,1.7929267944e-01,1.7753018978e-01,1.7560773119e-01
4460,44.6000,1.8498959670e-01,1.8305767351e-01,1.8108805582e-01,1.7894771842e-01,1.8106953536e-01,1.7934744546e-01,1.7758495580e-01,1.7566249721e-01
4461,44.6100,1.8504436273e-01,1.8311243953e-01,1.8114282184e-01,1.7900248444e-01,1.8112430138e-01,1.7940221149e-01,1.7763972182e-01,1.7571726323e-01
4462,44.6200,1.8509912875e-01,1.8316720555e-01,1.8119758786e-01,1.7905725046e-01,1.8117906740e-01,1.7945697751e-01,1.7769448784e-01,1.7577202925e-01
4463,44.6300,1.8515389477e-01,1.8322197157e-01,1.8125235388e-01,1.7911201648e-01,1.8123383342e-01,1.7951174353e-01,1.7774925386e-01,1.7582679527e-01
4464,44.6400,1.8520866079e-01,1.8327673759e-01,1.8130711990e-01,1.7916678250e-01,1.8128859944e-01,1.7956650955e-01,1.7780401988e-01,1.7588156129e-01
4465,44.6500,1.8526342681e-01,1.8333150361e-01,1.8136188592e-01,1.7922154852e-01,1.8134336546e-01,1.7962127557e-01,1.7785878591e-01,1.7593632731e-01
4466,44.6600,1.8531819283e-01,1.8338626964e-01,1.8141665194e-01,1.7927631454e-01,1.8139813148e-01,1.7967604159e-01,1.7791355193e-01,1.7599109334e-01
4467,44.6700,1.8537295885e-01,1.8344103566e-01,1.8147141797e-01,1.7933108056e-01,1.8145289750e-01,1.7973080761e-01,1.7796831795e-01,1.7604585936e-01
4468,44.6800,1.8542772487e-01,1.8349580168e-01,1.8152618399e-01,1.7938584658e-01,1.8150766353e-01,1.7978557363e-01,1.7802308397e-01,1.7610062538e-01
4469,44.6900,1.8548249089e-01,1.8355056770e-01,1.8158095001e-01,1.7944061260e-01,1.8156242955e-01,1.7984033965e-01,1.7807784999e-01,1.7615539140e-01
4470,44.7000,1.8553725691e-01,1.8360533372e-01,1.8163571603e-01,1.7949537863e-01,1.8161719557e-01,1.7989510567e-01,1.7813261601e-01,1.7621015742e-01
4471,44.7100,1.8559202294e-01,1.8366009974e-01,1.8169048205e-01,1.7955014465e-01,1.8167196159e-01,1.7994987169e-01,1.7818738203e-01,1.7626492344e-01
4472,44.7200,1.8564678896e-01,1.8371486576e-01,1.8174524807e-01,1.7960491067e-01,1.8172672761e-01,1.8000463772e-01,1.7824214805e-01,1.7631968946e-01
4473,44.7300,1.8570155498e-01,1.8376963178e-01,1.8180001409e-01,1.7965967669e-01,1.8178149363e-01,1.8005940374e-01,1.7829691407e-01,1.7637445548e-01
4474,44.7400,1.8575632100e-01,1.8382439781e-01,1.8185478011e-01,1.7971444271e-01,1.8183625965e-01,1.8011416976e-01,1.7835168009e-01,1.7642922150e-01
4475,44.7500,1.8581108702e-01,1.8387916383e-01,1.8190954613e-01,1.7976920873e-01,1.8189102567e-01,1.8016893578e-01,1.7840644611e-01,1.7648398752e-01
4476,44.7600,1.8586585304e-01,1.8393392985e-01,1.8196431216e-01,1.7982397475e-01,1.8194579169e-01,1.8022370180e-01,1.7846121213e-01,1.7653875354e-01
4477,44.7700,1.8592061906e-01,1.8398869587e-01,1.8201907818e-01,1.7987874077e-01,1.8200055771e-01,1.8027846782e-01,1.7851597815e-01,1.7659351956e-01
4478,44.7800,1.8597538508e-01,1.8404346189e-01,1.8207384420e-01,1.7993350679e-01,1.8205532373e-01,1.8033323384e-01,1.7857074417e-01,1.7664828558e-01
4479,44.7900,1.8603015110e-01,1.8409822791e-01,1.8212861022e-01,1.7998827281e-01,1.8211008975e-01,1.8038799986e-01,1.7862551019e-01,1.7670305160e-01
4480,44.8000,1.8608491712e-01,1.8415299393e-01,1.8218337624e-01,1.8004303884e-01,1.8216485577e-01,1.8044276588e-01,1.7868027621e-01,1.7675781762e-01
4481,44.8100,1.8613968314e-01,1.8420775995e-01,1.8223814226e-01,1.8009780486e-01,1.8221962180e-01,1.8049753190e-01,1.7873504223e-01,1.7681258364e-01
4482,44.8200,1.8619444917e-01,1.8426252598e-01,1.8229290828e-01,1.8015257088e-01,1.8227438782e-01,1.8055229792e-01,1.7878980825e-01,1.7686734966e-01
4483,44.8300,1.8624921519e-01,1.8431729200e-01,1.8234767430e-01,1.8020733690e-01,1.8232915384e-01,1.8060706395e-01,1.7884457428e-01,1.7692211568e-01
4484,44.8400,1.8630398121e-01,1.8437205802e-01,1.8240244032e-01,1.8026210292e-01,1.8238391986e-01,1.8066182997e-01,1.7889934030e-01,1.7697688171e-01
4485,44.8500,1.8635874723e-01,1.8442682404e-01,1.8245720635e-01,1.8031686894e-01,1.8243868588e-01,1.8071659599e-01,1.7895410632e-01,1.7703164773e-01
4486,44.8600,1.8641351325e-01,1.8448159006e-01,1.8251197237e-01,1.8037163496e-01,1.8249345190e-01,1.8077136201e-01,1.7900887234e-01,1.7708641375e-01
4487,44.8700,1.8646827927e-01,1.8453635608e-01,1.8256673839e-01,1.8042640098e-01,1.8254821792e-01,1.8082612803e-01,1.7906363836e-01,1.7714117977e-01
4488,44.8800,1.8652304529e-01,1.8459112210e-01,1.8262150441e-01,1.8048116700e-01,1.8260298394e-01,1.8088089405e-01,1.7911840438e-01,1.7719594579e-01
4489,44.8900,1.8657781131e-01,1.8464588812e-01,1.8267627043e-01,1.8053593302e-01,1.8265774996e-01,1.8093566007e-01,1.7917317040e-01,1.7725071181e-01
4490,44.9000,1.8663257733e-01,1.8470065415e-01,1.8273103645e-01,1.8059069904e-01,1.8271251598e-01,1.8099042609e-01,1.7922793642e-01,1.7730547783e-01
4491,44.9100,1.8668734335e-01,1.8475542017e-01,1.8278580247e-01,1.8064546507e-01,1.8276728200e-01,1.8104519211e-01,1.7928270244e-01,1.7736024385e-01
4492,44.9200,1.8674210938e-01,1.8481018619e-01,1.8284056849e-01,1.8070023109e-01,1.8282204802e-01,1.8109995813e-01,1.7933746846e-01,1.7741500987e-01
4493,44.9300,1.8679687540e-01,1.8486495221e-01,1.8289533451e-01,1.8075499711e-01,1.8287681404e-01,1.8115472415e-01,1.7939223448e-01,1.7746977589e-01
4494,44.9400,1.8685164142e-01,1.8491971823e-01,1.8295010053e-01,1.8080976313e-01,1.8293158007e-01,1.8120949018e-01,1.7944700050e-01,1.7752454191e-01
4495,44.9500,1.8690640744e-01,1.8497448425e-01,1.8300486656e-01,1.8086452915e-01,1.8298634609e-01,1.8126425620e-01,1.7950176652e-01,1.7757930793e-01
4496,44.9600,1.8696117346e-01,1.8502925027e-01,1.8305963258e-01,1.8091929517e-01,1.8304111211e-01,1.8131902222e-01,1.7955653254e-01,1.7763407395e-01
4497,44.9700,1.8701593948e-01,1.8508401629e-01,1.8311439860e-01,1.8097406119e-01,1.8309587813e-01,1.8137378824e-01,1.7961129856e-01,1.7768883997e-01
4498,44.9800,1.8707070550e-01,1.8513878232e-01,1.8316916462e-01,1.8102882721e-01,1.8315064415e-01,1.8142855426e-01,1.7966606458e-01,1.7774360599e-01
4499,44.9900,1.8712547152e-01,1.8519354834e-01,1.8322393064e-01,1.8108359323e-01,1.8320541017e-01,1.8148332028e-01,1.7972083060e-01,1.7779837201e-01
4500,45.0000,1.8718023754e-01,1.8524831436e-01,1.8327869666e-01,1.8113835925e-01,1.8326017619e-01,1.8153808630e-01,1.7977559663e-01,1.7785313803e-01
4501,45.0100,1.8723500356e-01,1.8530308038e-01,1.8333346268e-01,1.8119312528e-01,1.8331494221e-01,1.8159285232e-01,1.7983036265e-01,1.7790790406e-01
4502,45.0200,1.8728976958e-01,1.8535784640e-01,1.8338822870e-01,1.8124789130e-01,1.8336970823e-01,1.8164761834e-01,1.7988512867e-01,1.7796267008e-01
4503,45.0300,1.8734453561e-01,1.8541261242e-01,1.8344299472e-01,1.8130265732e-01,1.8342447425e-01,1.8170238436e-01,1.7993989469e-01,1.7801743610e-01
4504,45.0400,1.8739930163e-01,1.8546737844e-01,1.8349776075e-01,1.8135742334e-01,1.8347924027e-01,1.8175715038e-01,1.7999466071e-01,1.7807220212e-01
4505,45.0500,1.8745406765e-01,1.8552214446e-01,1.8355252677e-01,1.8141218936e-01,1.8353400629e-01,1.8181191641e-01,1.8004942673e-01,1.7812696814e-01
4506,45.0600,1.8750883367e-01,1.8557691049e-01,1.8360729279e-01,1.8146695538e-01,1.8358877231e-01,1.8186668243e-01,1.8010419275e-01,1.7818173416e-01
4507,45.0700,1.8756359969e-01,1.8563167651e-01,1.8366205881e-01,1.8152172140e-01,1.8364353834e-01,1.8192144845e-01,1.8015895877e-01,1.7823650018e-01
4508,45.0800,1.8761836571e-01,1.8568644253e-01,1.8371682483e-01,1.8157648742e-01,1.8369830436e-01,1.8197621447e-01,1.8021372479e-01,1.7829126620e-01
4509,45.0900,1.8767313173e-01,1.8574120855e-01,1.8377159085e-01,1.8163125344e-01,1.8375307038e-01,1.8203098049e-01,1.8026849081e-01,1.7834603222e-01
4510,45.1000,1.8772789775e-01,1.8579597457e-01,1.8382635687e-01,1.8168601946e-01,1.8380783640e-01,1.8208574651e-01,1.8032325683e-01,1.7840079824e-01
4511,45.1100,1.8778266377e-01,1.8585074059e-01,1.8388112289e-01,1.8174078549e-01,1.8386260242e-01,1.8214051253e-01,1.8037802285e-01,1.7845556426e-01
4512,45.1200,1.8783742979e-01,1.8590550661e-01,1.8393588891e-01,1.8179555151e-01,1.8391736844e-01,1.8219527855e-01,1.8043278887e-01,1.7851033028e-01
4513,45.1300,1.8789219582e-01,1.8596027263e-01,1.8399065494e-01,1.8185031753e-01,1.8397213446e-01,1.8225004457e-01,1.8048755489e-01,1.7856509630e-01
4514,45.1400,1.8794696184e-01,1.8601503866e-01,1.8404542096e-01,1.8190508355e-01,1.8402690048e-01,1.8230481059e-01,1.8054232091e-01,1.7861986232e-01
4515,45.1500,1.8800172786e-01,1.8606980468e-01,1.8410018698e-01,1.8195984957e-01,1.8408166650e-01,1.8235957661e-01,1.8059708693e-01,1.7867462834e-01
4516,45.1600,1.8805649388e-01,1.8612457070e-01,1.8415495300e-01,1.8201461559e-01,1.8413643252e-01,1.8241434264e-01,1.8065185295e-01,1.7872939436e-01
4517,45.1700,1.8811125990e-01,1.8617933672e-01,1.8420971902e-01,1.8206938161e-01,1.8419119854e-01,1.8246910866e-01,1.8070661898e-01,1.7878416038e-01
4518,45.1800,1.8816602592e-01,1.8623410274e-01,1.8426448504e-01,1.8212414763e-01,1.8424596456e-01,1.8252387468e-01,1.8076138500e-01,1.7883892640e-01
4519,45.1900,1.8822079194e-01,1.8628886876e-01,1.8431925106e-01,1.8217891365e-01,1.8430073058e-01,1.8257864070e-01,1.8081615102e-01,1.7889369243e-01
4520,45.2000,1.8827555796e-01,1.8634363478e-01,1.8437401708e-01,1.8223367967e-01,1.8435549661e-01,1.8263340672e-01,1.8087091704e-01,1.7894845845e-01
4521,45.2100,1.8833032398e-01,1.8639840080e-01,1.8442878310e-01,1.8228844570e-01,1.8441026263e-01,1.8268817274e-01,1.8092568306e-01,1.7900322447e-01
4522,45.2200,1.8838509000e-01,1.8645316683e-01,1.8448354913e-01,1.8234321172e-01,1.8446502865e-01,1.8274293876e-01,1.8098044908e-01,1.7905799049e-01
4523,45.2300,1.8843985602e-01,1.8650793285e-01,1.8453831515e-01,1.8239797774e-01,1.8451979467e-01,1.8279770478e-01,1.8103521510e-01,1.7911275651e-01
4524,45.2400,1.8849462205e-01,1.8656269887e-01,1.8459308117e-01,1.8245274376e-01,1.8457456069e-01,1.8285247080e-01,1.8108998112e-01,1.7916752253e-01
4525,45.2500,1.8854938807e-01,1.8661746489e-01,1.8464784719e-01,1.8250750978e-01,1.8462932671e-01,1.8290723682e-01,1.8114474714e-01,1.7922228855e-01
4526,45.2600,1.8860415409e-01,1.8667223091e-01,1.8470261321e-01,1.8256227580e-01,1.8468409273e-01,1.8296200284e-01,1.8119951316e-01,1.7927705457e-01
4527,45.2700,1.8865892011e-01,1.8672699693e-01,1.8475737923e-01,1.8261704182e-01,1.8473885875e-01,1.8301676886e-01,1.8125427918e-01,1.7933182059e-01
4528,45.2800,1.8871368613e-01,1.8678176295e-01,1.8481214525e-01,1.8267180784e-01,1.8479362477e-01,1.8307153489e-01,1.8130904520e-01,1.7938658661e-01
4529,45.2900,1.8876845215e-01,1.8683652897e-01,1.8486691127e-01,1.8272657386e-01,1.8484839079e-01,1.8312630091e-01,1.8136381122e-01,1.7944135263e-01
4530,45.3000,1.8882321817e-01,1.8689129500e-01,1.8492167729e-01,1.8278133988e-01,1.8490315681e-01,1.8318106693e-01,1.8141857724e-01,1.7949611865e-01
4531,45.3100,1.8887798419e-01,1.8694606102e-01,1.8497644331e-01,1.8283610590e-01,1.8495792283e-01,1.8323583295e-01,1.8147334326e-01,1.7955088467e-01
4532,45.3200,1.8893275021e-01,1.8700082704e-01,1.8503120934e-01,1.8289087193e-01,1.8501268885e-01,1.8329059897e-01,1.8152810928e-01,1.7960565069e-01
4533,45.3300,1.8898751623e-01,1.8705559306e-01,1.8508597536e-01,1.8294563795e-01,1.8506745487e-01,1.8334536499e-01,1.8158287530e-01,1.7966041671e-01
4534,45.3400,1.8904228226e-01,1.8711035908e-01,1.8514074138e-01,1.8300040397e-01,1.8512222090e-01,1.8340013101e-01,1.8163764133e-01,1.7971518273e-01
4535,45.3500,1.8909704828e-01,1.8716512510e-01,1.8519550740e-01,1.8305516999e-01,1.8517698692e-01,1.8345489703e-01,1.8169240735e-01,1.7976994875e-01
4536,45.3600,1.8915181430e-01,1.8721989112e-01,1.8525027342e-01,1.8310993601e-01,1.8523175294e-01,1.8350966305e-01,1.8174717337e-01,1.7982471477e-01
4537,45.3700,1.8920658032e-01,1.8727465714e-01,1.8530503944e-01,1.8316470203e-01,1.8528651896e-01,1.8356442907e-01,1.8180193939e-01,1.7987948080e-01
4538,45.3800,1.8926134634e-01,1.8732942317e-01,1.8535980546e-01,1.8321946805e-01,1.8534128498e-01,1.8361919509e-01,1.8185670541e-01,1.7993424682e-01
4539,45.3900,1.8931611236e-01,1.8738418919e-01,1.8541457148e-01,1.8327423407e-01,1.8539605100e-01,1.8367396112e-01,1.8191147143e-01,1.7998901284e-01
4540,45.4000,1.8937087838e-01,1.8743895521e-01,1.8546933750e-01,1.8332900009e-01,1.8545081702e-01,1.8372872714e-01,1.8196623745e-01,1.8004377886e-01
4541,45.4100,1.8942564440e-01,1.8749372123e-01,1.8552410353e-01,1.8338376611e-01,1.8550558304e-01,1.8378349316e-01,1.8202100347e-01,1.8009854488e-01
4542,45.4200,1.8948041042e-01,1.8754848725e-01,1.8557886955e-01,1.8343853214e-01,1.8556034906e-01,1.8383825918e-01,1.8207576949e-01,1.8015331090e-01
4543,45.4300,1.8953517644e-01,1.8760325327e-01,1.8563363557e-01,1.8349329816e-01,1.8561511508e-01,1.8389302520e-01,1.8213053551e-01,1.8020807692e-01
4544,45.4400,1.8958994246e-01,1.8765801929e-01,1.8568840159e-01,1.8354806418e-01,1.8566988110e-01,1.8394779122e-01,1.8218530153e-01,1.8026284294e-01
4545,45.4500,1.8964470849e-01,1.8771278531e-01,1.8574316761e-01,1.8360283020e-01,1.8572464712e-01,1.8400255724e-01,1.8224006755e-01,1.8031760896e-01
4546,45.4600,1.8969947451e-01,1.8776755134e-01,1.8579793363e-01,1.8365759622e-01,1.8577941314e-01,1.8405732326e-01,1.8229483357e-01,1.8037237498e-01
4547,45.4700,1.8975424053e-01,1.8782231736e-01,1.8585269965e-01,1.8371236224e-01,1.8583417917e-01,1.8411208928e-01,1.8234959959e-01,1.8042714100e-01
4548,45.4800,1.8980900655e-01,1.8787708338e-01,1.8590746567e-01,1.8376712826e-01,1.8588894519e-01,1.8416685530e-01,1.8240436561e-01,1.8048190702e-01
4549,45.4900,1.8986377257e-01,1.8793184940e-01,1.8596223169e-01,1.8382189428e-01,1.8594371121e-01,1.8422162132e-01,1.8245913163e-01,1.8053667304e-01
4550,45.5000,1.8991853859e-01,1.8798661542e-01,1.8601699772e-01,1.8387666030e-01,1.8599847723e-01,1.8427638735e-01,1.8251389765e-01,1.8059143906e-01
4551,45.5100,1.8997330461e-01,1.8804138144e-01,1.8607176374e-01,1.8393142632e-01,1.8605324325e-01,1.8433115337e-01,1.8256866367e-01,1.8064620508e-01
4552,45.5200,1.9002807063e-01,1.8809614746e-01,1.8612652976e-01,1.8398619235e-01,1.8610800927e-01,1.8438591939e-01,1.8262342970e-01,1.8070097110e-01
4553,45.5300,1.9008283665e-01,1.8815091348e-01,1.8618129578e-01,1.8404095837e-01,1.8616277529e-01,1.8444068541e-01,1.8267819572e-01,1.8075573712e-01
4554,45.5400,1.9013760267e-01,1.8820567951e-01,1.8623606180e-01,1.8409572439e-01,1.8621754131e-01,1.8449545143e-01,1.8273296174e-01,1.8081050315e-01
4555,45.5500,1.9019236870e-01,1.8826044553e-01,1.8629082782e-01,1.8415049041e-01,1.8627230733e-01,1.8455021745e-01,1.8278772776e-01,1.8086526917e-01
4556,45.5600,1.9024713472e-01,1.8831521155e-01,1.8634559384e-01,1.8420525643e-01,1.8632707335e-01,1.8460498347e-01,1.8284249378e-01,1.8092003519e-01
4557,45.5700,1.9030190074e-01,1.8836997757e-01,1.8640035986e-01,1.8426002245e-01,1.8638183937e-01,1.8465974949e-01,1.8289725980e-01,1.8097480121e-01
4558,45.5800,1.9035666676e-01,1.8842474359e-01,1.8645512588e-01,1.8431478847e-01,1.8643660539e-01,1.8471451551e-01,1.8295202582e-01,1.8102956723e-01
4559,45.5900,1.9041143278e-01,1.8847950961e-01,1.8650989190e-01,1.8436955449e-01,1.8649137141e-01,1.8476928153e-01,1.8300679184e-01,1.8108433325e-01
4560,45.6000,1.9046619880e-01,1.8853427563e-01,1.8656465793e-01,1.8442432051e-01,1.8654613744e-01,1.8482404755e-01,1.8306155786e-01,1.8113909927e-01
4561,45.6100,1.9052096482e-01,1.8858904165e-01,1.8661942395e-01,1.8447908653e-01,1.8660090346e-01,1.8487881358e-01,1.8311632388e-01,1.8119386529e-01
4562,45.6200,1.9057573084e-01,1.8864380768e-01,1.8667418997e-01,1.8453385256e-01,1.8665566948e-01,1.8493357960e-01,1.8317108990e-01,1.8124863131e-01
4563,45.6300,1.9063049686e-01,1.8869857370e-01,1.8672895599e-01,1.8458861858e-01,1.8671043550e-01,1.8498834562e-01,1.8322585592e-01,1.8130339733e-01
4564,45.6400,1.9068526288e-01,1.8875333972e-01,1.8678372201e-01,1.8464338460e-01,1.8676520152e-01,1.8504311164e-01,1.8328062194e-01,1.8135816335e-01
4565,45.6500,1.9074002890e-01,1.8880810574e-01,1.8683848803e-01,1.8469815062e-01,1.8681996754e-01,1.8509787766e-01,1.8333538796e-01,1.8141292937e-01
4566,45.6600,1.9079479493e-01,1.8886287176e-01,1.8689325405e-01,1.8475291664e-01,1.8687473356e-01,1.8515264368e-01,1.8339015398e-01,1.8146769539e-01
4567,45.6700,1.9084956095e-01,1.8891763778e-01,1.8694802007e-01,1.8480768266e-01,1.8692949958e-01,1.8520740970e-01,1.8344492000e-01,1.8152246141e-01
4568,45.6800,1.9090432697e-01,1.8897240380e-01,1.8700278609e-01,1.8486244868e-01,1.8698426560e-01,1.8526217572e-01,1.8349968602e-01,1.8157722743e-01
4569,45.6900,1.9095909299e-01,1.8902716982e-01,1.8705755212e-01,1.8491721470e-01,1.8703903162e-01,1.8531694174e-01,1.8355445205e-01,1.8163199345e-01
4570,45.7000,1.9101385901e-01,1.8908193585e-01,1.8711231814e-01,1.8497198072e-01,1.8709379764e-01,1.8537170776e-01,1.8360921807e-01,1.8168675947e-01
4571,45.7100,1.9106862503e-01,1.8913670187e-01,1.8716708416e-01,1.8502674674e-01,1.8714856366e-01,1.8542647378e-01,1.8366398409e-01,1.8174152549e-01
4572,45.7200,1.9112339105e-01,1.8919146789e-01,1.8722185018e-01,1.8508151276e-01,1.8720332968e-01,1.8548123981e-01,1.8371875011e-01,1.8179629152e-01
4573,45.7300,1.9117815707e-01,1.8924623391e-01,1.8727661620e-01,1.8513627879e-01,1.8725809571e-01,1.8553600583e-01,1.8377351613e-01,1.8185105754e-01
4574,45.7400,1.9123292309e-01,1.8930099993e-01,1.8733138222e-01,1.8519104481e-01,1.8731286173e-01,1.8559077185e-01,1.8382828215e-01,1.8190582356e-01
4575,45.7500,1.9128768911e-01,1.8935576595e-01,1.8738614824e-01,1.8524581083e-01,1.8736762775e-01,1.8564553787e-01,1.8388304817e-01,1.8196058958e-01
4576,45.7600,1.9134245514e-01,1.8941053197e-01,1.8744091426e-01,1.8530057685e-01,1.8742239377e-01,1.8570030389e-01,1.8393781419e-01,1.8201535560e-01
4577,45.7700,1.9139722116e-01,1.8946529799e-01,1.8749568028e-01,1.8535534287e-01,1.8747715979e-01,1.8575506991e-01,1.8399258021e-01,1.8207012162e-01
4578,45.7800,1.9145198718e-01,1.8952006402e-01,1.8755044631e-01,1.8541010889e-01,1.8753192581e-01,1.8580983593e-01,1.8404734623e-01,1.8212488764e-01
4579,45.7900,1.9150675320e-01,1.8957483004e-01,1.8760521233e-01,1.8546487491e-01,1.8758669183e-01,1.8586460195e-01,1.8410211225e-01,1.8217965366e-01
4580,45.8000,1.9156151922e-01,1.8962959606e-01,1.8765997835e-01,1.8551964093e-01,1.8764145785e-01,1.8591936797e-01,1.8415687827e-01,1.8223441968e-01
4581,45.8100,1.9161628524e-01,1.8968436208e-01,1.8771474437e-01,1.8557440695e-01,1.8769622387e-01,1.8597413399e-01,1.8421164429e-01,1.8228918570e-01
4582,45.8200,1.9167105126e-01,1.8973912810e-01,1.8776951039e-01,1.8562917297e-01,1.8775098989e-01,1.8602890001e-01,1.8426641031e-01,1.8234395172e-01
4583,45.8300,1.9172581728e-01,1.8979389412e-01,1.8782427641e-01,1.8568393900e-01,1.8780575591e-01,1.8608366604e-01,1.8432117633e-01,1.8239871774e-01
4584,45.8400,1.9178058330e-01,1.8984866014e-01,1.8787904243e-01,1.8573870502e-01,1.8786052193e-01,1.8613843206e-01,1.8437594235e-01,1.8245348376e-01
4585,45.8500,1.9183534932e-01,1.8990342616e-01,1.8793380845e-01,1.8579347104e-01,1.8791528795e-01,1.8619319808e-01,1.8443070837e-01,1.8250824978e-01
4586,45.8600,1.9189011534e-01,1.8995819219e-01,1.8798857447e-01,1.8584823706e-01,1.8797005398e-01,1.8624796410e-01,1.8448547439e-01,1.8256301580e-01
4587,45.8700,1.9194488137e-01,1.9001295821e-01,1.8804334049e-01,1.8590300308e-01,1.8802482000e-01,1.8630273012e-01,1.8454024042e-01,1.8261778182e-01
4588,45.8800,1.9199964739e-01,1.9006772423e-01,1.8809810652e-01,1.8595776910e-01,1.8807958602e-01,1.8635749614e-01,1.8459500644e-01,1.8267254784e-01
4589,45.8900,1.9205441341e-01,1.9012249025e-01,1.8815287254e-01,1.8601253512e-01,1.8813435204e-01,1.8641226216e-01,1.8464977246e-01,1.8272731386e-01
4590,45.9000,1.9210917943e-01,1.9017725627e-01,1.8820763856e-01,1.8606730114e-01,1.8818911806e-01,1.8646702818e-01,1.8470453848e-01,1.8278207989e-01
4591,45.9100,1.9216394545e-01,1.9023202229e-01,1.8826240458e-01,1.8612206716e-01,1.8824388408e-01,1.8652179420e-01,1.8475930450e-01,1.8283684591e-01
4592,45.9200,1.9221871147e-01,1.9028678831e-01,1.8831717060e-01,1.8617683318e-01,1.8829865010e-01,1.8657656022e-01,1.8481407052e-01,1.8289161193e-01
4593,45.9300,1.9227347749e-01,1.9034155433e-01,1.8837193662e-01,1.8623159921e-01,1.8835341612e-01,1.8663132624e-01,1.8486883654e-01,1.8294637795e-01
4594,45.9400,1.9232824351e-01,1.9039632036e-01,1.8842670264e-01,1.8628636523e-01,1.8840818214e-01,1.8668609227e-01,1.8492360256e-01,1.8300114397e-01
4595,45.9500,1.9238300953e-01,1.9045108638e-01,1.8848146866e-01,1.8634113125e-01,1.8846294816e-01,1.8674085829e-01,1.8497836858e-01,1.8305590999e-01
4596,45.9600,1.9243777555e-01,1.9050585240e-01,1.8853623468e-01,1.8639589727e-01,1.8851771418e-01,1.8679562431e-01,1.8503313460e-01,1.8311067601e-01
4597,45.9700,1.9249254158e-01,1.9056061842e-01,1.8859100071e-01,1.8645066329e-01,1.8857248020e-01,1.8685039033e-01,1.8508790062e-01,1.8316544203e-01
4598,45.9800,1.9254730760e-01,1.9061538444e-01,1.8864576673e-01,1.8650542931e-01,1.8862724622e-01,1.8690515635e-01,1.8514266664e-01,1.8322020805e-01
4599,45.9900,1.9260207362e-01,1.9067015046e-01,1.8870053275e-01,1.8656019533e-01,1.8868201225e-01,1.8695992237e-01,1.8519743266e-01,1.8327497407e-01
4600,46.0000,1.9265683964e-01,1.9072491648e-01,1.8875529877e-01,1.8661496135e-01,1.8873677827e-01,1.8701468839e-01,1.8525219868e-01,1.8332974009e-01
4601,46.0100,1.9271160566e-01,1.9077968250e-01,1.8881006479e-01,1.8666972737e-01,1.8879154429e-01,1.8706945441e-01,1.8530696470e-01,1.8338450611e-01
4602,46.0200,1.9276637168e-01,1.9083444853e-01,1.8886483081e-01,1.8672449339e-01,1.8884631031e-01,1.8712422043e-01,1.8536173072e-01,1.8343927213e-01
4603,46.0300,1.9282113770e-01,1.9088921455e-01,1.8891959683e-01,1.8677925941e-01,1.8890107633e-01,1.8717898645e-01,1.8541649674e-01,1.8349403815e-01
4604,46.0400,1.9287590372e-01,1.9094398057e-01,1.8897436285e-01,1.8683402544e-01,1.8895584235e-01,1.8723375247e-01,1.8547126277e-01,1.8354880417e-01
4605,46.0500,1.9293066974e-01,1.9099874659e-01,1.8902912887e-01,1.8688879146e-01,1.8901060837e-01,1.8728851850e-01,1.8552602879e-01,1.8360357019e-01
4606,46.0600,1.9298543576e-01,1.9105351261e-01,1.8908389490e-01,1.8694355748e-01,1.8906537439e-01,1.8734328452e-01,1.8558079481e-01,1.8365833621e-01
4607,46.0700,1.9304020178e-01,1.9110827863e-01,1.8913866092e-01,1.8699832350e-01,1.8912014041e-01,1.8739805054e-01,1.8563556083e-01,1.8371310224e-01
4608,46.0800,1.9309496781e-01,1.9116304465e-01,1.8919342694e-01,1.8705308952e-01,1.8917490643e-01,1.8745281656e-01,1.8569032685e-01,1.8376786826e-01
4609,46.0900,1.9314973383e-01,1.9121781067e-01,1.8924819296e-01,1.8710785554e-01,1.8922967245e-01,1.8750758258e-01,1.8574509287e-01,1.8382263428e-01
4610,46.1000,1.9320449985e-01,1.9127257670e-01,1.8930295898e-01,1.8716262156e-01,1.8928443847e-01,1.8756234860e-01,1.8579985889e-01,1.8387740030e-01
4611,46.1100,1.9325926587e-01,1.9132734272e-01,1.8935772500e-01,1.8721738758e-01,1.8933920449e-01,1.8761711462e-01,1.8585462491e-01,1.8393216632e-01
4612,46.1200,1.9331403189e-01,1.9138210874e-01,1.8941249102e-01,1.8727215360e-01,1.8939397051e-01,1.8767188064e-01,1.8590939093e-01,1.8398693234e-01
4613,46.1300,1.9336879791e-01,1.9143687476e-01,1.8946725704e-01,1.8732691962e-01,1.8944873654e-01,1.8772664666e-01,1.8596415695e-01,1.8404169836e-01
4614,46.1400,1.9342356393e-01,1.9149164078e-01,1.8952202306e-01,1.8738168565e-01,1.8950350256e-01,1.8778141268e-01,1.8601892297e-01,1.8409646438e-01
4615,46.1500,1.9347832995e-01,1.9154640680e-01,1.8957678908e-01,1.8743645167e-01,1.8955826858e-01,1.8783617870e-01,1.8607368899e-01,1.8415123040e-01
4616,46.1600,1.9353309597e-01,1.9160117282e-01,1.8963155511e-01,1.8749121769e-01,1.8961303460e-01,1.8789094473e-01,1.8612845501e-01,1.8420599642e-01
4617,46.1700,1.9358786199e-01,1.9165593884e-01,1.8968632113e-01,1.8754598371e-01,1.8966780062e-01,1.8794571075e-01,1.8618322103e-01,1.8426076244e-01
4618,46.1800,1.9364262802e-01,1.9171070487e-01,1.8974108715e-01,1.8760074973e-01,1.8972256664e-01,1.8800047677e-01,1.8623798705e-01,1.8431552846e-01
4619,46.1900,1.9369739404e-01,1.9176547089e-01,1.8979585317e-01,1.8765551575e-01,1.8977733266e-01,1.8805524279e-01,1.8629275307e-01,1.8437029448e-01
4620,46.2000,1.9375216006e-01,1.9182023691e-01,1.8985061919e-01,1.8771028177e-01,1.8983209868e-01,1.8811000881e-01,1.8634751909e-01,1.8442506050e-01
4621,46.2100,1.9380692608e-01,1.9187500293e-01,1.8990538521e-01,1.8776504779e-01,1.8988686470e-01,1.8816477483e-01,1.8640228511e-01,1.8447982652e-01
4622,46.2200,1.9386169210e-01,1.9192976895e-01,1.8996015123e-01,1.8781981381e-01,1.8994163072e-01,1.8821954085e-01,1.8645705114e-01,1.8453459254e-01
4623,46.2300,1.9391645812e-01,1.9198453497e-01,1.9001491725e-01,1.8787457983e-01,1.8999639674e-01,1.8827430687e-01,1.8651181716e-01,1.8458935856e-01
4624,46.2400,1.9397122414e-01,1.9203930099e-01,1.9006968327e-01,1.8792934586e-01,1.9005116276e-01,1.8832907289e-01,1.8656658318e-01,1.8464412458e-01
4625,46.2500,1.9402599016e-01,1.9209406701e-01,1.9012444930e-01,1.8798411188e-01,1.9010592878e-01,1.8838383891e-01,1.8662134920e-01,1.8469889061e-01
4626,46.2600,1.9408075618e-01,1.9214883304e-01,1.9017921532e-01,1.8803887790e-01,1.9016069481e-01,1.8843860493e-01,1.8667611522e-01,1.8475365663e-01
4627,46.2700,1.9413552220e-01,1.9220359906e-01,1.9023398134e-01,1.8809364392e-01,1.9021546083e-01,1.8849337095e-01,1.8673088124e-01,1.8480842265e-01
4628,46.2800,1.9419028822e-01,1.9225836508e-01,1.9028874736e-01,1.8814840994e-01,1.9027022685e-01,1.8854813698e-01,1.8678564726e-01,1.8486318867e-01
4629,46.2900,1.9424505425e-01,1.9231313110e-01,1.9034351338e-01,1.8820317596e-01,1.9032499287e-01,1.8860290300e-01,1.8684041328e-01,1.8491795469e-01
4630,46.3000,1.9429982027e-01,1.9236789712e-01,1.9039827940e-01,1.8825794198e-01,1.9037975889e-01,1.8865766902e-01,1.8689517930e-01,1.8497272071e-01
4631,46.3100,1.9435458629e-01,1.9242266314e-01,1.9045304542e-01,1.8831270800e-01,1.9043452491e-01,1.8871243504e-01,1.8694994532e-01,1.8502748673e-01
4632,46.3200,1.9440935231e-01,1.9247742916e-01,1.9050781144e-01,1.8836747402e-01,1.9048929093e-01,1.8876720106e-01,1.8700471134e-01,1.8508225275e-01
4633,46.3300,1.9446411833e-01,1.9253219518e-01,1.9056257746e-01,1.8842224004e-01,1.9054405695e-01,1.8882196708e-01,1.8705947736e-01,1.8513701877e-01
4634,46.3400,1.9451888435e-01,1.9258696121e-01,1.9061734349e-01,1.8847700606e-01,1.9059882297e-01,1.8887673310e-01,1.8711424338e-01,1.8519178479e-01
4635,46.3500,1.9457365037e-01,1.9264172723e-01,1.9067210951e-01,1.8853177209e-01,1.9065358899e-01,1.8893149912e-01,1.8716900940e-01,1.8524655081e-01
4636,46.3600,1.9462841639e-01,1.9269649325e-01,1.9072687553e-01,1.8858653811e-01,1.9070835501e-01,1.8898626514e-01,1.8722377542e-01,1.8530131683e-01
4637,46.3700,1.9468318241e-01,1.9275125927e-01,1.9078164155e-01,1.8864130413e-01,1.9076312103e-01,1.8904103116e-01,1.8727854144e-01,1.8535608285e-01
4638,46.3800,1.9473794843e-01,1.9280602529e-01,1.9083640757e-01,1.8869607015e-01,1.9081788705e-01,1.8909579718e-01,1.8733330746e-01,1.8541084887e-01
4639,46.3900,1.9479271446e-01,1.9286079131e-01,1.9089117359e-01,1.8875083617e-01,1.9087265308e-01,1.8915056321e-01,1.8738807349e-01,1.8546561489e-01
4640,46.4000,1.9484748048e-01,1.9291555733e-01,1.9094593961e-01,1.8880560219e-01,1.9092741910e-01,1.8920532923e-01,1.8744283951e-01,1.8552038091e-01
4641,46.4100,1.9490224650e-01,1.9297032335e-01,1.9100070563e-01,1.8886036821e-01,1.9098218512e-01,1.8926009525e-01,1.8749760553e-01,1.8557514693e-01
4642,46.4200,1.9495701252e-01,1.9302508938e-01,1.9105547165e-01,1.8891513423e-01,1.9103695114e-01,1.8931486127e-01,1.8755237155e-01,1.8562991296e-01
4643,46.4300,1.9501177854e-01,1.9307985540e-01,1.9111023767e-01,1.8896990025e-01,1.9109171716e-01,1.8936962729e-01,1.8760713757e-01,1.8568467898e-01
4644,46.4400,1.9506654456e-01,1.9313462142e-01,1.9116500370e-01,1.8902466627e-01,1.9114648318e-01,1.8942439331e-01,1.8766190359e-01,1.8573944500e-01
4645,46.4500,1.9512131058e-01,1.9318938744e-01,1.9121976972e-01,1.8907943230e-01,1.9120124920e-01,1.8947915933e-01,1.8771666961e-01,1.8579421102e-01
4646,46.4600,1.9517607660e-01,1.9324415346e-01,1.9127453574e-01,1.8913419832e-01,1.9125601522e-01,1.8953392535e-01,1.8777143563e-01,1.8584897704e-01
4647,46.4700,1.9523084262e-01,1.9329891948e-01,1.9132930176e-01,1.8918896434e-01,1.9131078124e-01,1.8958869137e-01,1.8782620165e-01,1.8590374306e-01
4648,46.4800,1.9528560864e-01,1.9335368550e-01,1.9138406778e-01,1.8924373036e-01,1.9136554726e-01,1.8964345739e-01,1.8788096767e-01,1.8595850908e-01
4649,46.4900,1.9534037466e-01,1.9340845152e-01,1.9143883380e-01,1.8929849638e-01,1.9142031328e-01,1.8969822341e-01,1.8793573369e-01,1.8601327510e-01
4650,46.5000,1.9539514069e-01,1.9346321755e-01,1.9149359982e-01,1.8935326240e-01,1.9147507930e-01,1.8975298944e-01,1.8799049971e-01,1.8606804112e-01
4651,46.5100,1.9544990671e-01,1.9351798357e-01,1.9154836584e-01,1.8940802842e-01,1.9152984532e-01,1.8980775546e-01,1.8804526573e-01,1.8612280714e-01
4652,46.5200,1.9550467273e-01,1.9357274959e-01,1.9160313186e-01,1.8946279444e-01,1.9158461135e-01,1.8986252148e-01,1.8810003175e-01,1.8617757316e-01
4653,46.5300,1.9555943875e-01,1.9362751561e-01,1.9165789789e-01,1.8951756046e-01,1.9163937737e-01,1.8991728750e-01,1.8815479777e-01,1.8623233918e-01
4654,46.5400,1.9561420477e-01,1.9368228163e-01,1.9171266391e-01,1.8957232648e-01,1.9169414339e-01,1.8997205352e-01,1.8820956379e-01,1.8628710520e-01
4655,46.5500,1.9566897079e-01,1.9373704765e-01,1.9176742993e-01,1.8962709251e-01,1.9174890941e-01,1.9002681954e-01,1.8826432981e-01,1.8634187122e-01
4656,46.5600,1.9572373681e-01,1.9379181367e-01,1.9182219595e-01,1.8968185853e-01,1.9180367543e-01,1.9008158556e-01,1.8831909583e-01,1.8639663724e-01
4657,46.5700,1.9577850283e-01,1.9384657969e-01,1.9187696197e-01,1.8973662455e-01,1.9185844145e-01,1.9013635158e-01,1.8837386186e-01,1.8645140326e-01
4658,46.5800,1.9583326885e-01,1.9390134572e-01,1.9193172799e-01,1.8979139057e-01,1.9191320747e-01,1.9019111760e-01,1.8842862788e-01,1.8650616928e-01
4659,46.5900,1.9588803487e-01,1.9395611174e-01,1.9198649401e-01,1.8984615659e-01,1.9196797349e-01,1.9024588362e-01,1.8848339390e-01,1.8656093530e-01
4660,46.6000,1.9594280090e-01,1.9401087776e-01,1.9204126003e-01,1.8990092261e-01,1.9202273951e-01,1.9030064964e-01,1.8853815992e-01,1.8661570133e-01
4661,46.6100,1.9599756692e-01,1.9406564378e-01,1.9209602605e-01,1.8995568863e-01,1.9207750553e-01,1.9035541567e-01,1.8859292594e-01,1.8667046735e-01
4662,46.6200,1.9605233294e-01,1.9412040980e-01,1.9215079207e-01,1.9001045465e-01,1.9213227155e-01,1.9041018169e-01,1.8864769196e-01,1.8672523337e-01
4663,46.6300,1.9610709896e-01,1.9417517582e-01,1.9220555810e-01,1.9006522067e-01,1.9218703757e-01,1.9046494771e-01,1.8870245798e-01,1.8677999939e-01
4664,46.6400,1.9616186498e-01,1.9422994184e-01,1.9226032412e-01,1.9011998669e-01,1.9224180359e-01,1.9051971373e-01,1.8875722400e-01,1.8683476541e-01
4665,46.6500,1.9621663100e-01,1.9428470786e-01,1.9231509014e-01,1.9017475271e-01,1.9229656962e-01,1.9057447975e-01,1.8881199002e-01,1.8688953143e-01
4666,46.6600,1.9627139702e-01,1.9433947389e-01,1.9236985616e-01,1.9022951874e-01,1.9235133564e-01,1.9062924577e-01,1.8886675604e-01,1.8694429745e-01
4667,46.6700,1.9632616304e-01,1.9439423991e-01,1.9242462218e-01,1.9028428476e-01,1.9240610166e-01,1.9068401179e-01,1.8892152206e-01,1.8699906347e-01
4668,46.6800,1.9638092906e-01,1.9444900593e-01,1.9247938820e-01,1.9033905078e-01,1.9246086768e-01,1.9073877781e-01,1.8897628808e-01,1.8705382949e-01
4669,46.6900,1.9643569508e-01,1.9450377195e-01,1.9253415422e-01,1.9039381680e-01,1.9251563370e-01,1.9079354383e-01,1.8903105410e-01,1.8710859551e-01
4670,46.7000,1.9649046110e-01,1.9455853797e-01,1.9258892024e-01,1.9044858282e-01,1.9257039972e-01,1.9084830985e-01,1.8908582012e-01,1.8716336153e-01
4671,46.7100,1.9654522713e-01,1.9461330399e-01,1.9264368626e-01,1.9050334884e-01,1.9262516574e-01,1.9090307587e-01,1.8914058614e-01,1.8721812755e-01
4672,46.7200,1.9659999315e-01,1.9466807001e-01,1.9269845229e-01,1.9055811486e-01,1.9267993176e-01,1.9095784190e-01,1.8919535216e-01,1.8727289357e-01
4673,46.7300,1.9665475917e-01,1.9472283603e-01,1.9275321831e-01,1.9061288088e-01,1.9273469778e-01,1.9101260792e-01,1.8925011818e-01,1.8732765959e-01
4674,46.7400,1.9670952519e-01,1.9477760206e-01,1.9280798433e-01,1.9066764690e-01,1.9278946380e-01,1.9106737394e-01,1.8930488421e-01,1.8738242561e-01
4675,46.7500,1.9676429121e-01,1.9483236808e-01,1.9286275035e-01,1.9072241292e-01,1.9284422982e-01,1.9112213996e-01,1.8935965023e-01,1.8743719163e-01
4676,46.7600,1.9681905723e-01,1.9488713410e-01,1.9291751637e-01,1.9077717895e-01,1.9289899584e-01,1.9117690598e-01,1.8941441625e-01,1.8749195765e-01
4677,46.7700,1.9687382325e-01,1.9494190012e-01,1.9297228239e-01,1.9083194497e-01,1.9295376186e-01,1.9123167200e-01,1.8946918227e-01,1.8754672367e-01
4678,46.7800,1.9692858927e-01,1.9499666614e-01,1.9302704841e-01,1.9088671099e-01,1.9300852789e-01,1.9128643802e-01,1.8952394829e-01,1.8760148970e-01
4679,46.7900,1.9698335529e-01,1.9505143216e-01,1.9308181443e-01,1.9094147701e-01,1.9306329391e-01,1.9134120404e-01,1.8957871431e-01,1.8765625572e-01
4680,46.8000,1.9703812131e-01,1.9510619818e-01,1.9313658045e-01,1.9099624303e-01,1.9311805993e-01,1.9139597006e-01,1.8963348033e-01,1.8771102174e-01
4681,46.8100,1.9709288734e-01,1.9516096420e-01,1.9319134648e-01,1.9105100905e-01,1.9317282595e-01,1.9145073608e-01,1.8968824635e-01,1.8776578776e-01
4682,46.8200,1.9714765336e-01,1.9521573023e-01,1.9324611250e-01,1.9110577507e-01,1.9322759197e-01,1.9150550210e-01,1.8974301237e-01,1.8782055378e-01
4683,46.8300,1.9720241938e-01,1.9527049625e-01,1.9330087852e-01,1.9116054109e-01,1.9328235799e-01,1.9156026812e-01,1.8979777839e-01,1.8787531980e-01
4684,46.8400,1.9725718540e-01,1.9532526227e-01,1.9335564454e-01,1.9121530711e-01,1.9333712401e-01,1.9161503415e-01,1.8985254441e-01,1.8793008582e-01
4685,46.8500,1.9731195142e-01,1.9538002829e-01,1.9341041056e-01,1.9127007313e-01,1.9339189003e-01,1.9166980017e-01,1.8990731043e-01,1.8798485184e-01
4686,46.8600,1.9736671744e-01,1.9543479431e-01,1.9346517658e-01,1.9132483916e-01,1.9344665605e-01,1.9172456619e-01,1.8996207645e-01,1.8803961786e-01
4687,46.8700,1.9742148346e-01,1.9548956033e-01,1.9351994260e-01,1.9137960518e-01,1.9350142207e-01,1.9177933221e-01,1.9001684247e-01,1.8809438388e-01
4688,46.8800,1.9747624948e-01,1.9554432635e-01,1.9357470862e-01,1.9143437120e-01,1.9355618809e-01,1.9183409823e-01,1.9007160849e-01,1.8814914990e-01
4689,46.8900,1.9753101550e-01,1.9559909237e-01,1.9362947464e-01,1.9148913722e-01,1.9361095411e-01,1.9188886425e-01,1.9012637451e-01,1.8820391592e-01
4690,46.9000,1.9758578152e-01,1.9565385840e-01,1.9368424066e-01,1.9154390324e-01,1.9366572013e-01,1.9194363027e-01,1.9018114053e-01,1.8825868194e-01
4691,46.9100,1.9764054754e-01,1.9570862442e-01,1.9373900669e-01,1.9159866926e-01,1.9372048616e-01,1.9199839629e-01,1.9023590655e-01,1.8831344796e-01
4692,46.9200,1.9769531357e-01,1.9576339044e-01,1.9379377271e-01,1.9165343528e-01,1.9377525218e-01,1.9205316231e-01,1.9029067258e-01,1.8836821398e-01
4693,46.9300,1.9775007959e-01,1.9581815646e-01,1.9384853873e-01,1.9170820130e-01,1.9383001820e-01,1.9210792833e-01,1.9034543860e-01,1.8842298000e-01
4694,46.9400,1.9780484561e-01,1.9587292248e-01,1.9390330475e-01,1.9176296732e-01,1.9388478422e-01,1.9216269435e-01,1.9040020462e-01,1.8847774602e-01
4695,46.9500,1.9785961163e-01,1.9592768850e-01,1.9395807077e-01,1.9181773334e-01,1.9393955024e-01,1.9221746038e-01,1.9045497064e-01,1.8853251205e-01
4696,46.9600,1.9791437765e-01,1.9598245452e-01,1.9401283679e-01,1.9187249936e-01,1.9399431626e-01,1.9227222640e-01,1.9050973666e-01,1.8858727807e-01
4697,46.9700,1.9796914367e-01,1.9603722054e-01,1.9406760281e-01,1.9192726539e-01,1.9404908228e-01,1.9232699242e-01,1.9056450268e-01,1.8864204409e-01
4698,46.9800,1.9802390969e-01,1.9609198657e-01,1.9412236883e-01,1.9198203141e-01,1.9410384830e-01,1.9238175844e-01,1.9061926870e-01,1.8869681011e-01
4699,46.9900,1.9807867571e-01,1.9614675259e-01,1.9417713485e-01,1.9203679743e-01,1.9415861432e-01,1.9243652446e-01,1.9067403472e-01,1.8875157613e-01
4700,47.0000,1.9813344173e-01,1.9620151861e-01,1.9423190088e-01,1.9209156345e-01,1.9421338034e-01,1.9249129048e-01,1.9072880074e-01,1.8880634215e-01
4701,47.0100,1.9818820775e-01,1.9625628463e-01,1.9428666690e-01,1.9214632947e-01,1.9426814636e-01,1.9254605650e-01,1.9078356676e-01,1.8886110817e-01
4702,47.0200,1.9824297378e-01,1.9631105065e-01,1.9434143292e-01,1.9220109549e-01,1.9432291238e-01,1.9260082252e-01,1.9083833278e-01,1.8891587419e-01
4703,47.0300,1.9829773980e-01,1.9636581667e-01,1.9439619894e-01,1.9225586151e-01,1.9437767840e-01,1.9265558854e-01,1.9089309880e-01,1.8897064021e-01
4704,47.0400,1.9835250582e-01,1.9642058269e-01,1.9445096496e-01,1.9231062753e-01,1.9443244442e-01,1.9271035456e-01,1.9094786482e-01,1.8902540623e-01
4705,47.0500,1.9840727184e-01,1.9647534871e-01,1.9450573098e-01,1.9236539355e-01,1.9448721045e-01,1.9276512058e-01,1.9100263084e-01,1.8908017225e-01
4706,47.0600,1.9846203786e-01,1.9653011474e-01,1.9456049700e-01,1.9242015957e-01,1.9454197647e-01,1.9281988661e-01,1.9105739686e-01,1.8913493827e-01
4707,47.0700,1.9851680388e-01,1.9658488076e-01,1.9461526302e-01,1.9247492560e-01,1.9459674249e-01,1.9287465263e-01,1.9111216288e-01,1.8918970429e-01
4708,47.0800,1.9857156990e-01,1.9663964678e-01,1.9467002904e-01,1.9252969162e-01,1.9465150851e-01,1.9292941865e-01,1.9116692890e-01,1.8924447031e-01
4709,47.0900,1.9862633592e-01,1.9669441280e-01,1.9472479506e-01,1.9258445764e-01,1.9470627453e-01,1.9298418467e-01,1.9122169492e-01,1.8929923633e-01
4710,47.1000,1.9868110194e-01,1.9674917882e-01,1.9477956109e-01,1.9263922366e-01,1.9476104055e-01,1.9303895069e-01,1.9127646095e-01,1.8935400235e-01
4711,47.1100,1.9873586796e-01,1.9680394484e-01,1.9483432711e-01,1.9269398968e-01,1.9481580657e-01,1.9309371671e-01,1.9133122697e-01,1.8940876837e-01
4712,47.1200,1.9879063398e-01,1.9685871086e-01,1.9488909313e-01,1.9274875570e-01,1.9487057259e-01,1.9314848273e-01,1.9138599299e-01,1.8946353439e-01
4713,47.1300,1.9884540001e-01,1.9691347688e-01,1.9494385915e-01,1.9280352172e-01,1.9492533861e-01,1.9320324875e-01,1.9144075901e-01,1.8951830042e-01
4714,47.1400,1.9890016603e-01,1.9696824291e-01,1.9499862517e-01,1.9285828774e-01,1.9498010463e-01,1.9325801477e-01,1.9149552503e-01,1.8957306644e-01
4715,47.1500,1.9895493205e-01,1.9702300893e-01,1.9505339119e-01,1.9291305376e-01,1.9503487065e-01,1.9331278079e-01,1.9155029105e-01,1.8962783246e-01
4716,47.1600,1.9900969807e-01,1.9707777495e-01,1.9510815721e-01,1.9296781978e-01,1.9508963667e-01,1.9336754681e-01,1.9160505707e-01,1.8968259848e-01
4717,47.1700,1.9906446409e-01,1.9713254097e-01,1.9516292323e-01,1.9302258581e-01,1.9514440269e-01,1.9342231283e-01,1.9165982309e-01,1.8973736450e-01
4718,47.1800,1.9911923011e-01,1.9718730699e-01,1.9521768925e-01,1.9307735183e-01,1.9519916872e-01,1.9347707886e-01,1.9171458911e-01,1.8979213052e-01
4719,47.1900,1.9917399613e-01,1.9724207301e-01,1.9527245528e-01,1.9313211785e-01,1.9525393474e-01,1.9353184488e-01,1.9176935513e-01,1.8984689654e-01
4720,47.2000,1.9922876215e-01,1.9729683903e-01,1.9532722130e-01,1.9318688387e-01,1.9530870076e-01,1.9358661090e-01,1.9182412115e-01,1.8990166256e-01
4721,47.2100,1.9928352817e-01,1.9735160505e-01,1.9538198732e-01,1.9324164989e-01,1.9536346678e-01,1.9364137692e-01,1.9187888717e-01,1.8995642858e-01
4722,47.2200,1.9933829419e-01,1.9740637108e-01,1.9543675334e-01,1.9329641591e-01,1.9541823280e-01,1.9369614294e-01,1.9193365319e-01,1.9001119460e-01
4723,47.2300,1.9939306022e-01,1.9746113710e-01,1.9549151936e-01,1.9335118193e-01,1.9547299882e-01,1.9375090896e-01,1.9198841921e-01,1.9006596062e-01
4724,47.2400,1.9944782624e-01,1.9751590312e-01,1.9554628538e-01,1.9340594795e-01,1.9552776484e-01,1.9380567498e-01,1.9204318523e-01,1.9012072664e-01
4725,47.2500,1.9950259226e-01,1.9757066914e-01,1.9560105140e-01,1.9346071397e-01,1.9558253086e-01,1.9386044100e-01,1.9209795125e-01,1.9017549266e-01
4726,47.2600,1.9955735828e-01,1.9762543516e-01,1.9565581742e-01,1.9351547999e-01,1.9563729688e-01,1.9391520702e-01,1.9215271727e-01,1.9023025868e-01
4727,47.2700,1.9961212430e-01,1.9768020118e-01,1.9571058344e-01,1.9357024601e-01,1.9569206290e-01,1.9396997304e-01,1.9220748330e-01,1.9028502470e-01
4728,47.2800,1.9966689032e-01,1.9773496720e-01,1.9576534946e-01,1.9362501204e-01,1.9574682892e-01,1.9402473906e-01,1.9226224932e-01,1.9033979072e-01
4729,47.2900,1.9972165634e-01,1.9778973322e-01,1.9582011549e-01,1.9367977806e-01,1.9580159494e-01,1.9407950509e-01,1.9231701534e-01,1.9039455674e-01
4730,47.3000,1.9977642236e-01,1.9784449925e-01,1.9587488151e-01,1.9373454408e-01,1.9585636096e-01,1.9413427111e-01,1.9237178136e-01,1.9044932277e-01
4731,47.3100,1.9983118838e-01,1.9789926527e-01,1.9592964753e-01,1.9378931010e-01,1.9591112699e-01,1.9418903713e-01,1.9242654738e-01,1.9050408879e-01
4732,47.3200,1.9988595440e-01,1.9795403129e-01,1.9598441355e-01,1.9384407612e-01,1.9596589301e-01,1.9424380315e-01,1.9248131340e-01,1.9055885481e-01
4733,47.3300,1.9994072042e-01,1.9800879731e-01,1.9603917957e-01,1.9389884214e-01,1.9602065903e-01,1.9429856917e-01,1.9253607942e-01,1.9061362083e-01
4734,47.3400,1.9999548645e-01,1.9806356333e-01,1.9609394559e-01,1.9395360816e-01,1.9607542505e-01,1.9435333519e-01,1.9259084544e-01,1.9066838685e-01
4735,47.3500,2.0005025247e-01,1.9811832935e-01,1.9614871161e-01,1.9400837418e-01,1.9613019107e-01,1.9440810121e-01,1.9264561146e-01,1.9072315287e-01
4736,47.3600,2.0010501849e-01,1.9817309537e-01,1.9620347763e-01,1.9406314020e-01,1.9618495709e-01,1.9446286723e-01,1.9270037748e-01,1.9077791889e-01
4737,47.3700,2.0015978451e-01,1.9822786139e-01,1.9625824365e-01,1.9411790622e-01,1.9623972311e-01,1.9451763325e-01,1.9275514350e-01,1.9083268491e-01
4738,47.3800,2.0021455053e-01,1.9828262741e-01,1.9631300968e-01,1.9417267225e-01,1.9629448913e-01,1.9457239927e-01,1.9280990952e-01,1.9088745093e-01
4739,47.3900,2.0026931655e-01,1.9833739344e-01,1.9636777570e-01,1.9422743827e-01,1.9634925515e-01,1.9462716529e-01,1.9286467554e-01,1.9094221695e-01
4740,47.4000,2.0032408257e-01,1.9839215946e-01,1.9642254172e-01,1.9428220429e-01,1.9640402117e-01,1.9468193132e-01,1.9291944156e-01,1.9099698297e-01
4741,47.4100,2.0037884859e-01,1.9844692548e-01,1.9647730774e-01,1.9433697031e-01,1.9645878719e-01,1.9473669734e-01,1.9297420758e-01,1.9105174899e-01
4742,47.4200,2.0043361461e-01,1.9850169150e-01,1.9653207376e-01,1.9439173633e-01,1.9651355321e-01,1.9479146336e-01,1.9302897360e-01,1.9110651501e-01
4743,47.4300,2.0048838063e-01,1.9855645752e-01,1.9658683978e-01,1.9444650235e-01,1.9656831923e-01,1.9484622938e-01,1.9308373962e-01,1.9116128103e-01
4744,47.4400,2.0054314666e-01,1.9861122354e-01,1.9664160580e-01,1.9450126837e-01,1.9662308526e-01,1.9490099540e-01,1.9313850564e-01,1.9121604705e-01
4745,47.4500,2.0059791268e-01,1.9866598956e-01,1.9669637182e-01,1.9455603439e-01,1.9667785128e-01,1.9495576142e-01,1.9319327167e-01,1.9127081307e-01
4746,47.4600,2.0065267870e-01,1.9872075558e-01,1.9675113784e-01,1.9461080041e-01,1.9673261730e-01,1.9501052744e-01,1.9324803769e-01,1.9132557909e-01
4747,47.4700,2.0070744472e-01,1.9877552161e-01,1.9680590386e-01,1.9466556643e-01,1.9678738332e-01,1.9506529346e-01,1.9330280371e-01,1.9138034511e-01
4748,47.4800,2.0076221074e-01,1.9883028763e-01,1.9686066989e-01,1.9472033246e-01,1.9684214934e-01,1.9512005948e-01,1.9335756973e-01,1.9143511114e-01
4749,47.4900,2.0081697676e-01,1.9888505365e-01,1.9691543591e-01,1.9477509848e-01,1.9689691536e-01,1.9517482550e-01,1.9341233575e-01,1.9148987716e-01
4750,47.5000,2.0087174278e-01,1.9893981967e-01,1.9697020193e-01,1.9482986450e-01,1.9695168138e-01,1.9522959152e-01,1.9346710177e-01,1.9154464318e-01
4751,47.5100,2.0092650880e-01,1.9899458569e-01,1.9702496795e-01,1.9488463052e-01,1.9700644740e-01,1.9528435755e-01,1.9352186779e-01,1.9159940920e-01
4752,47.5200,2.0098127482e-01,1.9904935171e-01,1.9707973397e-01,1.9493939654e-01,1.9706121342e-01,1.9533912357e-01,1.9357663381e-01,1.9165417522e-01
4753,47.5300,2.0103604084e-01,1.9910411773e-01,1.9713449999e-01,1.9499416256e-01,1.9711597944e-01,1.9539388959e-01,1.9363139983e-01,1.9170894124e-01
4754,47.5400,2.0109080686e-01,1.9915888375e-01,1.9718926601e-01,1.9504892858e-01,1.9717074546e-01,1.9544865561e-01,1.9368616585e-01,1.9176370726e-01
4755,47.5500,2.0114557289e-01,1.9921364978e-01,1.9724403203e-01,1.9510369460e-01,1.9722551148e-01,1.9550342163e-01,1.9374093187e-01,1.9181847328e-01
4756,47.5600,2.0120033891e-01,1.9926841580e-01,1.9729879805e-01,1.9515846062e-01,1.9728027750e-01,1.9555818765e-01,1.9379569789e-01,1.9187323930e-01
4757,47.5700,2.0125510493e-01,1.9932318182e-01,1.9735356408e-01,1.9521322664e-01,1.9733504353e-01,1.9561295367e-01,1.9385046391e-01,1.9192800532e-01
4758,47.5800,2.0130987095e-01,1.9937794784e-01,1.9740833010e-01,1.9526799266e-01,1.9738980955e-01,1.9566771969e-01,1.9390522993e-01,1.9198277134e-01
4759,47.5900,2.0136463697e-01,1.9943271386e-01,1.9746309612e-01,1.9532275869e-01,1.9744457557e-01,1.9572248571e-01,1.9395999595e-01,1.9203753736e-01
4760,47.6000,2.0141940299e-01,1.9948747988e-01,1.9751786214e-01,1.9537752471e-01,1.9749934159e-01,1.9577725173e-01,1.9401476197e-01,1.9209230338e-01
4761,47.6100,2.0147416901e-01,1.9954224590e-01,1.9757262816e-01,1.9543229073e-01,1.9755410761e-01,1.9583201775e-01,1.9406952799e-01,1.9214706940e-01
4762,47.6200,2.0152893503e-01,1.9959701192e-01,1.9762739418e-01,1.9548705675e-01,1.9760887363e-01,1.9588678377e-01,1.9412429401e-01,1.9220183542e-01
4763,47.6300,2.0158370105e-01,1.9965177795e-01,1.9768216020e-01,1.9554182277e-01,1.9766363965e-01,1.9594154980e-01,1.9417906004e-01,1.9225660144e-01
4764,47.6400,2.0163846707e-01,1.9970654397e-01,1.9773692622e-01,1.9559658879e-01,1.9771840567e-01,1.9599631582e-01,1.9423382606e-01,1.9231136746e-01
4765,47.6500,2.0169323310e-01,1.9976130999e-01,1.9779169224e-01,1.9565135481e-01,1.9777317169e-01,1.9605108184e-01,1.9428859208e-01,1.9236613349e-01
4766,47.6600,2.0174799912e-01,1.9981607601e-01,1.9784645827e-01,1.9570612083e-01,1.9782793771e-01,1.9610584786e-01,1.9434335810e-01,1.9242089951e-01
4767,47.6700,2.0180276514e-01,1.9987084203e-01,1.9790122429e-01,1.9576088685e-01,1.9788270373e-01,1.9616061388e-01,1.9439812412e-01,1.9247566553e-01
4768,47.6800,2.0185753116e-01,1.9992560805e-01,1.9795599031e-01,1.9581565287e-01,1.9793746975e-01,1.9621537990e-01,1.9445289014e-01,1.9253043155e-01
4769,47.6900,2.0191229718e-01,1.9998037407e-01,1.9801075633e-01,1.9587041890e-01,1.9799223577e-01,1.9627014592e-01,1.9450765616e-01,1.9258519757e-01
4770,47.7000,2.0196706320e-01,2.0003514009e-01,1.9806552235e-01,1.9592518492e-01,1.9804700180e-01,1.9632491194e-01,1.9456242218e-01,1.9263996359e-01
4771,47.7100,2.0202182922e-01,2.0008990612e-01,1.9812028837e-01,1.9597995094e-01,1.9810176782e-01,1.9637967796e-01,1.9461718820e-01,1.9269472961e-01
4772,47.7200,2.0207659524e-01,2.0014467214e-01,1.9817505439e-01,1.9603471696e-01,1.9815653384e-01,1.9643444398e-01,1.9467195422e-01,1.9274949563e-01
4773,47.7300,2.0213136126e-01,2.0019943816e-01,1.9822982041e-01,1.9608948298e-01,1.9821129986e-01,1.9648921000e-01,1.9472672024e-01,1.9280426165e-01
4774,47.7400,2.0218612728e-01,2.0025420418e-01,1.9828458643e-01,1.9614424900e-01,1.9826606588e-01,1.9654397603e-01,1.9478148626e-01,1.9285902767e-01
4775,47.7500,2.0224089330e-01,2.0030897020e-01,1.9833935245e-01,1.9619901502e-01,1.9832083190e-01,1.9659874205e-01,1.9483625228e-01,1.9291379369e-01
4776,47.7600,2.0229565933e-01,2.0036373622e-01,1.9839411848e-01,1.9625378104e-01,1.9837559792e-01,1.9665350807e-01,1.9489101830e-01,1.9296855971e-01
4777,47.7700,2.0235042535e-01,2.0041850224e-01,1.9844888450e-01,1.9630854706e-01,1.9843036394e-01,1.9670827409e-01,1.9494578432e-01,1.9302332573e-01
4778,47.7800,2.0240519137e-01,2.0047326826e-01,1.9850365052e-01,1.9636331308e-01,1.9848512996e-01,1.9676304011e-01,1.9500055034e-01,1.9307809175e-01
4779,47.7900,2.0245995739e-01,2.0052803429e-01,1.9855841654e-01,1.9641807911e-01,1.9853989598e-01,1.9681780613e-01,1.9505531636e-01,1.9313285777e-01
4780,47.8000,2.0251472341e-01,2.0058280031e-01,1.9861318256e-01,1.9647284513e-01,1.9859466200e-01,1.9687257215e-01,1.9511008239e-01,1.9318762379e-01
4781,47.8100,2.0256948943e-01,2.0063756633e-01,1.9866794858e-01,1.9652761115e-01,1.9864942802e-01,1.9692733817e-01,1.9516484841e-01,1.9324238981e-01
4782,47.8200,2.0262425545e-01,2.0069233235e-01,1.9872271460e-01,1.9658237717e-01,1.9870419404e-01,1.9698210419e-01,1.9521961443e-01,1.9329715583e-01
4783,47.8300,2.0267902147e-01,2.0074709837e-01,1.9877748062e-01,1.9663714319e-01,1.9875896007e-01,1.9703687021e-01,1.9527438045e-01,1.9335192186e-01
4784,47.8400,2.0273378749e-01,2.0080186439e-01,1.9883224664e-01,1.9669190921e-01,1.9881372609e-01,1.9709163623e-01,1.9532914647e-01,1.9340668788e-01
4785,47.8500,2.0278855351e-01,2.0085663041e-01,1.9888701267e-01,1.9674667523e-01,1.9886849211e-01,1.9714640226e-01,1.9538391249e-01,1.9346145390e-01
4786,47.8600,2.0284331954e-01,2.0091139643e-01,1.9894177869e-01,1.9680144125e-01,1.9892325813e-01,1.9720116828e-01,1.9543867851e-01,1.9351621992e-01
4787,47.8700,2.0289808556e-01,2.0096616246e-01,1.9899654471e-01,1.9685620727e-01,1.9897802415e-01,1.9725593430e-01,1.9549344453e-01,1.9357098594e-01
4788,47.8800,2.0295285158e-01,2.0102092848e-01,1.9905131073e-01,1.9691097329e-01,1.9903279017e-01,1.9731070032e-01,1.9554821055e-01,1.9362575196e-01
4789,47.8900,2.0300761760e-01,2.0107569450e-01,1.9910607675e-01,1.9696573931e-01,1.9908755619e-01,1.9736546634e-01,1.9560297657e-01,1.9368051798e-01
4790,47.9000,2.0306238362e-01,2.0113046052e-01,1.9916084277e-01,1.9702050534e-01,1.9914232221e-01,1.9742023236e-01,1.9565774259e-01,1.9373528400e-01
4791,47.9100,2.0311714964e-01,2.0118522654e-01,1.9921560879e-01,1.9707527136e-01,1.9919708823e-01,1.9747499838e-01,1.9571250861e-01,1.9379005002e-01
4792,47.9200,2.0317191566e-01,2.0123999256e-01,1.9927037481e-01,1.9713003738e-01,1.9925185425e-01,1.9752976440e-01,1.9576727463e-01,1.9384481604e-01
4793,47.9300,2.0322668168e-01,2.0129475858e-01,1.9932514083e-01,1.9718480340e-01,1.9930662027e-01,1.9758453042e-01,1.9582204065e-01,1.9389958206e-01
4794,47.9400,2.0328144770e-01,2.0134952460e-01,1.9937990685e-01,1.9723956942e-01,1.9936138629e-01,1.9763929644e-01,1.9587680667e-01,1.9395434808e-01
4795,47.9500,2.0333621372e-01,2.0140429063e-01,1.9943467288e-01,1.9729433544e-01,1.9941615231e-01,1.9769406246e-01,1.9593157269e-01,1.9400911410e-01
4796,47.9600,2.0339097974e-01,2.0145905665e-01,1.9948943890e-01,1.9734910146e-01,1.9947091834e-01,1.9774882848e-01,1.9598633871e-01,1.9406388012e-01
4797,47.9700,2.0344574577e-01,2.0151382267e-01,1.9954420492e-01,1.9740386748e-01,1.9952568436e-01,1.9780359451e-01,1.9604110473e-01,1.9411864614e-01
4798,47.9800,2.0350051179e-01,2.0156858869e-01,1.9959897094e-01,1.9745863350e-01,1.9958045038e-01,1.9785836053e-01,1.9609587076e-01,1.9417341216e-01
4799,47.9900,2.0355527781e-01,2.0162335471e-01,1.9965373696e-01,1.9751339952e-01,1.9963521640e-01,1.9791312655e-01,1.9615063678e-01,1.9422817818e-01
4800,48.0000,2.0361004383e-01,2.0167812073e-01,1.9970850298e-01,1.9756816555e-01,1.9968998242e-01,1.9796789257e-01,1.9620540280e-01,1.9428294421e-01
4801,48.0100,2.0366480985e-01,2.0173288675e-01,1.9976326900e-01,1.9762293157e-01,1.9974474844e-01,1.9802265859e-01,1.9626016882e-01,1.9433771023e-01
4802,48.0200,2.0371957587e-01,2.0178765277e-01,1.9981803502e-01,1.9767769759e-01,1.9979951446e-01,1.9807742461e-01,1.9631493484e-01,1.9439247625e-01
4803,48.0300,2.0377434189e-01,2.0184241880e-01,1.9987280104e-01,1.9773246361e-01,1.9985428048e-01,1.9813219063e-01,1.9636970086e-01,1.9444724227e-01
4804,48.0400,2.0382910791e-01,2.0189718482e-01,1.9992756707e-01,1.9778722963e-01,1.9990904650e-01,1.9818695665e-01,1.9642446688e-01,1.9450200829e-01
4805,48.0500,2.0388387393e-01,2.0195195084e-01,1.9998233309e-01,1.9784199565e-01,1.9996381252e-01,1.9824172267e-01,1.9647923290e-01,1.9455677431e-01
4806,48.0600,2.0393863995e-01,2.0200671686e-01,2.0003709911e-01,1.9789676167e-01,2.0001857854e-01,1.9829648869e-01,1.9653399892e-01,1.9461154033e-01
4807,48.0700,2.0399340598e-01,2.0206148288e-01,2.0009186513e-01,1.9795152769e-01,2.0007334456e-01,1.9835125471e-01,1.9658876494e-01,1.9466630635e-01
4808,48.0800,2.0404817200e-01,2.0211624890e-01,2.0014663115e-01,1.9800629371e-01,2.0012811058e-01,1.9840602074e-01,1.9664353096e-01,1.9472107237e-01
4809,48.0900,2.0410293802e-01,2.0217101492e-01,2.0020139717e-01,1.9806105973e-01,2.0018287661e-01,1.9846078676e-01,1.9669829698e-01,1.9477583839e-01
4810,48.1000,2.0415770404e-01,2.0222578094e-01,2.0025616319e-01,1.9811582576e-01,2.0023764263e-01,1.9851555278e-01,1.9675306300e-01,1.9483060441e-01
4811,48.1100,2.0421247006e-01,2.0228054696e-01,2.0031092921e-01,1.9817059178e-01,2.0029240865e-01,1.9857031880e-01,1.9680782902e-01,1.9488537043e-01
4812,48.1200,2.0426723608e-01,2.0233531299e-01,2.0036569523e-01,1.9822535780e-01,2.0034717467e-01,1.9862508482e-01,1.9686259504e-01,1.9494013645e-01
4813,48.1300,2.0432200210e-01,2.0239007901e-01,2.0042046125e-01,1.9828012382e-01,2.0040194069e-01,1.9867985084e-01,1.9691736106e-01,1.9499490247e-01
4814,48.1400,2.0437676812e-01,2.0244484503e-01,2.0047522728e-01,1.9833488984e-01,2.0045670671e-01,1.9873461686e-01,1.9697212708e-01,1.9504966849e-01
4815,48.1500,2.0443153414e-01,2.0249961105e-01,2.0052999330e-01,1.9838965586e-01,2.0051147273e-01,1.9878938288e-01,1.9702689310e-01,1.9510443451e-01
4816,48.1600,2.0448630016e-01,2.0255437707e-01,2.0058475932e-01,1.9844442188e-01,2.0056623875e-01,1.9884414890e-01,1.9708165913e-01,1.9515920053e-01
4817,48.1700,2.0454106618e-01,2.0260914309e-01,2.0063952534e-01,1.9849918790e-01,2.0062100477e-01,1.9889891492e-01,1.9713642515e-01,1.9521396655e-01
4818,48.1800,2.0459583221e-01,2.0266390911e-01,2.0069429136e-01,1.9855395392e-01,2.0067577079e-01,1.9895368094e-01,1.9719119117e-01,1.9526873258e-01
4819,48.1900,2.0465059823e-01,2.0271867513e-01,2.0074905738e-01,1.9860871994e-01,2.0073053681e-01,1.9900844696e-01,1.9724595719e-01,1.9532349860e-01
4820,48.2000,2.0470536425e-01,2.0277344116e-01,2.0080382340e-01,1.9866348596e-01,2.0078530283e-01,1.9906321299e-01,1.9730072321e-01,1.9537826462e-01
4821,48.2100,2.0476013027e-01,2.0282820718e-01,2.0085858942e-01,1.9871825199e-01,2.0084006885e-01,1.9911797901e-01,1.9735548923e-01,1.9543303064e-01
4822,48.2200,2.0481489629e-01,2.0288297320e-01,2.0091335544e-01,1.9877301801e-01,2.0089483487e-01,1.9917274503e-01,1.9741025525e-01,1.9548779666e-01
4823,48.2300,2.0486966231e-01,2.0293773922e-01,2.0096812147e-01,1.9882778403e-01,2.0094960090e-01,1.9922751105e-01,1.9746502127e-01,1.9554256268e-01
4824,48.2400,2.0492442833e-01,2.0299250524e-01,2.0102288749e-01,1.9888255005e-01,2.0100436692e-01,1.9928227707e-01,1.9751978729e-01,1.9559732870e-01
4825,48.2500,2.0497919435e-01,2.0304727126e-01,2.0107765351e-01,1.9893731607e-01,2.0105913294e-01,1.9933704309e-01,1.9757455331e-01,1.9565209472e-01
4826,48.2600,2.0503396037e-01,2.0310203728e-01,2.0113241953e-01,1.9899208209e-01,2.0111389896e-01,1.9939180911e-01,1.9762931933e-01,1.9570686074e-01
4827,48.2700,2.0508872639e-01,2.0315680330e-01,2.0118718555e-01,1.9904684811e-01,2.0116866498e-01,1.9944657513e-01,1.9768408535e-01,1.9576162676e-01
4828,48.2800,2.0514349242e-01,2.0321156933e-01,2.0124195157e-01,1.9910161413e-01,2.0122343100e-01,1.9950134115e-01,1.9773885137e-01,1.9581639278e-01
4829,48.2900,2.0519825844e-01,2.0326633535e-01,2.0129671759e-01,1.9915638015e-01,2.0127819702e-01,1.9955610717e-01,1.9779361739e-01,1.9587115880e-01
4830,48.3000,2.0525302446e-01,2.0332110137e-01,2.0135148361e-01,1.9921114617e-01,2.0133296304e-01,1.9961087319e-01,1.9784838341e-01,1.9592592482e-01
4831,48.3100,2.0530779048e-01,2.0337586739e-01,2.0140624963e-01,1.9926591220e-01,2.0138772906e-01,1.9966563922e-01,1.9790314943e-01,1.9598069084e-01
4832,48.3200,2.0536255650e-01,2.0343063341e-01,2.0146101565e-01,1.9932067822e-01,2.0144249508e-01,1.9972040524e-01,1.9795791545e-01,1.9603545686e-01
4833,48.3300,2.0541732252e-01,2.0348539943e-01,2.0151578168e-01,1.9937544424e-01,2.0149726110e-01,1.9977517126e-01,1.9801268147e-01,1.9609022288e-01
4834,48.3400,2.0547208854e-01,2.0354016545e-01,2.0157054770e-01,1.9943021026e-01,2.0155202712e-01,1.9982993728e-01,1.9806744750e-01,1.9614498890e-01
4835,48.3500,2.0552685456e-01,2.0359493147e-01,2.0162531372e-01,1.9948497628e-01,2.0160679314e-01,1.9988470330e-01,1.9812221352e-01,1.9619975493e-01
4836,48.3600,2.0558162058e-01,2.0364969750e-01,2.0168007974e-01,1.9953974230e-01,2.0166155917e-01,1.9993946932e-01,1.9817697954e-01,1.9625452095e-01
4837,48.3700,2.0563638660e-01,2.0370446352e-01,2.0173484576e-01,1.9959450832e-01,2.0171632519e-01,1.9999423534e-01,1.9823174556e-01,1.9630928697e-01
4838,48.3800,2.0569115262e-01,2.0375922954e-01,2.0178961178e-01,1.9964927434e-01,2.0177109121e-01,2.0004900136e-01,1.9828651158e-01,1.9636405299e-01
4839,48.3900,2.0574591865e-01,2.0381399556e-01,2.0184437780e-01,1.9970404036e-01,2.0182585723e-01,2.0010376738e-01,1.9834127760e-01,1.9641881901e-01
4840,48.4000,2.0580068467e-01,2.0386876158e-01,2.0189914382e-01,1.9975880638e-01,2.0188062325e-01,2.0015853340e-01,1.9839604362e-01,1.9647358503e-01
4841,48.4100,2.0585545069e-01,2.0392352760e-01,2.0195390984e-01,1.9981357241e-01,2.0193538927e-01,2.0021329942e-01,1.9845080964e-01,1.9652835105e-01
4842,48.4200,2.0591021671e-01,2.0397829362e-01,2.0200867586e-01,1.9986833843e-01,2.0199015529e-01,2.0026806545e-01,1.9850557566e-01,1.9658311707e-01
4843,48.4300,2.0596498273e-01,2.0403305964e-01,2.0206344189e-01,1.9992310445e-01,2.0204492131e-01,2.0032283147e-01,1.9856034168e-01,1.9663788309e-01
4844,48.4400,2.0601974875e-01,2.0408782567e-01,2.0211820791e-01,1.9997787047e-01,2.0209968733e-01,2.0037759749e-01,1.9861510770e-01,1.9669264911e-01
4845,48.4500,2.0607451477e-01,2.0414259169e-01,2.0217297393e-01,2.0003263649e-01,2.0215445335e-01,2.0043236351e-01,1.9866987372e-01,1.9674741513e-01
4846,48.4600,2.0612928079e-01,2.0419735771e-01,2.0222773995e-01,2.0008740251e-01,2.0220921937e-01,2.0048712953e-01,1.9872463974e-01,1.9680218115e-01
4847,48.4700,2.0618404681e-01,2.0425212373e-01,2.0228250597e-01,2.0014216853e-01,2.0226398539e-01,2.0054189555e-01,1.9877940576e-01,1.9685694717e-01
4848,48.4800,2.0623881283e-01,2.0430688975e-01,2.0233727199e-01,2.0019693455e-01,2.0231875141e-01,2.0059666157e-01,1.9883417178e-01,1.9691171319e-01
4849,48.4900,2.0629357886e-01,2.0436165577e-01,2.0239203801e-01,2.0025170057e-01,2.0237351744e-01,2.0065142759e-01,1.9888893780e-01,1.9696647921e-01
4850,48.5000,2.0634834488e-01,2.0441642179e-01,2.0244680403e-01,2.0030646659e-01,2.0242828346e-01,2.0070619361e-01,1.9894370382e-01,1.9702124523e-01
4851,48.5100,2.0640311090e-01,2.0447118781e-01,2.0250157005e-01,2.0036123261e-01,2.0248304948e-01,2.0076095963e-01,1.9899846984e-01,1.9707601125e-01
4852,48.5200,2.0645787692e-01,2.0452595384e-01,2.0255633608e-01,2.0041599864e-01,2.0253781550e-01,2.0081572565e-01,1.9905323587e-01,1.9713077727e-01
4853,48.5300,2.0651264294e-01,2.0458071986e-01,2.0261110210e-01,2.0047076466e-01,2.0259258152e-01,2.0087049167e-01,1.9910800189e-01,1.9718554330e-01
4854,48.5400,2.0656740896e-01,2.0463548588e-01,2.0266586812e-01,2.0052553068e-01,2.0264734754e-01,2.0092525770e-01,1.9916276791e-01,1.9724030932e-01
4855,48.5500,2.0662217498e-01,2.0469025190e-01,2.0272063414e-01,2.0058029670e-01,2.0270211356e-01,2.0098002372e-01,1.9921753393e-01,1.9729507534e-01
4856,48.5600,2.0667694100e-01,2.0474501792e-01,2.0277540016e-01,2.0063506272e-01,2.0275687958e-01,2.0103478974e-01,1.9927229995e-01,1.9734984136e-01
4857,48.5700,2.0673170702e-01,2.0479978394e-01,2.0283016618e-01,2.0068982874e-01,2.0281164560e-01,2.0108955576e-01,1.9932706597e-01,1.9740460738e-01
4858,48.5800,2.0678647304e-01,2.0485454996e-01,2.0288493220e-01,2.0074459476e-01,2.0286641162e-01,2.0114432178e-01,1.9938183199e-01,1.9745937340e-01
4859,48.5900,2.0684123906e-01,2.0490931598e-01,2.0293969822e-01,2.0079936078e-01,2.0292117764e-01,2.0119908780e-01,1.9943659801e-01,1.9751413942e-01
4860,48.6000,2.0689600509e-01,2.0496408201e-01,2.0299446424e-01,2.0085412680e-01,2.0297594366e-01,2.0125385382e-01,1.9949136403e-01,1.9756890544e-01
4861,48.6100,2.0695077111e-01,2.0501884803e-01,2.0304923026e-01,2.0090889282e-01,2.0303070968e-01,2.0130861984e-01,1.9954613005e-01,1.9762367146e-01
4862,48.6200,2.0700553713e-01,2.0507361405e-01,2.0310399629e-01,2.0096365885e-01,2.0308547571e-01,2.0136338586e-01,1.9960089607e-01,1.9767843748e-01
4863,48.6300,2.0706030315e-01,2.0512838007e-01,2.0315876231e-01,2.0101842487e-01,2.0314024173e-01,2.0141815188e-01,1.9965566209e-01,1.9773320350e-01
4864,48.6400,2.0711506917e-01,2.0518314609e-01,2.0321352833e-01,2.0107319089e-01,2.0319500775e-01,2.0147291790e-01,1.9971042811e-01,1.9778796952e-01
4865,48.6500,2.0716983519e-01,2.0523791211e-01,2.0326829435e-01,2.0112795691e-01,2.0324977377e-01,2.0152768393e-01,1.9976519413e-01,1.9784273554e-01
4866,48.6600,2.0722460121e-01,2.0529267813e-01,2.0332306037e-01,2.0118272293e-01,2.0330453979e-01,2.0158244995e-01,1.9981996015e-01,1.9789750156e-01
4867,48.6700,2.0727936723e-01,2.0534744415e-01,2.0337782639e-01,2.0123748895e-01,2.0335930581e-01,2.0163721597e-01,1.9987472617e-01,1.9795226758e-01
4868,48.6800,2.0733413325e-01,2.0540221017e-01,2.0343259241e-01,2.0129225497e-01,2.0341407183e-01,2.0169198199e-01,1.9992949219e-01,1.9800703360e-01
4869,48.6900,2.0738889927e-01,2.0545697620e-01,2.0348735843e-01,2.0134702099e-01,2.0346883785e-01,2.0174674801e-01,1.9998425821e-01,1.9806179962e-01
4870,48.7000,2.0744366530e-01,2.0551174222e-01,2.0354212445e-01,2.0140178701e-01,2.0352360387e-01,2.0180151403e-01,2.0003902424e-01,1.9811656565e-01
4871,48.7100,2.0749843132e-01,2.0556650824e-01,2.0359689048e-01,2.0145655303e-01,2.0357836989e-01,2.0185628005e-01,2.0009379026e-01,1.9817133167e-01
4872,48.7200,2.0755319734e-01,2.0562127426e-01,2.0365165650e-01,2.0151131905e-01,2.0363313591e-01,2.0191104607e-01,2.0014855628e-01,1.9822609769e-01
4873,48.7300,2.0760796336e-01,2.0567604028e-01,2.0370642252e-01,2.0156608508e-01,2.0368790193e-01,2.0196581209e-01,2.0020332230e-01,1.9828086371e-01
4874,48.7400,2.0766272938e-01,2.0573080630e-01,2.0376118854e-01,2.0162085110e-01,2.0374266795e-01,2.0202057811e-01,2.0025808832e-01,1.9833562973e-01
4875,48.7500,2.0771749540e-01,2.0578557232e-01,2.0381595456e-01,2.0167561712e-01,2.0379743398e-01,2.0207534413e-01,2.0031285434e-01,1.9839039575e-01
4876,48.7600,2.0777226142e-01,2.0584033834e-01,2.0387072058e-01,2.0173038314e-01,2.0385220000e-01,2.0213011015e-01,2.0036762036e-01,1.9844516177e-01
4877,48.7700,2.0782702744e-01,2.0589510437e-01,2.0392548660e-01,2.0178514916e-01,2.0390696602e-01,2.0218487618e-01,2.0042238638e-01,1.9849992779e-01
4878,48.7800,2.0788179346e-01,2.0594987039e-01,2.0398025262e-01,2.0183991518e-01,2.0396173204e-01,2.0223964220e-01,2.0047715240e-01,1.9855469381e-01
4879,48.7900,2.0793655948e-01,2.0600463641e-01,2.0403501864e-01,2.0189468120e-01,2.0401649806e-01,2.0229440822e-01,2.0053191842e-01,1.9860945983e-01
4880,48.8000,2.0799132550e-01,2.0605940243e-01,2.0408978466e-01,2.0194944722e-01,2.0407126408e-01,2.0234917424e-01,2.0058668444e-01,1.9866422585e-01
4881,48.8100,2.0804609153e-01,2.0611416845e-01,2.0414455069e-01,2.0200421324e-01,2.0412603010e-01,2.0240394026e-01,2.0064145046e-01,1.9871899187e-01
4882,48.8200,2.0810085755e-01,2.0616893447e-01,2.0419931671e-01,2.0205897926e-01,2.0418079612e-01,2.0245870628e-01,2.0069621648e-01,1.9877375789e-01
4883,48.8300,2.0815562357e-01,2.0622370049e-01,2.0425408273e-01,2.0211374529e-01,2.0423556214e-01,2.0251347230e-01,2.0075098250e-01,1.9882852391e-01
4884,48.8400,2.0821038959e-01,2.0627846651e-01,2.0430884875e-01,2.0216851131e-01,2.0429032816e-01,2.0256823832e-01,2.0080574852e-01,1.9888328993e-01
4885,48.8500,2.0826515561e-01,2.0633323254e-01,2.0436361477e-01,2.0222327733e-01,2.0434509418e-01,2.0262300434e-01,2.0086051454e-01,1.9893805595e-01
4886,48.8600,2.0831992163e-01,2.0638799856e-01,2.0441838079e-01,2.0227804335e-01,2.0439986020e-01,2.0267777036e-01,2.0091528056e-01,1.9899282197e-01
4887,48.8700,2.0837468765e-01,2.0644276458e-01,2.0447314681e-01,2.0233280937e-01,2.0445462622e-01,2.0273253638e-01,2.0097004658e-01,1.9904758799e-01
4888,48.8800,2.0842945367e-01,2.0649753060e-01,2.0452791283e-01,2.0238757539e-01,2.0450939225e-01,2.0278730241e-01,2.0102481261e-01,1.9910235402e-01
4889,48.8900,2.0848421969e-01,2.0655229662e-01,2.0458267885e-01,2.0244234141e-01,2.0456415827e-01,2.0284206843e-01,2.0107957863e-01,1.9915712004e-01
4890,48.9000,2.0853898571e-01,2.0660706264e-01,2.0463744488e-01,2.0249710743e-01,2.0461892429e-01,2.0289683445e-01,2.0113434465e-01,1.9921188606e-01
4891,48.9100,2.0859375174e-01,2.0666182866e-01,2.0469221090e-01,2.0255187345e-01,2.0467369031e-01,2.0295160047e-01,2.0118911067e-01,1.9926665208e-01
4892,48.9200,2.0864851776e-01,2.0671659468e-01,2.0474697692e-01,2.0260663947e-01,2.0472845633e-01,2.0300636649e-01,2.0124387669e-01,1.9932141810e-01
4893,48.9300,2.0870328378e-01,2.0677136071e-01,2.0480174294e-01,2.0266140550e-01,2.0478322235e-01,2.0306113251e-01,2.0129864271e-01,1.9937618412e-01
4894,48.9400,2.0875804980e-01,2.0682612673e-01,2.0485650896e-01,2.0271617152e-01,2.0483798837e-01,2.0311589853e-01,2.0135340873e-01,1.9943095014e-01
4895,48.9500,2.0881281582e-01,2.0688089275e-01,2.0491127498e-01,2.0277093754e-01,2.0489275439e-01,2.0317066455e-01,2.0140817475e-01,1.9948571616e-01
4896,48.9600,2.0886758184e-01,2.0693565877e-01,2.0496604100e-01,2.0282570356e-01,2.0494752041e-01,2.0322543057e-01,2.0146294077e-01,1.9954048218e-01
4897,48.9700,2.0892234786e-01,2.0699042479e-01,2.0502080702e-01,2.0288046958e-01,2.0500228643e-01,2.0328019659e-01,2.0151770679e-01,1.9959524820e-01
4898,48.9800,2.0897711388e-01,2.0704519081e-01,2.0507557304e-01,2.0293523560e-01,2.0505705245e-01,2.0333496261e-01,2.0157247281e-01,1.9965001422e-01
4899,48.9900,2.0903187990e-01,2.0709995683e-01,2.0513033906e-01,2.0299000162e-01,2.0511181847e-01,2.0338972863e-01,2.0162723883e-01,1.9970478024e-01
4900,49.0000,2.0908664592e-01,2.0715472285e-01,2.0518510509e-01,2.0304476764e-01,2.0516658449e-01,2.0344449466e-01,2.0168200485e-01,1.9975954626e-01
4901,49.0100,2.0914141194e-01,2.0720948888e-01,2.0523987111e-01,2.0309953366e-01,2.0522135052e-01,2.0349926068e-01,2.0173677087e-01,1.9981431228e-01
4902,49.0200,2.0919617797e-01,2.0726425490e-01,2.0529463713e-01,2.0315429968e-01,2.0527611654e-01,2.0355402670e-01,2.0179153689e-01,1.9986907830e-01
4903,49.0300,2.0925094399e-01,2.0731902092e-01,2.0534940315e-01,2.0320906570e-01,2.0533088256e-01,2.0360879272e-01,2.0184630291e-01,1.9992384432e-01
4904,49.0400,2.0930571001e-01,2.0737378694e-01,2.0540416917e-01,2.0326383173e-01,2.0538564858e-01,2.0366355874e-01,2.0190106893e-01,1.9997861034e-01
4905,49.0500,2.0936047603e-01,2.0742855296e-01,2.0545893519e-01,2.0331859775e-01,2.0544041460e-01,2.0371832476e-01,2.0195583496e-01,2.0003337637e-01
4906,49.0600,2.0941524205e-01,2.0748331898e-01,2.0551370121e-01,2.0337336377e-01,2.0549518062e-01,2.0377309078e-01,2.0201060098e-01,2.0008814239e-01
4907,49.0700,2.0947000807e-01,2.0753808500e-01,2.0556846723e-01,2.0342812979e-01,2.0554994664e-01,2.0382785680e-01,2.0206536700e-01,2.0014290841e-01
4908,49.0800,2.0952477409e-01,2.0759285102e-01,2.0562323325e-01,2.0348289581e-01,2.0560471266e-01,2.0388262282e-01,2.0212013302e-01,2.0019767443e-01
4909,49.0900,2.0957954011e-01,2.0764761705e-01,2.0567799928e-01,2.0353766183e-01,2.0565947868e-01,2.0393738884e-01,2.0217489904e-01,2.0025244045e-01
4910,49.1000,2.0963430613e-01,2.0770238307e-01,2.0573276530e-01,2.0359242785e-01,2.0571424470e-01,2.0399215486e-01,2.0222966506e-01,2.0030720647e-01
4911,49.1100,2.0968907215e-01,2.0775714909e-01,2.0578753132e-01,2.0364719387e-01,2.0576901072e-01,2.0404692089e-01,2.0228443108e-01,2.0036197249e-01
4912,49.1200,2.0974383818e-01,2.0781191511e-01,2.0584229734e-01,2.0370195989e-01,2.0582377674e-01,2.0410168691e-01,2.0233919710e-01,2.0041673851e-01
4913,49.1300,2.0979860420e-01,2.0786668113e-01,2.0589706336e-01,2.0375672591e-01,2.0587854276e-01,2.0415645293e-01,2.0239396312e-01,2.0047150453e-01
4914,49.1400,2.0985337022e-01,2.0792144715e-01,2.0595182938e-01,2.0381149194e-01,2.0593330879e-01,2.0421121895e-01,2.0244872914e-01,2.0052627055e-01
4915,49.1500,2.0990813624e-01,2.0797621317e-01,2.0600659540e-01,2.0386625796e-01,2.0598807481e-01,2.0426598497e-01,2.0250349516e-01,2.0058103657e-01
4916,49.1600,2.0996290226e-01,2.0803097919e-01,2.0606136142e-01,2.0392102398e-01,2.0604284083e-01,2.0432075099e-01,2.0255826118e-01,2.0063580259e-01
4917,49.1700,2.1001766828e-01,2.0808574521e-01,2.0611612744e-01,2.0397579000e-01,2.0609760685e-01,2.0437551701e-01,2.0261302720e-01,2.0069056861e-01
4918,49.1800,2.1007243430e-01,2.0814051124e-01,2.0617089346e-01,2.0403055602e-01,2.0615237287e-01,2.0443028303e-01,2.0266779322e-01,2.0074533463e-01
4919,49.1900,2.1012720032e-01,2.0819527726e-01,2.0622565949e-01,2.0408532204e-01,2.0620713889e-01,2.0448504905e-01,2.0272255924e-01,2.0080010065e-01
4920,49.2000,2.1018196634e-01,2.0825004328e-01,2.0628042551e-01,2.0414008806e-01,2.0626190491e-01,2.0453981507e-01,2.0277732526e-01,2.0085486667e-01
4921,49.2100,2.1023673236e-01,2.0830480930e-01,2.0633519153e-01,2.0419485408e-01,2.0631667093e-01,2.0459458109e-01,2.0283209128e-01,2.0090963269e-01
4922,49.2200,2.1029149838e-01,2.0835957532e-01,2.0638995755e-01,2.0424962010e-01,2.0637143695e-01,2.0464934712e-01,2.0288685730e-01,2.0096439871e-01
4923,49.2300,2.1034626441e-01,2.0841434134e-01,2.0644472357e-01,2.0430438612e-01,2.0642620297e-01,2.0470411314e-01,2.0294162333e-01,2.0101916474e-01
4924,49.2400,2.1040103043e-01,2.0846910736e-01,2.0649948959e-01,2.0435915214e-01,2.0648096899e-01,2.0475887916e-01,2.0299638935e-01,2.0107393076e-01
4925,49.2500,2.1045579645e-01,2.0852387338e-01,2.0655425561e-01,2.0441391817e-01,2.0653573501e-01,2.0481364518e-01,2.0305115537e-01,2.0112869678e-01
4926,49.2600,2.1051056247e-01,2.0857863941e-01,2.0660902163e-01,2.0446868419e-01,2.0659050103e-01,2.0486841120e-01,2.0310592139e-01,2.0118346280e-01
4927,49.2700,2.1056532849e-01,2.0863340543e-01,2.0666378765e-01,2.0452345021e-01,2.0664526706e-01,2.0492317722e-01,2.0316068741e-01,2.0123822882e-01
4928,49.2800,2.1062009451e-01,2.0868817145e-01,2.0671855367e-01,2.0457821623e-01,2.0670003308e-01,2.0497794324e-01,2.0321545343e-01,2.0129299484e-01
4929,49.2900,2.1067486053e-01,2.0874293747e-01,2.0677331970e-01,2.0463298225e-01,2.0675479910e-01,2.0503270926e-01,2.0327021945e-01,2.0134776086e-01
4930,49.3000,2.1072962655e-01,2.0879770349e-01,2.0682808572e-01,2.0468774827e-01,2.0680956512e-01,2.0508747528e-01,2.0332498547e-01,2.0140252688e-01
4931,49.3100,2.1078439257e-01,2.0885246951e-01,2.0688285174e-01,2.0474251429e-01,2.0686433114e-01,2.0514224130e-01,2.0337975149e-01,2.0145729290e-01
4932,49.3200,2.1083915859e-01,2.0890723553e-01,2.0693761776e-01,2.0479728031e-01,2.0691909716e-01,2.0519700732e-01,2.0343451751e-01,2.0151205892e-01
4933,49.3300,2.1089392462e-01,2.0896200155e-01,2.0699238378e-01,2.0485204633e-01,2.0697386318e-01,2.0525177334e-01,2.0348928353e-01,2.0156682494e-01
4934,49.3400,2.1094869064e-01,2.0901676758e-01,2.0704714980e-01,2.0490681235e-01,2.0702862920e-01,2.0530653937e-01,2.0354404955e-01,2.0162159096e-01
4935,49.3500,2.1100345666e-01,2.0907153360e-01,2.0710191582e-01,2.0496157838e-01,2.0708339522e-01,2.0536130539e-01,2.0359881557e-01,2.0167635698e-01
4936,49.3600,2.1105822268e-01,2.0912629962e-01,2.0715668184e-01,2.0501634440e-01,2.0713816124e-01,2.0541607141e-01,2.0365358159e-01,2.0173112300e-01
4937,49.3700,2.1111298870e-01,2.0918106564e-01,2.0721144786e-01,2.0507111042e-01,2.0719292726e-01,2.0547083743e-01,2.0370834761e-01,2.0178588902e-01
4938,49.3800,2.1116775472e-01,2.0923583166e-01,2.0726621389e-01,2.0512587644e-01,2.0724769328e-01,2.0552560345e-01,2.0376311363e-01,2.0184065504e-01
4939,49.3900,2.1122252074e-01,2.0929059768e-01,2.0732097991e-01,2.0518064246e-01,2.0730245930e-01,2.0558036947e-01,2.0381787965e-01,2.0189542106e-01
4940,49.4000,2.1127728676e-01,2.0934536370e-01,2.0737574593e-01,2.0523540848e-01,2.0735722533e-01,2.0563513549e-01,2.0387264567e-01,2.0195018709e-01
4941,49.4100,2.1133205278e-01,2.0940012972e-01,2.0743051195e-01,2.0529017450e-01,2.0741199135e-01,2.0568990151e-01,2.0392741170e-01,2.0200495311e-01
4942,49.4200,2.1138681880e-01,2.0945489575e-01,2.0748527797e-01,2.0534494052e-01,2.0746675737e-01,2.0574466753e-01,2.0398217772e-01,2.0205971913e-01
4943,49.4300,2.1144158483e-01,2.0950966177e-01,2.0754004399e-01,2.0539970654e-01,2.0752152339e-01,2.0579943355e-01,2.0403694374e-01,2.0211448515e-01
4944,49.4400,2.1149635085e-01,2.0956442779e-01,2.0759481001e-01,2.0545447256e-01,2.0757628941e-01,2.0585419957e-01,2.0409170976e-01,2.0216925117e-01
4945,49.4500,2.1155111687e-01,2.0961919381e-01,2.0764957603e-01,2.0550923859e-01,2.0763105543e-01,2.0590896560e-01,2.0414647578e-01,2.0222401719e-01
4946,49.4600,2.1160588289e-01,2.0967395983e-01,2.0770434205e-01,2.0556400461e-01,2.0768582145e-01,2.0596373162e-01,2.0420124180e-01,2.0227878321e-01
4947,49.4700,2.1166064891e-01,2.0972872585e-01,2.0775910807e-01,2.0561877063e-01,2.0774058747e-01,2.0601849764e-01,2.0425600782e-01,2.0233354923e-01
4948,49.4800,2.1171541493e-01,2.0978349187e-01,2.0781387410e-01,2.0567353665e-01,2.0779535349e-01,2.0607326366e-01,2.0431077384e-01,2.0238831525e-01
4949,49.4900,2.1177018095e-01,2.0983825789e-01,2.0786864012e-01,2.0572830267e-01,2.0785011951e-01,2.0612802968e-01,2.0436553986e-01,2.0244308127e-01
4950,49.5000,2.1182494697e-01,2.0989302392e-01,2.0792340614e-01,2.0578306869e-01,2.0790488553e-01,2.0618279570e-01,2.0442030588e-01,2.0249784729e-01
4951,49.5100,2.1187971299e-01,2.0994778994e-01,2.0797817216e-01,2.0583783471e-01,2.0795965155e-01,2.0623756172e-01,2.0447507190e-01,2.0255261331e-01
4952,49.5200,2.1193447901e-01,2.1000255596e-01,2.0803293818e-01,2.0589260073e-01,2.0801441757e-01,2.0629232774e-01,2.0452983792e-01,2.0260737933e-01
4953,49.5300,2.1198924503e-01,2.1005732198e-01,2.0808770420e-01,2.0594736675e-01,2.0806918360e-01,2.0634709376e-01,2.0458460394e-01,2.0266214535e-01
4954,49.5400,2.1204401106e-01,2.1011208800e-01,2.0814247022e-01,2.0600213277e-01,2.0812394962e-01,2.0640185978e-01,2.0463936996e-01,2.0271691137e-01
4955,49.5500,2.1209877708e-01,2.1016685402e-01,2.0819723624e-01,2.0605689879e-01,2.0817871564e-01,2.0645662580e-01,2.0469413598e-01,2.0277167739e-01
4956,49.5600,2.1215354310e-01,2.1022162004e-01,2.0825200226e-01,2.0611166482e-01,2.0823348166e-01,2.0651139182e-01,2.0474890200e-01,2.0282644341e-01
4957,49.5700,2.1220830912e-01,2.1027638606e-01,2.0830676829e-01,2.0616643084e-01,2.0828824768e-01,2.0656615785e-01,2.0480366802e-01,2.0288120943e-01
4958,49.5800,2.1226307514e-01,2.1033115208e-01,2.0836153431e-01,2.0622119686e-01,2.0834301370e-01,2.0662092387e-01,2.0485843404e-01,2.0293597546e-01
4959,49.5900,2.1231784116e-01,2.1038591811e-01,2.0841630033e-01,2.0627596288e-01,2.0839777972e-01,2.0667568989e-01,2.0491320007e-01,2.0299074148e-01
4960,49.6000,2.1237260718e-01,2.1044068413e-01,2.0847106635e-01,2.0633072890e-01,2.0845254574e-01,2.0673045591e-01,2.0496796609e-01,2.0304550750e-01
4961,49.6100,2.1242737320e-01,2.1049545015e-01,2.0852583237e-01,2.0638549492e-01,2.0850731176e-01,2.0678522193e-01,2.0502273211e-01,2.0310027352e-01
4962,49.6200,2.1248213922e-01,2.1055021617e-01,2.0858059839e-01,2.0644026094e-01,2.0856207778e-01,2.0683998795e-01,2.0507749813e-01,2.0315503954e-01
4963,49.6300,2.1253690524e-01,2.1060498219e-01,2.0863536441e-01,2.0649502696e-01,2.0861684380e-01,2.0689475397e-01,2.0513226415e-01,2.0320980556e-01
4964,49.6400,2.1259167127e-01,2.1065974821e-01,2.0869013043e-01,2.0654979298e-01,2.0867160982e-01,2.0694951999e-01,2.0518703017e-01,2.0326457158e-01
4965,49.6500,2.1264643729e-01,2.1071451423e-01,2.0874489645e-01,2.0660455900e-01,2.0872637584e-01,2.0700428601e-01,2.0524179619e-01,2.0331933760e-01
4966,49.6600,2.1270120331e-01,2.1076928025e-01,2.0879966247e-01,2.0665932503e-01,2.0878114186e-01,2.0705905203e-01,2.0529656221e-01,2.0337410362e-01
4967,49.6700,2.1275596933e-01,2.1082404628e-01,2.0885442850e-01,2.0671409105e-01,2.0883590789e-01,2.0711381805e-01,2.0535132823e-01,2.0342886964e-01
4968,49.6800,2.1281073535e-01,2.1087881230e-01,2.0890919452e-01,2.0676885707e-01,2.0889067391e-01,2.0716858408e-01,2.0540609425e-01,2.0348363566e-01
4969,49.6900,2.1286550137e-01,2.1093357832e-01,2.0896396054e-01,2.0682362309e-01,2.0894543993e-01,2.0722335010e-01,2.0546086027e-01,2.0353840168e-01
4970,49.7000,2.1292026739e-01,2.1098834434e-01,2.0901872656e-01,2.0687838911e-01,2.0900020595e-01,2.0727811612e-01,2.0551562629e-01,2.0359316770e-01
4971,49.7100,2.1297503341e-01,2.1104311036e-01,2.0907349258e-01,2.0693315513e-01,2.0905497197e-01,2.0733288214e-01,2.0557039231e-01,2.0364793372e-01
4972,49.7200,2.1302979943e-01,2.1109787638e-01,2.0912825860e-01,2.0698792115e-01,2.0910973799e-01,2.0738764816e-01,2.0562515833e-01,2.0370269974e-01
4973,49.7300,2.1308456545e-01,2.1115264240e-01,2.0918302462e-01,2.0704268717e-01,2.0916450401e-01,2.0744241418e-01,2.0567992435e-01,2.0375746576e-01
4974,49.7400,2.1313933147e-01,2.1120740842e-01,2.0923779064e-01,2.0709745319e-01,2.0921927003e-01,2.0749718020e-01,2.0573469037e-01,2.0381223178e-01
4975,49.7500,2.1319409750e-01,2.1126217445e-01,2.0929255666e-01,2.0715221921e-01,2.0927403605e-01,2.0755194622e-01,2.0578945639e-01,2.0386699781e-01
4976,49.7600,2.1324886352e-01,2.1131694047e-01,2.0934732268e-01,2.0720698523e-01,2.0932880207e-01,2.0760671224e-01,2.0584422241e-01,2.0392176383e-01
4977,49.7700,2.1330362954e-01,2.1137170649e-01,2.0940208871e-01,2.0726175126e-01,2.0938356809e-01,2.0766147826e-01,2.0589898844e-01,2.0397652985e-01
4978,49.7800,2.1335839556e-01,2.1142647251e-01,2.0945685473e-01,2.0731651728e-01,2.0943833411e-01,2.0771624428e-01,2.0595375446e-01,2.0403129587e-01
4979,49.7900,2.1341316158e-01,2.1148123853e-01,2.0951162075e-01,2.0737128330e-01,2.0949310013e-01,2.0777101030e-01,2.0600852048e-01,2.0408606189e-01
4980,49.8000,2.1346792760e-01,2.1153600455e-01,2.0956638677e-01,2.0742604932e-01,2.0954786616e-01,2.0782577633e-01,2.0606328650e-01,2.0414082791e-01
4981,49.8100,2.1352269362e-01,2.1159077057e-01,2.0962115279e-01,2.0748081534e-01,2.0960263218e-01,2.0788054235e-01,2.0611805252e-01,2.0419559393e-01
4982,49.8200,2.1357745964e-01,2.1164553659e-01,2.0967591881e-01,2.0753558136e-01,2.0965739820e-01,2.0793530837e-01,2.0617281854e-01,2.0425035995e-01
4983,49.8300,2.1363222566e-01,2.1170030262e-01,2.0973068483e-01,2.0759034738e-01,2.0971216422e-01,2.0799007439e-01,2.0622758456e-01,2.0430512597e-01
4984,49.8400,2.1368699168e-01,2.1175506864e-01,2.0978545085e-01,2.0764511340e-01,2.0976693024e-01,2.0804484041e-01,2.0628235058e-01,2.0435989199e-01
4985,49.8500,2.1374175771e-01,2.1180983466e-01,2.0984021687e-01,2.0769987942e-01,2.0982169626e-01,2.0809960643e-01,2.0633711660e-01,2.0441465801e-01
4986,49.8600,2.1379652373e-01,2.1186460068e-01,2.0989498290e-01,2.0775464544e-01,2.0987646228e-01,2.0815437245e-01,2.0639188262e-01,2.0446942403e-01
4987,49.8700,2.1385128975e-01,2.1191936670e-01,2.0994974892e-01,2.0780941147e-01,2.0993122830e-01,2.0820913847e-01,2.0644664864e-01,2.0452419005e-01
4988,49.8800,2.1390605577e-01,2.1197413272e-01,2.1000451494e-01,2.0786417749e-01,2.0998599432e-01,2.0826390449e-01,2.0650141466e-01,2.0457895607e-01
4989,49.8900,2.1396082179e-01,2.1202889874e-01,2.1005928096e-01,2.0791894351e-01,2.1004076034e-01,2.0831867051e-01,2.0655618068e-01,2.0463372209e-01
4990,49.9000,2.1401558781e-01,2.1208366476e-01,2.1011404698e-01,2.0797370953e-01,2.1009552636e-01,2.0837343653e-01,2.0661094670e-01,2.0468848811e-01
4991,49.9100,2.1407035383e-01,2.1213843079e-01,2.1016881300e-01,2.0802847555e-01,2.1015029238e-01,2.0842820255e-01,2.0666571272e-01,2.0474325413e-01
4992,49.9200,2.1412511985e-01,2.1219319681e-01,2.1022357902e-01,2.0808324157e-01,2.1020505840e-01,2.0848296858e-01,2.0672047874e-01,2.0479802015e-01
4993,49.9300,2.1417988587e-01,2.1224796283e-01,2.1027834504e-01,2.0813800759e-01,2.1025982443e-01,2.0853773460e-01,2.0677524476e-01,2.0485278618e-01
4994,49.9400,2.1423465189e-01,2.1230272885e-01,2.1033311106e-01,2.0819277361e-01,2.1031459045e-01,2.0859250062e-01,2.0683001078e-01,2.0490755220e-01
4995,49.9500,2.1428941791e-01,2.1235749487e-01,2.1038787708e-01,2.0824753963e-01,2.1036935647e-01,2.0864726664e-01,2.0688477681e-01,2.0496231822e-01
4996,49.9600,2.1434418394e-01,2.1241226089e-01,2.1044264311e-01,2.0830230565e-01,2.1042412249e-01,2.0870203266e-01,2.0693954283e-01,2.0501708424e-01
4997,49.9700,2.1439894996e-01,2.1246702691e-01,2.1049740913e-01,2.0835707168e-01,2.1047888851e-01,2.0875679868e-01,2.0699430885e-01,2.0507185026e-01
4998,49.9800,2.1445371598e-01,2.1252179293e-01,2.1055217515e-01,2.0841183770e-01,2.1053365453e-01,2.0881156470e-01,2.0704907487e-01,2.0512661628e-01
4999,49.9900,2.1450848200e-01,2.1257655895e-01,2.1060694117e-01,2.0846660372e-01,2.1058842055e-01,2.0886633072e-01,2.0710384089e-01,2.0518138230e-01
5000,50.0000,2.1456324802e-01,2.1263132498e-01,2.1066170719e-01,2.0852136974e-01,2.1064318657e-01,2.0892109674e-01,2.0715860691e-01,2.0523614832e-01
5001,50.0100,2.1461801404e-01,2.1268609100e-01,2.1071647321e-01,2.0857613576e-01,2.1069795259e-01,2.0897586276e-01,2.0721337293e-01,2.0529091434e-01
5002,50.0200,2.1467278006e-01,2.1274085702e-01,2.1077123923e-01,2.0863090178e-01,2.1075271861e-01,2.0903062878e-01,2.0726813895e-01,2.0534568036e-01
5003,50.0300,2.1472754608e-01,2.1279562304e-01,2.1082600525e-01,2.0868566780e-01,2.1080748463e-01,2.0908539481e-01,2.0732290497e-01,2.0540044638e-01
5004,50.0400,2.1478231210e-01,2.1285038906e-01,2.1088077127e-01,2.0874043382e-01,2.1086225065e-01,2.0914016083e-01,2.0737767099e-01,2.0545521240e-01
5005,50.0500,2.1483707812e-01,2.1290515508e-01,2.1093553730e-01,2.0879519984e-01,2.1091701667e-01,2.0919492685e-01,2.0743243701e-01,2.0550997842e-01
5006,50.0600,2.1489184415e-01,2.1295992110e-01,2.1099030332e-01,2.0884996586e-01,2.1097178270e-01,2.0924969287e-01,2.0748720303e-01,2.0556474444e-01
5007,50.0700,2.1494661017e-01,2.1301468712e-01,2.1104506934e-01,2.0890473188e-01,2.1102654872e-01,2.0930445889e-01,2.0754196905e-01,2.0561951046e-01
5008,50.0800,2.1500137619e-01,2.1306945315e-01,2.1109983536e-01,2.0895949791e-01,2.1108131474e-01,2.0935922491e-01,2.0759673507e-01,2.0567427648e-01
5009,50.0900,2.1505614221e-01,2.1312421917e-01,2.1115460138e-01,2.0901426393e-01,2.1113608076e-01,2.0941399093e-01,2.0765150109e-01,2.0572904250e-01
5010,50.1000,2.1511090823e-01,2.1317898519e-01,2.1120936740e-01,2.0906902995e-01,2.1119084678e-01,2.0946875695e-01,2.0770626711e-01,2.0578380853e-01
5011,50.1100,2.1516567425e-01,2.1323375121e-01,2.1126413342e-01,2.0912379597e-01,2.1124561280e-01,2.0952352297e-01,2.0776103313e-01,2.0583857455e-01
5012,50.1200,2.1522044027e-01,2.1328851723e-01,2.1131889944e-01,2.0917856199e-01,2.1130037882e-01,2.0957828899e-01,2.0781579915e-01,2.0589334057e-01
5013,50.1300,2.1527520629e-01,2.1334328325e-01,2.1137366546e-01,2.0923332801e-01,2.1135514484e-01,2.0963305501e-01,2.0787056518e-01,2.0594810659e-01
5014,50.1400,2.1532997231e-01,2.1339804927e-01,2.1142843148e-01,2.0928809403e-01,2.1140991086e-01,2.0968782103e-01,2.0792533120e-01,2.0600287261e-01
5015,50.1500,2.1538473833e-01,2.1345281529e-01,2.1148319751e-01,2.0934286005e-01,2.1146467688e-01,2.0974258706e-01,2.0798009722e-01,2.0605763863e-01
5016,50.1600,2.1543950435e-01,2.1350758132e-01,2.1153796353e-01,2.0939762607e-01,2.1151944290e-01,2.0979735308e-01,2.0803486324e-01,2.0611240465e-01
5017,50.1700,2.1549427038e-01,2.1356234734e-01,2.1159272955e-01,2.0945239209e-01,2.1157420892e-01,2.0985211910e-01,2.0808962926e-01,2.0616717067e-01
5018,50.1800,2.1554903640e-01,2.1361711336e-01,2.1164749557e-01,2.0950715812e-01,2.1162897494e-01,2.0990688512e-01,2.0814439528e-01,2.0622193669e-01
5019,50.1900,2.1560380242e-01,2.1367187938e-01,2.1170226159e-01,2.0956192414e-01,2.1168374097e-01,2.0996165114e-01,2.0819916130e-01,2.0627670271e-01
5020,50.2000,2.1565856844e-01,2.1372664540e-01,2.1175702761e-01,2.0961669016e-01,2.1173850699e-01,2.1001641716e-01,2.0825392732e-01,2.0633146873e-01
5021,50.2100,2.1571333446e-01,2.1378141142e-01,2.1181179363e-01,2.0967145618e-01,2.1179327301e-01,2.1007118318e-01,2.0830869334e-01,2.0638623475e-01
5022,50.2200,2.1576810048e-01,2.1383617744e-01,2.1186655965e-01,2.0972622220e-01,2.1184803903e-01,2.1012594920e-01,2.0836345936e-01,2.0644100077e-01
5023,50.2300,2.1582286650e-01,2.1389094346e-01,2.1192132567e-01,2.0978098822e-01,2.1190280505e-01,2.1018071522e-01,2.0841822538e-01,2.0649576679e-01
5024,50.2400,2.1587763252e-01,2.1394570949e-01,2.1197609169e-01,2.0983575424e-01,2.1195757107e-01,2.1023548124e-01,2.0847299140e-01,2.0655053281e-01
5025,50.2500,2.1593239854e-01,2.1400047551e-01,2.1203085772e-01,2.0989052026e-01,2.1201233709e-01,2.1029024726e-01,2.0852775742e-01,2.0660529883e-01
5026,50.2600,2.1598716456e-01,2.1405524153e-01,2.1208562374e-01,2.0994528628e-01,2.1206710311e-01,2.1034501329e-01,2.0858252344e-01,2.0666006485e-01
5027,50.2700,2.1604193059e-01,2.1411000755e-01,2.1214038976e-01,2.1000005230e-01,2.1212186913e-01,2.1039977931e-01,2.0863728946e-01,2.0671483088e-01
5028,50.2800,2.1609669661e-01,2.1416477357e-01,2.1219515578e-01,2.1005481832e-01,2.1217663515e-01,2.1045454533e-01,2.0869205548e-01,2.0676959690e-01
5029,50.2900,2.1615146263e-01,2.1421953959e-01,2.1224992180e-01,2.1010958435e-01,2.1223140117e-01,2.1050931135e-01,2.0874682150e-01,2.0682436292e-01
5030,50.3000,2.1620622865e-01,2.1427430561e-01,2.1230468782e-01,2.1016435037e-01,2.1228616719e-01,2.1056407737e-01,2.0880158752e-01,2.0687912894e-01
5031,50.3100,2.1626099467e-01,2.1432907163e-01,2.1235945384e-01,2.1021911639e-01,2.1234093321e-01,2.1061884339e-01,2.0885635355e-01,2.0693389496e-01
5032,50.3200,2.1631576069e-01,2.1438383766e-01,2.1241421986e-01,2.1027388241e-01,2.1239569924e-01,2.1067360941e-01,2.0891111957e-01,2.0698866098e-01
5033,50.3300,2.1637052671e-01,2.1443860368e-01,2.1246898588e-01,2.1032864843e-01,2.1245046526e-01,2.1072837543e-01,2.0896588559e-01,2.0704342700e-01
5034,50.3400,2.1642529273e-01,2.1449336970e-01,2.1252375191e-01,2.1038341445e-01,2.1250523128e-01,2.1078314145e-01,2.0902065161e-01,2.0709819302e-01
5035,50.3500,2.1648005875e-01,2.1454813572e-01,2.1257851793e-01,2.1043818047e-01,2.1255999730e-01,2.1083790747e-01,2.0907541763e-01,2.0715295904e-01
5036,50.3600,2.1653482477e-01,2.1460290174e-01,2.1263328395e-01,2.1049294649e-01,2.1261476332e-01,2.1089267349e-01,2.0913018365e-01,2.0720772506e-01
5037,50.3700,2.1658959079e-01,2.1465766776e-01,2.1268804997e-01,2.1054771251e-01,2.1266952934e-01,2.1094743951e-01,2.0918494967e-01,2.0726249108e-01
5038,50.3800,2.1664435682e-01,2.1471243378e-01,2.1274281599e-01,2.1060247853e-01,2.1272429536e-01,2.1100220554e-01,2.0923971569e-01,2.0731725710e-01
5039,50.3900,2.1669912284e-01,2.1476719980e-01,2.1279758201e-01,2.1065724456e-01,2.1277906138e-01,2.1105697156e-01,2.0929448171e-01,2.0737202312e-01
5040,50.4000,2.1675388886e-01,2.1482196582e-01,2.1285234803e-01,2.1071201058e-01,2.1283382740e-01,2.1111173758e-01,2.0934924773e-01,2.0742678914e-01
5041,50.4100,2.1680865488e-01,2.1487673185e-01,2.1290711405e-01,2.1076677660e-01,2.1288859342e-01,2.1116650360e-01,2.0940401375e-01,2.0748155516e-01
5042,50.4200,2.1686342090e-01,2.1493149787e-01,2.1296188007e-01,2.1082154262e-01,2.1294335944e-01,2.1122126962e-01,2.0945877977e-01,2.0753632118e-01
5043,50.4300,2.1691818692e-01,2.1498626389e-01,2.1301664609e-01,2.1087630864e-01,2.1299812546e-01,2.1127603564e-01,2.0951354579e-01,2.0759108720e-01
5044,50.4400,2.1697295294e-01,2.1504102991e-01,2.1307141212e-01,2.1093107466e-01,2.1305289148e-01,2.1133080166e-01,2.0956831181e-01,2.0764585322e-01
5045,50.4500,2.1702771896e-01,2.1509579593e-01,2.1312617814e-01,2.1098584068e-01,2.1310765751e-01,2.1138556768e-01,2.0962307783e-01,2.0770061925e-01
5046,50.4600,2.1708248498e-01,2.1515056195e-01,2.1318094416e-01,2.1104060670e-01,2.1316242353e-01,2.1144033370e-01,2.0967784385e-01,2.0775538527e-01
5047,50.4700,2.1713725100e-01,2.1520532797e-01,2.1323571018e-01,2.1109537272e-01,2.1321718955e-01,2.1149509972e-01,2.0973260987e-01,2.0781015129e-01
5048,50.4800,2.1719201703e-01,2.1526009399e-01,2.1329047620e-01,2.1115013874e-01,2.1327195557e-01,2.1154986574e-01,2.0978737589e-01,2.0786491731e-01
5049,50.4900,2.1724678305e-01,2.1531486002e-01,2.1334524222e-01,2.1120490477e-01,2.1332672159e-01,2.1160463177e-01,2.0984214191e-01,2.0791968333e-01
5050,50.5000,2.1730154907e-01,2.1536962604e-01,2.1340000824e-01,2.1125967079e-01,2.1338148761e-01,2.1165939779e-01,2.0989690794e-01,2.0797444935e-01
5051,50.5100,2.1735631509e-01,2.1542439206e-01,2.1345477426e-01,2.1131443681e-01,2.1343625363e-01,2.1171416381e-01,2.0995167396e-01,2.0802921537e-01
5052,50.5200,2.1741108111e-01,2.1547915808e-01,2.1350954028e-01,2.1136920283e-01,2.1349101965e-01,2.1176892983e-01,2.1000643998e-01,2.0808398139e-01
5053,50.5300,2.1746584713e-01,2.1553392410e-01,2.1356430630e-01,2.1142396885e-01,2.1354578567e-01,2.1182369585e-01,2.1006120600e-01,2.0813874741e-01
5054,50.5400,2.1752061315e-01,2.1558869012e-01,2.1361907233e-01,2.1147873487e-01,2.1360055169e-01,2.1187846187e-01,2.1011597202e-01,2.0819351343e-01
5055,50.5500,2.1757537917e-01,2.1564345614e-01,2.1367383835e-01,2.1153350089e-01,2.1365531771e-01,2.1193322789e-01,2.1017073804e-01,2.0824827945e-01
5056,50.5600,2.1763014519e-01,2.1569822216e-01,2.1372860437e-01,2.1158826691e-01,2.1371008373e-01,2.1198799391e-01,2.1022550406e-01,2.0830304547e-01
5057,50.5700,2.1768491121e-01,2.1575298819e-01,2.1378337039e-01,2.1164303293e-01,2.1376484975e-01,2.1204275993e-01,2.1028027008e-01,2.0835781149e-01
5058,50.5800,2.1773967723e-01,2.1580775421e-01,2.1383813641e-01,2.1169779895e-01,2.1381961578e-01,2.1209752595e-01,2.1033503610e-01,2.0841257751e-01
5059,50.5900,2.1779444326e-01,2.1586252023e-01,2.1389290243e-01,2.1175256497e-01,2.1387438180e-01,2.1215229197e-01,2.1038980212e-01,2.0846734353e-01
5060,50.6000,2.1784920928e-01,2.1591728625e-01,2.1394766845e-01,2.1180733100e-01,2.1392914782e-01,2.1220705799e-01,2.1044456814e-01,2.0852210955e-01
5061,50.6100,2.1790397530e-01,2.1597205227e-01,2.1400243447e-01,2.1186209702e-01,2.1398391384e-01,2.1226182402e-01,2.1049933416e-01,2.0857687557e-01
5062,50.6200,2.1795874132e-01,2.1602681829e-01,2.1405720049e-01,2.1191686304e-01,2.1403867986e-01,2.1231659004e-01,2.1055410018e-01,2.0863164160e-01
5063,50.6300,2.1801350734e-01,2.1608158431e-01,2.1411196652e-01,2.1197162906e-01,2.1409344588e-01,2.1237135606e-01,2.1060886620e-01,2.0868640762e-01
5064,50.6400,2.1806827336e-01,2.1613635033e-01,2.1416673254e-01,2.1202639508e-01,2.1414821190e-01,2.1242612208e-01,2.1066363222e-01,2.0874117364e-01
5065,50.6500,2.1812303938e-01,2.1619111636e-01,2.1422149856e-01,2.1208116110e-01,2.1420297792e-01,2.1248088810e-01,2.1071839824e-01,2.0879593966e-01
5066,50.6600,2.1817780540e-01,2.1624588238e-01,2.1427626458e-01,2.1213592712e-01,2.1425774394e-01,2.1253565412e-01,2.1077316426e-01,2.0885070568e-01
5067,50.6700,2.1823257142e-01,2.1630064840e-01,2.1433103060e-01,2.1219069314e-01,2.1431250996e-01,2.1259042014e-01,2.1082793028e-01,2.0890547170e-01
5068,50.6800,2.1828733744e-01,2.1635541442e-01,2.1438579662e-01,2.1224545916e-01,2.1436727598e-01,2.1264518616e-01,2.1088269631e-01,2.0896023772e-01
5069,50.6900,2.1834210347e-01,2.1641018044e-01,2.1444056264e-01,2.1230022518e-01,2.1442204200e-01,2.1269995218e-01,2.1093746233e-01,2.0901500374e-01
5070,50.7000,2.1839686949e-01,2.1646494646e-01,2.1449532866e-01,2.1235499121e-01,2.1447680802e-01,2.1275471820e-01,2.1099222835e-01,2.0906976976e-01
5071,50.7100,2.1845163551e-01,2.1651971248e-01,2.1455009468e-01,2.1240975723e-01,2.1453157405e-01,2.1280948422e-01,2.1104699437e-01,2.0912453578e-01
5072,50.7200,2.1850640153e-01,2.1657447850e-01,2.1460486070e-01,2.1246452325e-01,2.1458634007e-01,2.1286425025e-01,2.1110176039e-01,2.0917930180e-01
5073,50.7300,2.1856116755e-01,2.1662924452e-01,2.1465962673e-01,2.1251928927e-01,2.1464110609e-01,2.1291901627e-01,2.1115652641e-01,2.0923406782e-01
5074,50.7400,2.1861593357e-01,2.1668401055e-01,2.1471439275e-01,2.1257405529e-01,2.1469587211e-01,2.1297378229e-01,2.1121129243e-01,2.0928883384e-01
5075,50.7500,2.1867069959e-01,2.1673877657e-01,2.1476915877e-01,2.1262882131e-01,2.1475063813e-01,2.1302854831e-01,2.1126605845e-01,2.0934359986e-01
5076,50.7600,2.1872546561e-01,2.1679354259e-01,2.1482392479e-01,2.1268358733e-01,2.1480540415e-01,2.1308331433e-01,2.1132082447e-01,2.0939836588e-01
5077,50.7700,2.1878023163e-01,2.1684830861e-01,2.1487869081e-01,2.1273835335e-01,2.1486017017e-01,2.1313808035e-01,2.1137559049e-01,2.0945313190e-01
5078,50.7800,2.1883499765e-01,2.1690307463e-01,2.1493345683e-01,2.1279311937e-01,2.1491493619e-01,2.1319284637e-01,2.1143035651e-01,2.0950789792e-01
5079,50.7900,2.1888976367e-01,2.1695784065e-01,2.1498822285e-01,2.1284788539e-01,2.1496970221e-01,2.1324761239e-01,2.1148512253e-01,2.0956266394e-01
5080,50.8000,2.1894452970e-01,2.1701260667e-01,2.1504298887e-01,2.1290265141e-01,2.1502446823e-01,2.1330237841e-01,2.1153988855e-01,2.0961742997e-01
5081,50.8100,2.1899929572e-01,2.1706737269e-01,2.1509775489e-01,2.1295741744e-01,2.1507923425e-01,2.1335714443e-01,2.1159465457e-01,2.0967219599e-01
5082,50.8200,2.1905406174e-01,2.1712213872e-01,2.1515252091e-01,2.1301218346e-01,2.1513400027e-01,2.1341191045e-01,2.1164942059e-01,2.0972696201e-01
5083,50.8300,2.1910882776e-01,2.1717690474e-01,2.1520728694e-01,2.1306694948e-01,2.1518876629e-01,2.1346667647e-01,2.1170418661e-01,2.0978172803e-01
5084,50.8400,2.1916359378e-01,2.1723167076e-01,2.1526205296e-01,2.1312171550e-01,2.1524353232e-01,2.1352144250e-01,2.1175895263e-01,2.0983649405e-01
5085,50.8500,2.1921835980e-01,2.1728643678e-01,2.1531681898e-01,2.1317648152e-01,2.1529829834e-01,2.1357620852e-01,2.1181371865e-01,2.0989126007e-01
5086,50.8600,2.1927312582e-01,2.1734120280e-01,2.1537158500e-01,2.1323124754e-01,2.1535306436e-01,2.1363097454e-01,2.1186848468e-01,2.0994602609e-01
5087,50.8700,2.1932789184e-01,2.1739596882e-01,2.1542635102e-01,2.1328601356e-01,2.1540783038e-01,2.1368574056e-01,2.1192325070e-01,2.1000079211e-01
5088,50.8800,2.1938265786e-01,2.1745073484e-01,2.1548111704e-01,2.1334077958e-01,2.1546259640e-01,2.1374050658e-01,2.1197801672e-01,2.1005555813e-01
5089,50.8900,2.1943742388e-01,2.1750550086e-01,2.1553588306e-01,2.1339554560e-01,2.1551736242e-01,2.1379527260e-01,2.1203278274e-01,2.1011032415e-01
5090,50.9000,2.1949218991e-01,2.1756026689e-01,2.1559064908e-01,2.1345031162e-01,2.1557212844e-01,2.1385003862e-01,2.1208754876e-01,2.1016509017e-01
5091,50.9100,2.1954695593e-01,2.1761503291e-01,2.1564541510e-01,2.1350507765e-01,2.1562689446e-01,2.1390480464e-01,2.1214231478e-01,2.1021985619e-01
5092,50.9200,2.1960172195e-01,2.1766979893e-01,2.1570018113e-01,2.1355984367e-01,2.1568166048e-01,2.1395957066e-01,2.1219708080e-01,2.1027462221e-01
5093,50.9300,2.1965648797e-01,2.1772456495e-01,2.1575494715e-01,2.1361460969e-01,2.1573642650e-01,2.1401433668e-01,2.1225184682e-01,2.1032938823e-01
5094,50.9400,2.1971125399e-01,2.1777933097e-01,2.1580971317e-01,2.1366937571e-01,2.1579119252e-01,2.1406910270e-01,2.1230661284e-01,2.1038415425e-01
5095,50.9500,2.1976602001e-01,2.1783409699e-01,2.1586447919e-01,2.1372414173e-01,2.1584595854e-01,2.1412386872e-01,2.1236137886e-01,2.1043892027e-01
5096,50.9600,2.1982078603e-01,2.1788886301e-01,2.1591924521e-01,2.1377890775e-01,2.1590072456e-01,2.1417863475e-01,2.1241614488e-01,2.1049368629e-01
5097,50.9700,2.1987555205e-01,2.1794362903e-01,2.1597401123e-01,2.1383367377e-01,2.1595549059e-01,2.1423340077e-01,2.1247091090e-01,2.1054845232e-01
5098,50.9800,2.1993031807e-01,2.1799839506e-01,2.1602877725e-01,2.1388843979e-01,2.1601025661e-01,2.1428816679e-01,2.1252567692e-01,2.1060321834e-01
5099,50.9900,2.1998508409e-01,2.1805316108e-01,2.1608354327e-01,2.1394320581e-01,2.1606502263e-01,2.1434293281e-01,2.1258044294e-01,2.1065798436e-01
5100,51.0000,2.2003985011e-01,2.1810792710e-01,2.1613830929e-01,2.1399797183e-01,2.1611978865e-01,2.1439769883e-01,2.1263520896e-01,2.1071275038e-01
5101,51.0100,2.2009461614e-01,2.1816269312e-01,2.1619307531e-01,2.1405273785e-01,2.1617455467e-01,2.1445246485e-01,2.1268997498e-01,2.1076751640e-01
5102,51.0200,2.2014938216e-01,2.1821745914e-01,2.1624784134e-01,2.1410750388e-01,2.1622932069e-01,2.1450723087e-01,2.1274474100e-01,2.1082228242e-01
5103,51.0300,2.2020414818e-01,2.1827222516e-01,2.1630260736e-01,2.1416226990e-01,2.1628408671e-01,2.1456199689e-01,2.1279950702e-01,2.1087704844e-01
5104,51.0400,2.2025891420e-01,2.1832699118e-01,2.1635737338e-01,2.1421703592e-01,2.1633885273e-01,2.1461676291e-01,2.1285427305e-01,2.1093181446e-01
5105,51.0500,2.2031368022e-01,2.1838175720e-01,2.1641213940e-01,2.1427180194e-01,2.1639361875e-01,2.1467152893e-01,2.1290903907e-01,2.1098658048e-01
5106,51.0600,2.2036844624e-01,2.1843652322e-01,2.1646690542e-01,2.1432656796e-01,2.1644838477e-01,2.1472629495e-01,2.1296380509e-01,2.1104134650e-01
5107,51.0700,2.2042321226e-01,2.1849128925e-01,2.1652167144e-01,2.1438133398e-01,2.1650315079e-01,2.1478106098e-01,2.1301857111e-01,2.1109611252e-01
5108,51.0800,2.2047797828e-01,2.1854605527e-01,2.1657643746e-01,2.1443610000e-01,2.1655791681e-01,2.1483582700e-01,2.1307333713e-01,2.1115087854e-01
5109,51.0900,2.2053274430e-01,2.1860082129e-01,2.1663120348e-01,2.1449086602e-01,2.1661268283e-01,2.1489059302e-01,2.1312810315e-01,2.1120564456e-01
5110,51.1000,2.2058751032e-01,2.1865558731e-01,2.1668596950e-01,2.1454563204e-01,2.1666744886e-01,2.1494535904e-01,2.1318286917e-01,2.1126041058e-01
5111,51.1100,2.2064227635e-01,2.1871035333e-01,2.1674073552e-01,2.1460039806e-01,2.1672221488e-01,2.1500012506e-01,2.1323763519e-01,2.1131517660e-01
5112,51.1200,2.2069704237e-01,2.1876511935e-01,2.1679550155e-01,2.1465516409e-01,2.1677698090e-01,2.1505489108e-01,2.1329240121e-01,2.1136994262e-01
5113,51.1300,2.2075180839e-01,2.1881988537e-01,2.1685026757e-01,2.1470993011e-01,2.1683174692e-01,2.1510965710e-01,2.1334716723e-01,2.1142470864e-01
5114,51.1400,2.2080657441e-01,2.1887465139e-01,2.1690503359e-01,2.1476469613e-01,2.1688651294e-01,2.1516442312e-01,2.1340193325e-01,2.1147947467e-01
5115,51.1500,2.2086134043e-01,2.1892941742e-01,2.1695979961e-01,2.1481946215e-01,2.1694127896e-01,2.1521918914e-01,2.1345669927e-01,2.1153424069e-01
5116,51.1600,2.2091610645e-01,2.1898418344e-01,2.1701456563e-01,2.1487422817e-01,2.1699604498e-01,2.1527395516e-01,2.1351146529e-01,2.1158900671e-01
5117,51.1700,2.2097087247e-01,2.1903894946e-01,2.1706933165e-01,2.1492899419e-01,2.1705081100e-01,2.1532872118e-01,2.1356623131e-01,2.1164377273e-01
5118,51.1800,2.2102563849e-01,2.1909371548e-01,2.1712409767e-01,2.1498376021e-01,2.1710557702e-01,2.1538348720e-01,2.1362099733e-01,2.1169853875e-01
5119,51.1900,2.2108040451e-01,2.1914848150e-01,2.1717886369e-01,2.1503852623e-01,2.1716034304e-01,2.1543825323e-01,2.1367576335e-01,2.1175330477e-01
5120,51.2000,2.2113517053e-01,2.1920324752e-01,2.1723362971e-01,2.1509329225e-01,2.1721510906e-01,2.1549301925e-01,2.1373052937e-01,2.1180807079e-01
5121,51.2100,2.2118993655e-01,2.1925801354e-01,2.1728839573e-01,2.1514805827e-01,2.1726987508e-01,2.1554778527e-01,2.1378529539e-01,2.1186283681e-01
5122,51.2200,2.2124470258e-01,2.1931277956e-01,2.1734316176e-01,2.1520282430e-01,2.1732464110e-01,2.1560255129e-01,2.1384006142e-01,2.1191760283e-01
5123,51.2300,2.2129946860e-01,2.1936754559e-01,2.1739792778e-01,2.1525759032e-01,2.1737940713e-01,2.1565731731e-01,2.1389482744e-01,2.1197236885e-01
5124,51.2400,2.2135423462e-01,2.1942231161e-01,2.1745269380e-01,2.1531235634e-01,2.1743417315e-01,2.1571208333e-01,2.1394959346e-01,2.1202713487e-01
5125,51.2500,2.2140900064e-01,2.1947707763e-01,2.1750745982e-01,2.1536712236e-01,2.1748893917e-01,2.1576684935e-01,2.1400435948e-01,2.1208190089e-01
5126,51.2600,2.2146376666e-01,2.1953184365e-01,2.1756222584e-01,2.1542188838e-01,2.1754370519e-01,2.1582161537e-01,2.1405912550e-01,2.1213666691e-01
5127,51.2700,2.2151853268e-01,2.1958660967e-01,2.1761699186e-01,2.1547665440e-01,2.1759847121e-01,2.1587638139e-01,2.1411389152e-01,2.1219143293e-01
5128,51.2800,2.2157329870e-01,2.1964137569e-01,2.1767175788e-01,2.1553142042e-01,2.1765323723e-01,2.1593114741e-01,2.1416865754e-01,2.1224619895e-01
5129,51.2900,2.2162806472e-01,2.1969614171e-01,2.1772652390e-01,2.1558618644e-01,2.1770800325e-01,2.1598591343e-01,2.1422342356e-01,2.1230096497e-01
5130,51.3000,2.2168283074e-01,2.1975090773e-01,2.1778128992e-01,2.1564095246e-01,2.1776276927e-01,2.1604067945e-01,2.1427818958e-01,2.1235573099e-01
5131,51.3100,2.2173759676e-01,2.1980567376e-01,2.1783605595e-01,2.1569571848e-01,2.1781753529e-01,2.1609544548e-01,2.1433295560e-01,2.1241049701e-01
5132,51.3200,2.2179236279e-01,2.1986043978e-01,2.1789082197e-01,2.1575048450e-01,2.1787230131e-01,2.1615021150e-01,2.1438772162e-01,2.1246526304e-01
5133,51.3300,2.2184712881e-01,2.1991520580e-01,2.1794558799e-01,2.1580525053e-01,2.1792706733e-01,2.1620497752e-01,2.1444248764e-01,2.1252002906e-01
5134,51.3400,2.2190189483e-01,2.1996997182e-01,2.1800035401e-01,2.1586001655e-01,2.1798183335e-01,2.1625974354e-01,2.1449725366e-01,2.1257479508e-01
5135,51.3500,2.2195666085e-01,2.2002473784e-01,2.1805512003e-01,2.1591478257e-01,2.1803659937e-01,2.1631450956e-01,2.1455201968e-01,2.1262956110e-01
5136,51.3600,2.2201142687e-01,2.2007950386e-01,2.1810988605e-01,2.1596954859e-01,2.1809136540e-01,2.1636927558e-01,2.1460678570e-01,2.1268432712e-01
5137,51.3700,2.2206619289e-01,2.2013426988e-01,2.1816465207e-01,2.1602431461e-01,2.1814613142e-01,2.1642404160e-01,2.1466155172e-01,2.1273909314e-01
5138,51.3800,2.2212095891e-01,2.2018903590e-01,2.1821941809e-01,2.1607908063e-01,2.1820089744e-01,2.1647880762e-01,2.1471631774e-01,2.1279385916e-01
5139,51.3900,2.2217572493e-01,2.2024380192e-01,2.1827418411e-01,2.1613384665e-01,2.1825566346e-01,2.1653357364e-01,2.1477108376e-01,2.1284862518e-01
5140,51.4000,2.2223049095e-01,2.2029856795e-01,2.1832895013e-01,2.1618861267e-01,2.1831042948e-01,2.1658833966e-01,2.1482584979e-01,2.1290339120e-01
5141,51.4100,2.2228525697e-01,2.2035333397e-01,2.1838371616e-01,2.1624337869e-01,2.1836519550e-01,2.1664310568e-01,2.1488061581e-01,2.1295815722e-01
5142,51.4200,2.2234002299e-01,2.2040809999e-01,2.1843848218e-01,2.1629814471e-01,2.1841996152e-01,2.1669787171e-01,2.1493538183e-01,2.1301292324e-01
5143,51.4300,2.2239478902e-01,2.2046286601e-01,2.1849324820e-01,2.1635291074e-01,2.1847472754e-01,2.1675263773e-01,2.1499014785e-01,2.1306768926e-01
5144,51.4400,2.2244955504e-01,2.2051763203e-01,2.1854801422e-01,2.1640767676e-01,2.1852949356e-01,2.1680740375e-01,2.1504491387e-01,2.1312245528e-01
5145,51.4500,2.2250432106e-01,2.2057239805e-01,2.1860278024e-01,2.1646244278e-01,2.1858425958e-01,2.1686216977e-01,2.1509967989e-01,2.1317722130e-01
5146,51.4600,2.2255908708e-01,2.2062716407e-01,2.1865754626e-01,2.1651720880e-01,2.1863902560e-01,2.1691693579e-01,2.1515444591e-01,2.1323198732e-01
5147,51.4700,2.2261385310e-01,2.2068193009e-01,2.1871231228e-01,2.1657197482e-01,2.1869379162e-01,2.1697170181e-01,2.1520921193e-01,2.1328675334e-01
5148,51.4800,2.2266861912e-01,2.2073669612e-01,2.1876707830e-01,2.1662674084e-01,2.1874855764e-01,2.1702646783e-01,2.1526397795e-01,2.1334151936e-01
5149,51.4900,2.2272338514e-01,2.2079146214e-01,2.1882184432e-01,2.1668150686e-01,2.1880332367e-01,2.1708123385e-01,2.1531874397e-01,2.1339628539e-01
5150,51.5000,2.2277815116e-01,2.2084622816e-01,2.1887661034e-01,2.1673627288e-01,2.1885808969e-01,2.1713599987e-01,2.1537350999e-01,2.1345105141e-01
5151,51.5100,2.2283291718e-01,2.2090099418e-01,2.1893137637e-01,2.1679103890e-01,2.1891285571e-01,2.1719076589e-01,2.1542827601e-01,2.1350581743e-01
5152,51.5200,2.2288768320e-01,2.2095576020e-01,2.1898614239e-01,2.1684580492e-01,2.1896762173e-01,2.1724553191e-01,2.1548304203e-01,2.1356058345e-01
5153,51.5300,2.2294244923e-01,2.2101052622e-01,2.1904090841e-01,2.1690057094e-01,2.1902238775e-01,2.1730029793e-01,2.1553780805e-01,2.1361534947e-01
5154,51.5400,2.2299721525e-01,2.2106529224e-01,2.1909567443e-01,2.1695533697e-01,2.1907715377e-01,2.1735506396e-01,2.1559257407e-01,2.1367011549e-01
5155,51.5500,2.2305198127e-01,2.2112005826e-01,2.1915044045e-01,2.1701010299e-01,2.1913191979e-01,2.1740982998e-01,2.1564734009e-01,2.1372488151e-01
5156,51.5600,2.2310674729e-01,2.2117482429e-01,2.1920520647e-01,2.1706486901e-01,2.1918668581e-01,2.1746459600e-01,2.1570210611e-01,2.1377964753e-01
5157,51.5700,2.2316151331e-01,2.2122959031e-01,2.1925997249e-01,2.1711963503e-01,2.1924145183e-01,2.1751936202e-01,2.1575687213e-01,2.1383441355e-01
5158,51.5800,2.2321627933e-01,2.2128435633e-01,2.1931473851e-01,2.1717440105e-01,2.1929621785e-01,2.1757412804e-01,2.1581163816e-01,2.1388917957e-01
5159,51.5900,2.2327104535e-01,2.2133912235e-01,2.1936950453e-01,2.1722916707e-01,2.1935098387e-01,2.1762889406e-01,2.1586640418e-01,2.1394394559e-01
5160,51.6000,2.2332581137e-01,2.2139388837e-01,2.1942427056e-01,2.1728393309e-01,2.1940574989e-01,2.1768366008e-01,2.1592117020e-01,2.1399871161e-01
5161,51.6100,2.2338057739e-01,2.2144865439e-01,2.1947903658e-01,2.1733869911e-01,2.1946051591e-01,2.1773842610e-01,2.1597593622e-01,2.1405347763e-01
5162,51.6200,2.2343534341e-01,2.2150342041e-01,2.1953380260e-01,2.1739346513e-01,2.1951528193e-01,2.1779319212e-01,2.1603070224e-01,2.1410824365e-01
5163,51.6300,2.2349010943e-01,2.2155818643e-01,2.1958856862e-01,2.1744823115e-01,2.1957004796e-01,2.1784795814e-01,2.1608546826e-01,2.1416300967e-01
5164,51.6400,2.2354487546e-01,2.2161295246e-01,2.1964333464e-01,2.1750299718e-01,2.1962481398e-01,2.1790272416e-01,2.1614023428e-01,2.1421777569e-01
5165,51.6500,2.2359964148e-01,2.2166771848e-01,2.1969810066e-01,2.1755776320e-01,2.1967958000e-01,2.1795749018e-01,2.1619500030e-01,2.1427254171e-01
5166,51.6600,2.2365440750e-01,2.2172248450e-01,2.1975286668e-01,2.1761252922e-01,2.1973434602e-01,2.1801225621e-01,2.1624976632e-01,2.1432730774e-01
5167,51.6700,2.2370917352e-01,2.2177725052e-01,2.1980763270e-01,2.1766729524e-01,2.1978911204e-01,2.1806702223e-01,2.1630453234e-01,2.1438207376e-01
5168,51.6800,2.2376393954e-01,2.2183201654e-01,2.1986239872e-01,2.1772206126e-01,2.1984387806e-01,2.1812178825e-01,2.1635929836e-01,2.1443683978e-01
5169,51.6900,2.2381870556e-01,2.2188678256e-01,2.1991716474e-01,2.1777682728e-01,2.1989864408e-01,2.1817655427e-01,2.1641406438e-01,2.1449160580e-01
5170,51.7000,2.2387347158e-01,2.2194154858e-01,2.1997193077e-01,2.1783159330e-01,2.1995341010e-01,2.1823132029e-01,2.1646883040e-01,2.1454637182e-01
5171,51.7100,2.2392823760e-01,2.2199631460e-01,2.2002669679e-01,2.1788635932e-01,2.2000817612e-01,2.1828608631e-01,2.1652359642e-01,2.1460113784e-01
5172,51.7200,2.2398300362e-01,2.2205108062e-01,2.2008146281e-01,2.1794112534e-01,2.2006294214e-01,2.1834085233e-01,2.1657836244e-01,2.1465590386e-01
5173,51.7300,2.2403776964e-01,2.2210584665e-01,2.2013622883e-01,2.1799589136e-01,2.2011770816e-01,2.1839561835e-01,2.1663312846e-01,2.1471066988e-01
5174,51.7400,2.2409253567e-01,2.2216061267e-01,2.2019099485e-01,2.1805065738e-01,2.2017247418e-01,2.1845038437e-01,2.1668789448e-01,2.1476543590e-01
5175,51.7500,2.2414730169e-01,2.2221537869e-01,2.2024576087e-01,2.1810542341e-01,2.2022724020e-01,2.1850515039e-01,2.1674266050e-01,2.1482020192e-01
5176,51.7600,2.2420206771e-01,2.2227014471e-01,2.2030052689e-01,2.1816018943e-01,2.2028200623e-01,2.1855991641e-01,2.1679742653e-01,2.1487496794e-01
5177,51.7700,2.2425683373e-01,2.2232491073e-01,2.2035529291e-01,2.1821495545e-01,2.2033677225e-01,2.1861468244e-01,2.1685219255e-01,2.1492973396e-01
5178,51.7800,2.2431159975e-01,2.2237967675e-01,2.2041005893e-01,2.1826972147e-01,2.2039153827e-01,2.1866944846e-01,2.1690695857e-01,2.1498449998e-01
5179,51.7900,2.2436636577e-01,2.2243444277e-01,2.2046482495e-01,2.1832448749e-01,2.2044630429e-01,2.1872421448e-01,2.1696172459e-01,2.1503926600e-01
5180,51.8000,2.2442113179e-01,2.2248920879e-01,2.2051959098e-01,2.1837925351e-01,2.2050107031e-01,2.1877898050e-01,2.1701649061e-01,2.1509403202e-01
5181,51.8100,2.2447589781e-01,2.2254397482e-01,2.2057435700e-01,2.1843401953e-01,2.2055583633e-01,2.1883374652e-01,2.1707125663e-01,2.1514879804e-01
5182,51.8200,2.2453066383e-01,2.2259874084e-01,2.2062912302e-01,2.1848878555e-01,2.2061060235e-01,2.1888851254e-01,2.1712602265e-01,2.1520356406e-01
5183,51.8300,2.2458542985e-01,2.2265350686e-01,2.2068388904e-01,2.1854355157e-01,2.2066536837e-01,2.1894327856e-01,2.1718078867e-01,2.1525833008e-01
5184,51.8400,2.2464019587e-01,2.2270827288e-01,2.2073865506e-01,2.1859831759e-01,2.2072013439e-01,2.1899804458e-01,2.1723555469e-01,2.1531309611e-01
5185,51.8500,2.2469496190e-01,2.2276303890e-01,2.2079342108e-01,2.1865308362e-01,2.2077490041e-01,2.1905281060e-01,2.1729032071e-01,2.1536786213e-01
5186,51.8600,2.2474972792e-01,2.2281780492e-01,2.2084818710e-01,2.1870784964e-01,2.2082966643e-01,2.1910757662e-01,2.1734508673e-01,2.1542262815e-01
5187,51.8700,2.2480449394e-01,2.2287257094e-01,2.2090295312e-01,2.1876261566e-01,2.2088443245e-01,2.1916234264e-01,2.1739985275e-01,2.1547739417e-01
5188,51.8800,2.2485925996e-01,2.2292733696e-01,2.2095771914e-01,2.1881738168e-01,2.2093919847e-01,2.1921710866e-01,2.1745461877e-01,2.1553216019e-01
5189,51.8900,2.2491402598e-01,2.2298210299e-01,2.2101248516e-01,2.1887214770e-01,2.2099396450e-01,2.1927187469e-01,2.1750938479e-01,2.1558692621e-01
5190,51.9000,2.2496879200e-01,2.2303686901e-01,2.2106725119e-01,2.1892691372e-01,2.2104873052e-01,2.1932664071e-01,2.1756415081e-01,2.1564169223e-01
5191,51.9100,2.2502355802e-01,2.2309163503e-01,2.2112201721e-01,2.1898167974e-01,2.2110349654e-01,2.1938140673e-01,2.1761891683e-01,2.1569645825e-01
5192,51.9200,2.2507832404e-01,2.2314640105e-01,2.2117678323e-01,2.1903644576e-01,2.2115826256e-01,2.1943617275e-01,2.1767368285e-01,2.1575122427e-01
5193,51.9300,2.2513309006e-01,2.2320116707e-01,2.2123154925e-01,2.1909121178e-01,2.2121302858e-01,2.1949093877e-01,2.1772844887e-01,2.1580599029e-01
5194,51.9400,2.2518785608e-01,2.2325593309e-01,2.2128631527e-01,2.1914597780e-01,2.2126779460e-01,2.1954570479e-01,2.1778321489e-01,2.1586075631e-01
5195,51.9500,2.2524262211e-01,2.2331069911e-01,2.2134108129e-01,2.1920074382e-01,2.2132256062e-01,2.1960047081e-01,2.1783798092e-01,2.1591552233e-01
5196,51.9600,2.2529738813e-01,2.2336546513e-01,2.2139584731e-01,2.1925550985e-01,2.2137732664e-01,2.1965523683e-01,2.1789274694e-01,2.1597028835e-01
5197,51.9700,2.2535215415e-01,2.2342023115e-01,2.2145061333e-01,2.1931027587e-01,2.2143209266e-01,2.1971000285e-01,2.1794751296e-01,2.1602505437e-01
5198,51.9800,2.2540692017e-01,2.2347499718e-01,2.2150537935e-01,2.1936504189e-01,2.2148685868e-01,2.1976476887e-01,2.1800227898e-01,2.1607982039e-01
5199,51.9900,2.2546168619e-01,2.2352976320e-01,2.2156014538e-01,2.1941980791e-01,2.2154162470e-01,2.1981953489e-01,2.1805704500e-01,2.1613458641e-01
5200,52.0000,2.2551645221e-01,2.2358452922e-01,2.2161491140e-01,2.1947457393e-01,2.2159639072e-01,2.1987430091e-01,2.1811181102e-01,2.1618935243e-01
5201,52.0100,2.2557121823e-01,2.2363929524e-01,2.2166967742e-01,2.1952933995e-01,2.2165115674e-01,2.1992906694e-01,2.1816657704e-01,2.1624411846e-01
5202,52.0200,2.2562598425e-01,2.2369406126e-01,2.2172444344e-01,2.1958410597e-01,2.2170592277e-01,2.1998383296e-01,2.1822134306e-01,2.1629888448e-01
5203,52.0300,2.2568075027e-01,2.2374882728e-01,2.2177920946e-01,2.1963887199e-01,2.2176068879e-01,2.2003859898e-01,2.1827610908e-01,2.1635365050e-01
5204,52.0400,2.2573551629e-01,2.2380359330e-01,2.2183397548e-01,2.1969363801e-01,2.2181545481e-01,2.2009336500e-01,2.1833087510e-01,2.1640841652e-01
5205,52.0500,2.2579028232e-01,2.2385835932e-01,2.2188874150e-01,2.1974840403e-01,2.2187022083e-01,2.2014813102e-01,2.1838564112e-01,2.1646318254e-01
5206,52.0600,2.2584504834e-01,2.2391312535e-01,2.2194350752e-01,2.1980317006e-01,2.2192498685e-01,2.2020289704e-01,2.1844040714e-01,2.1651794856e-01
5207,52.0700,2.2589981436e-01,2.2396789137e-01,2.2199827354e-01,2.1985793608e-01,2.2197975287e-01,2.2025766306e-01,2.1849517316e-01,2.1657271458e-01
5208,52.0800,2.2595458038e-01,2.2402265739e-01,2.2205303956e-01,2.1991270210e-01,2.2203451889e-01,2.2031242908e-01,2.1854993918e-01,2.1662748060e-01
5209,52.0900,2.2600934640e-01,2.2407742341e-01,2.2210780559e-01,2.1996746812e-01,2.2208928491e-01,2.2036719510e-01,2.1860470520e-01,2.1668224662e-01
5210,52.1000,2.2606411242e-01,2.2413218943e-01,2.2216257161e-01,2.2002223414e-01,2.2214405093e-01,2.2042196112e-01,2.1865947122e-01,2.1673701264e-01
5211,52.1100,2.2611887844e-01,2.2418695545e-01,2.2221733763e-01,2.2007700016e-01,2.2219881695e-01,2.2047672714e-01,2.1871423724e-01,2.1679177866e-01
5212,52.1200,2.2617364446e-01,2.2424172147e-01,2.2227210365e-01,2.2013176618e-01,2.2225358297e-01,2.2053149317e-01,2.1876900326e-01,2.1684654468e-01
5213,52.1300,2.2622841048e-01,2.2429648749e-01,2.2232686967e-01,2.2018653220e-01,2.2230834899e-01,2.2058625919e-01,2.1882376929e-01,2.1690131070e-01
5214,52.1400,2.2628317650e-01,2.2435125352e-01,2.2238163569e-01,2.2024129822e-01,2.2236311501e-01,2.2064102521e-01,2.1887853531e-01,2.1695607672e-01
5215,52.1500,2.2633794252e-01,2.2440601954e-01,2.2243640171e-01,2.2029606424e-01,2.2241788104e-01,2.2069579123e-01,2.1893330133e-01,2.1701084274e-01
5216,52.1600,2.2639270855e-01,2.2446078556e-01,2.2249116773e-01,2.2035083026e-01,2.2247264706e-01,2.2075055725e-01,2.1898806735e-01,2.1706560876e-01
5217,52.1700,2.2644747457e-01,2.2451555158e-01,2.2254593375e-01,2.2040559629e-01,2.2252741308e-01,2.2080532327e-01,2.1904283337e-01,2.1712037478e-01
5218,52.1800,2.2650224059e-01,2.2457031760e-01,2.2260069977e-01,2.2046036231e-01,2.2258217910e-01,2.2086008929e-01,2.1909759939e-01,2.1717514081e-01
5219,52.1900,2.2655700661e-01,2.2462508362e-01,2.2265546580e-01,2.2051512833e-01,2.2263694512e-01,2.2091485531e-01,2.1915236541e-01,2.1722990683e-01
5220,52.2000,2.2661177263e-01,2.2467984964e-01,2.2271023182e-01,2.2056989435e-01,2.2269171114e-01,2.2096962133e-01,2.1920713143e-01,2.1728467285e-01
5221,52.2100,2.2666653865e-01,2.2473461566e-01,2.2276499784e-01,2.2062466037e-01,2.2274647716e-01,2.2102438735e-01,2.1926189745e-01,2.1733943887e-01
5222,52.2200,2.2672130467e-01,2.2478938169e-01,2.2281976386e-01,2.2067942639e-01,2.2280124318e-01,2.2107915337e-01,2.1931666347e-01,2.1739420489e-01
5223,52.2300,2.2677607069e-01,2.2484414771e-01,2.2287452988e-01,2.2073419241e-01,2.2285600920e-01,2.2113391939e-01,2.1937142949e-01,2.1744897091e-01
5224,52.2400,2.2683083671e-01,2.2489891373e-01,2.2292929590e-01,2.2078895843e-01,2.2291077522e-01,2.2118868542e-01,2.1942619551e-01,2.1750373693e-01
5225,52.2500,2.2688560273e-01,2.2495367975e-01,2.2298406192e-01,2.2084372445e-01,2.2296554124e-01,2.2124345144e-01,2.1948096153e-01,2.1755850295e-01
5226,52.2600,2.2694036876e-01,2.2500844577e-01,2.2303882794e-01,2.2089849047e-01,2.2302030726e-01,2.2129821746e-01,2.1953572755e-01,2.1761326897e-01
5227,52.2700,2.2699513478e-01,2.2506321179e-01,2.2309359396e-01,2.2095325650e-01,2.2307507328e-01,2.2135298348e-01,2.1959049357e-01,2.1766803499e-01
5228,52.2800,2.2704990080e-01,2.2511797781e-01,2.2314835998e-01,2.2100802252e-01,2.2312983931e-01,2.2140774950e-01,2.1964525959e-01,2.1772280101e-01
5229,52.2900,2.2710466682e-01,2.2517274383e-01,2.2320312601e-01,2.2106278854e-01,2.2318460533e-01,2.2146251552e-01,2.1970002561e-01,2.1777756703e-01
5230,52.3000,2.2715943284e-01,2.2522750985e-01,2.2325789203e-01,2.2111755456e-01,2.2323937135e-01,2.2151728154e-01,2.1975479163e-01,2.1783233305e-01
5231,52.3100,2.2721419886e-01,2.2528227588e-01,2.2331265805e-01,2.2117232058e-01,2.2329413737e-01,2.2157204756e-01,2.1980955766e-01,2.1788709907e-01
5232,52.3200,2.2726896488e-01,2.2533704190e-01,2.2336742407e-01,2.2122708660e-01,2.2334890339e-01,2.2162681358e-01,2.1986432368e-01,2.1794186509e-01
5233,52.3300,2.2732373090e-01,2.2539180792e-01,2.2342219009e-01,2.2128185262e-01,2.2340366941e-01,2.2168157960e-01,2.1991908970e-01,2.1799663111e-01
5234,52.3400,2.2737849692e-01,2.2544657394e-01,2.2347695611e-01,2.2133661864e-01,2.2345843543e-01,2.2173634562e-01,2.1997385572e-01,2.1805139713e-01
5235,52.3500,2.2743326294e-01,2.2550133996e-01,2.2353172213e-01,2.2139138466e-01,2.2351320145e-01,2.2179111164e-01,2.2002862174e-01,2.1810616316e-01
5236,52.3600,2.2748802896e-01,2.2555610598e-01,2.2358648815e-01,2.2144615068e-01,2.2356796747e-01,2.2184587767e-01,2.2008338776e-01,2.1816092918e-01
5237,52.3700,2.2754279499e-01,2.2561087200e-01,2.2364125417e-01,2.2150091671e-01,2.2362273349e-01,2.2190064369e-01,2.2013815378e-01,2.1821569520e-01
5238,52.3800,2.2759756101e-01,2.2566563802e-01,2.2369602020e-01,2.2155568273e-01,2.2367749951e-01,2.2195540971e-01,2.2019291980e-01,2.1827046122e-01
5239,52.3900,2.2765232703e-01,2.2572040405e-01,2.2375078622e-01,2.2161044875e-01,2.2373226553e-01,2.2201017573e-01,2.2024768582e-01,2.1832522724e-01
5240,52.4000,2.2770709305e-01,2.2577517007e-01,2.2380555224e-01,2.2166521477e-01,2.2378703155e-01,2.2206494175e-01,2.2030245184e-01,2.1837999326e-01
5241,52.4100,2.2776185907e-01,2.2582993609e-01,2.2386031826e-01,2.2171998079e-01,2.2384179758e-01,2.2211970777e-01,2.2035721786e-01,2.1843475928e-01
5242,52.4200,2.2781662509e-01,2.2588470211e-01,2.2391508428e-01,2.2177474681e-01,2.2389656360e-01,2.2217447379e-01,2.2041198388e-01,2.1848952530e-01
5243,52.4300,2.2787139111e-01,2.2593946813e-01,2.2396985030e-01,2.2182951283e-01,2.2395132962e-01,2.2222923981e-01,2.2046674990e-01,2.1854429132e-01
5244,52.4400,2.2792615713e-01,2.2599423415e-01,2.2402461632e-01,2.2188427885e-01,2.2400609564e-01,2.2228400583e-01,2.2052151592e-01,2.1859905734e-01
5245,52.4500,2.2798092315e-01,2.2604900017e-01,2.2407938234e-01,2.2193904487e-01,2.2406086166e-01,2.2233877185e-01,2.2057628194e-01,2.1865382336e-01
5246,52.4600,2.2803568917e-01,2.2610376619e-01,2.2413414836e-01,2.2199381089e-01,2.2411562768e-01,2.2239353787e-01,2.2063104796e-01,2.1870858938e-01
5247,52.4700,2.2809045520e-01,2.2615853222e-01,2.2418891438e-01,2.2204857691e-01,2.2417039370e-01,2.2244830390e-01,2.2068581398e-01,2.1876335540e-01
5248,52.4800,2.2814522122e-01,2.2621329824e-01,2.2424368041e-01,2.2210334294e-01,2.2422515972e-01,2.2250306992e-01,2.2074058000e-01,2.1881812142e-01
5249,52.4900,2.2819998724e-01,2.2626806426e-01,2.2429844643e-01,2.2215810896e-01,2.2427992574e-01,2.2255783594e-01,2.2079534603e-01,2.1887288744e-01
5250,52.5000,2.2825475326e-01,2.2632283028e-01,2.2435321245e-01,2.2221287498e-01,2.2433469176e-01,2.2261260196e-01,2.2085011205e-01,2.1892765346e-01
5251,52.5100,2.2830951928e-01,2.2637759630e-01,2.2440797847e-01,2.2226764100e-01,2.2438945778e-01,2.2266736798e-01,2.2090487807e-01,2.1898241948e-01
5252,52.5200,2.2836428530e-01,2.2643236232e-01,2.2446274449e-01,2.2232240702e-01,2.2444422380e-01,2.2272213400e-01,2.2095964409e-01,2.1903718550e-01
5253,52.5300,2.2841905132e-01,2.2648712834e-01,2.2451751051e-01,2.2237717304e-01,2.2449898982e-01,2.2277690002e-01,2.2101441011e-01,2.1909195153e-01
5254,52.5400,2.2847381734e-01,2.2654189436e-01,2.2457227653e-01,2.2243193906e-01,2.2455375585e-01,2.2283166604e-01,2.2106917613e-01,2.1914671755e-01
5255,52.5500,2.2852858336e-01,2.2659666038e-01,2.2462704255e-01,2.2248670508e-01,2.2460852187e-01,2.2288643206e-01,2.2112394215e-01,2.1920148357e-01
5256,52.5600,2.2858334938e-01,2.2665142641e-01,2.2468180857e-01,2.2254147110e-01,2.2466328789e-01,2.2294119808e-01,2.2117870817e-01,2.1925624959e-01
5257,52.5700,2.2863811540e-01,2.2670619243e-01,2.2473657459e-01,2.2259623712e-01,2.2471805391e-01,2.2299596410e-01,2.2123347419e-01,2.1931101561e-01
5258,52.5800,2.2869288143e-01,2.2676095845e-01,2.2479134062e-01,2.2265100315e-01,2.2477281993e-01,2.2305073012e-01,2.2128824021e-01,2.1936578163e-01
5259,52.5900,2.2874764745e-01,2.2681572447e-01,2.2484610664e-01,2.2270576917e-01,2.2482758595e-01,2.2310549615e-01,2.2134300623e-01,2.1942054765e-01
5260,52.6000,2.2880241347e-01,2.2687049049e-01,2.2490087266e-01,2.2276053519e-01,2.2488235197e-01,2.2316026217e-01,2.2139777225e-01,2.1947531367e-01
5261,52.6100,2.2885717949e-01,2.2692525651e-01,2.2495563868e-01,2.2281530121e-01,2.2493711799e-01,2.2321502819e-01,2.2145253827e-01,2.1953007969e-01
5262,52.6200,2.2891194551e-01,2.2698002253e-01,2.2501040470e-01,2.2287006723e-01,2.2499188401e-01,2.2326979421e-01,2.2150730429e-01,2.1958484571e-01
5263,52.6300,2.2896671153e-01,2.2703478855e-01,2.2506517072e-01,2.2292483325e-01,2.2504665003e-01,2.2332456023e-01,2.2156207031e-01,2.1963961173e-01
5264,52.6400,2.2902147755e-01,2.2708955458e-01,2.2511993674e-01,2.2297959927e-01,2.2510141605e-01,2.2337932625e-01,2.2161683633e-01,2.1969437775e-01
5265,52.6500,2.2907624357e-01,2.2714432060e-01,2.2517470276e-01,2.2303436529e-01,2.2515618207e-01,2.2343409227e-01,2.2167160235e-01,2.1974914377e-01
5266,52.6600,2.2913100959e-01,2.2719908662e-01,2.2522946878e-01,2.2308913131e-01,2.2521094809e-01,2.2348885829e-01,2.2172636837e-01,2.1980390979e-01
5267,52.6700,2.2918577561e-01,2.2725385264e-01,2.2528423480e-01,2.2314389733e-01,2.2526571412e-01,2.2354362431e-01,2.2178113440e-01,2.1985867581e-01
5268,52.6800,2.2924054164e-01,2.2730861866e-01,2.2533900083e-01,2.2319866335e-01,2.2532048014e-01,2.2359839033e-01,2.2183590042e-01,2.1991344183e-01
5269,52.6900,2.2929530766e-01,2.2736338468e-01,2.2539376685e-01,2.2325342938e-01,2.2537524616e-01,2.2365315635e-01,2.2189066644e-01,2.1996820785e-01
5270,52.7000,2.2935007368e-01,2.2741815070e-01,2.2544853287e-01,2.2330819540e-01,2.2543001218e-01,2.2370792237e-01,2.2194543246e-01,2.2002297388e-01
5271,52.7100,2.2940483970e-01,2.2747291672e-01,2.2550329889e-01,2.2336296142e-01,2.2548477820e-01,2.2376268840e-01,2.2200019848e-01,2.2007773990e-01
5272,52.7200,2.2945960572e-01,2.2752768275e-01,2.2555806491e-01,2.2341772744e-01,2.2553954422e-01,2.2381745442e-01,2.2205496450e-01,2.2013250592e-01
5273,52.7300,2.2951437174e-01,2.2758244877e-01,2.2561283093e-01,2.2347249346e-01,2.2559431024e-01,2.2387222044e-01,2.2210973052e-01,2.2018727194e-01
5274,52.7400,2.2956913776e-01,2.2763721479e-01,2.2566759695e-01,2.2352725948e-01,2.2564907626e-01,2.2392698646e-01,2.2216449654e-01,2.2024203796e-01
5275,52.7500,2.2962390378e-01,2.2769198081e-01,2.2572236297e-01,2.2358202550e-01,2.2570384228e-01,2.2398175248e-01,2.2221926256e-01,2.2029680398e-01
5276,52.7600,2.2967866980e-01,2.2774674683e-01,2.2577712899e-01,2.2363679152e-01,2.2575860830e-01,2.2403651850e-01,2.2227402858e-01,2.2035157000e-01
5277,52.7700,2.2973343582e-01,2.2780151285e-01,2.2583189502e-01,2.2369155754e-01,2.2581337432e-01,2.2409128452e-01,2.2232879460e-01,2.2040633602e-01
5278,52.7800,2.2978820184e-01,2.2785627887e-01,2.2588666104e-01,2.2374632356e-01,2.2586814034e-01,2.2414605054e-01,2.2238356062e-01,2.2046110204e-01
5279,52.7900,2.2984296787e-01,2.2791104489e-01,2.2594142706e-01,2.2380108959e-01,2.2592290636e-01,2.2420081656e-01,2.2243832664e-01,2.2051586806e-01
5280,52.8000,2.2989773389e-01,2.2796581091e-01,2.2599619308e-01,2.2385585561e-01,2.2597767239e-01,2.2425558258e-01,2.2249309266e-01,2.2057063408e-01
5281,52.8100,2.2995249991e-01,2.2802057694e-01,2.2605095910e-01,2.2391062163e-01,2.2603243841e-01,2.2431034860e-01,2.2254785868e-01,2.2062540010e-01
5282,52.8200,2.3000726593e-01,2.2807534296e-01,2.2610572512e-01,2.2396538765e-01,2.2608720443e-01,2.2436511462e-01,2.2260262470e-01,2.2068016612e-01
5283,52.8300,2.3006203195e-01,2.2813010898e-01,2.2616049114e-01,2.2402015367e-01,2.2614197045e-01,2.2441988065e-01,2.2265739072e-01,2.2073493214e-01
5284,52.8400,2.3011679797e-01,2.2818487500e-01,2.2621525716e-01,2.2407491969e-01,2.2619673647e-01,2.2447464667e-01,2.2271215674e-01,2.2078969816e-01
5285,52.8500,2.3017156399e-01,2.2823964102e-01,2.2627002318e-01,2.2412968571e-01,2.2625150249e-01,2.2452941269e-01,2.2276692276e-01,2.2084446418e-01
5286,52.8600,2.3022633001e-01,2.2829440704e-01,2.2632478920e-01,2.2418445173e-01,2.2630626851e-01,2.2458417871e-01,2.2282168879e-01,2.2089923020e-01
5287,52.8700,2.3028109603e-01,2.2834917306e-01,2.2637955523e-01,2.2423921775e-01,2.2636103453e-01,2.2463894473e-01,2.2287645481e-01,2.2095399623e-01
5288,52.8800,2.3033586205e-01,2.2840393908e-01,2.2643432125e-01,2.2429398377e-01,2.2641580055e-01,2.2469371075e-01,2.2293122083e-01,2.2100876225e-01
5289,52.8900,2.3039062808e-01,2.2845870511e-01,2.2648908727e-01,2.2434874979e-01,2.2647056657e-01,2.2474847677e-01,2.2298598685e-01,2.2106352827e-01
5290,52.9000,2.3044539410e-01,2.2851347113e-01,2.2654385329e-01,2.2440351582e-01,2.2652533259e-01,2.2480324279e-01,2.2304075287e-01,2.2111829429e-01
5291,52.9100,2.3050016012e-01,2.2856823715e-01,2.2659861931e-01,2.2445828184e-01,2.2658009861e-01,2.2485800881e-01,2.2309551889e-01,2.2117306031e-01
5292,52.9200,2.3055492614e-01,2.2862300317e-01,2.2665338533e-01,2.2451304786e-01,2.2663486463e-01,2.2491277483e-01,2.2315028491e-01,2.2122782633e-01
5293,52.9300,2.3060969216e-01,2.2867776919e-01,2.2670815135e-01,2.2456781388e-01,2.2668963066e-01,2.2496754085e-01,2.2320505093e-01,2.2128259235e-01
5294,52.9400,2.3066445818e-01,2.2873253521e-01,2.2676291737e-01,2.2462257990e-01,2.2674439668e-01,2.2502230688e-01,2.2325981695e-01,2.2133735837e-01
5295,52.9500,2.3071922420e-01,2.2878730123e-01,2.2681768339e-01,2.2467734592e-01,2.2679916270e-01,2.2507707290e-01,2.2331458297e-01,2.2139212439e-01
5296,52.9600,2.3077399022e-01,2.2884206725e-01,2.2687244941e-01,2.2473211194e-01,2.2685392872e-01,2.2513183892e-01,2.2336934899e-01,2.2144689041e-01
5297,52.9700,2.3082875624e-01,2.2889683328e-01,2.2692721544e-01,2.2478687796e-01,2.2690869474e-01,2.2518660494e-01,2.2342411501e-01,2.2150165643e-01
5298,52.9800,2.3088352226e-01,2.2895159930e-01,2.2698198146e-01,2.2484164398e-01,2.2696346076e-01,2.2524137096e-01,2.2347888103e-01,2.2155642245e-01
5299,52.9900,2.3093828828e-01,2.2900636532e-01,2.2703674748e-01,2.2489641000e-01,2.2701822678e-01,2.2529613698e-01,2.2353364705e-01,2.2161118847e-01
5300,53.0000,2.3099305431e-01,2.2906113134e-01,2.2709151350e-01,2.2495117603e-01,2.2707299280e-01,2.2535090300e-01,2.2358841307e-01,2.2166595449e-01
5301,53.0100,2.3104782033e-01,2.2911589736e-01,2.2714627952e-01,2.2500594205e-01,2.2712775882e-01,2.2540566902e-01,2.2364317909e-01,2.2172072051e-01
5302,53.0200,2.3110258635e-01,2.2917066338e-01,2.2720104554e-01,2.2506070807e-01,2.2718252484e-01,2.2546043504e-01,2.2369794511e-01,2.2177548653e-01
5303,53.0300,2.3115735237e-01,2.2922542940e-01,2.2725581156e-01,2.2511547409e-01,2.2723729086e-01,2.2551520106e-01,2.2375271113e-01,2.2183025255e-01
5304,53.0400,2.3121211839e-01,2.2928019542e-01,2.2731057758e-01,2.2517024011e-01,2.2729205688e-01,2.2556996708e-01,2.2380747716e-01,2.2188501858e-01
5305,53.0500,2.3126688441e-01,2.2933496144e-01,2.2736534360e-01,2.2522500613e-01,2.2734682290e-01,2.2562473310e-01,2.2386224318e-01,2.2193978460e-01
5306,53.0600,2.3132165043e-01,2.2938972747e-01,2.2742010962e-01,2.2527977215e-01,2.2740158893e-01,2.2567949913e-01,2.2391700920e-01,2.2199455062e-01
5307,53.0700,2.3137641645e-01,2.2944449349e-01,2.2747487565e-01,2.2533453817e-01,2.2745635495e-01,2.2573426515e-01,2.2397177522e-01,2.2204931664e-01
5308,53.0800,2.3143118247e-01,2.2949925951e-01,2.2752964167e-01,2.2538930419e-01,2.2751112097e-01,2.2578903117e-01,2.2402654124e-01,2.2210408266e-01
5309,53.0900,2.3148594849e-01,2.2955402553e-01,2.2758440769e-01,2.2544407021e-01,2.2756588699e-01,2.2584379719e-01,2.2408130726e-01,2.2215884868e-01
5310,53.1000,2.3154071452e-01,2.2960879155e-01,2.2763917371e-01,2.2549883623e-01,2.2762065301e-01,2.2589856321e-01,2.2413607328e-01,2.2221361470e-01
5311,53.1100,2.3159548054e-01,2.2966355757e-01,2.2769393973e-01,2.2555360226e-01,2.2767541903e-01,2.2595332923e-01,2.2419083930e-01,2.2226838072e-01
5312,53.1200,2.3165024656e-01,2.2971832359e-01,2.2774870575e-01,2.2560836828e-01,2.2773018505e-01,2.2600809525e-01,2.2424560532e-01,2.2232314674e-01
5313,53.1300,2.3170501258e-01,2.2977308961e-01,2.2780347177e-01,2.2566313430e-01,2.2778495107e-01,2.2606286127e-01,2.2430037134e-01,2.2237791276e-01
5314,53.1400,2.3175977860e-01,2.2982785564e-01,2.2785823779e-01,2.2571790032e-01,2.2783971709e-01,2.2611762729e-01,2.2435513736e-01,2.2243267878e-01
5315,53.1500,2.3181454462e-01,2.2988262166e-01,2.2791300381e-01,2.2577266634e-01,2.2789448311e-01,2.2617239331e-01,2.2440990338e-01,2.2248744480e-01
5316,53.1600,2.3186931064e-01,2.2993738768e-01,2.2796776983e-01,2.2582743236e-01,2.2794924913e-01,2.2622715933e-01,2.2446466940e-01,2.2254221082e-01
5317,53.1700,2.3192407666e-01,2.2999215370e-01,2.2802253586e-01,2.2588219838e-01,2.2800401515e-01,2.2628192535e-01,2.2451943542e-01,2.2259697684e-01
5318,53.1800,2.3197884268e-01,2.3004691972e-01,2.2807730188e-01,2.2593696440e-01,2.2805878117e-01,2.2633669138e-01,2.2457420144e-01,2.2265174286e-01
5319,53.1900,2.3203360870e-01,2.3010168574e-01,2.2813206790e-01,2.2599173042e-01,2.2811354720e-01,2.2639145740e-01,2.2462896746e-01,2.2270650888e-01
5320,53.2000,2.3208837472e-01,2.3015645176e-01,2.2818683392e-01,2.2604649644e-01,2.2816831322e-01,2.2644622342e-01,2.2468373348e-01,2.2276127490e-01
5321,53.2100,2.3214314075e-01,2.3021121778e-01,2.2824159994e-01,2.2610126247e-01,2.2822307924e-01,2.2650098944e-01,2.2473849950e-01,2.2281604092e-01
5322,53.2200,2.3219790677e-01,2.3026598381e-01,2.2829636596e-01,2.2615602849e-01,2.2827784526e-01,2.2655575546e-01,2.2479326553e-01,2.2287080695e-01
5323,53.2300,2.3225267279e-01,2.3032074983e-01,2.2835113198e-01,2.2621079451e-01,2.2833261128e-01,2.2661052148e-01,2.2484803155e-01,2.2292557297e-01
5324,53.2400,2.3230743881e-01,2.3037551585e-01,2.2840589800e-01,2.2626556053e-01,2.2838737730e-01,2.2666528750e-01,2.2490279757e-01,2.2298033899e-01
5325,53.2500,2.3236220483e-01,2.3043028187e-01,2.2846066402e-01,2.2632032655e-01,2.2844214332e-01,2.2672005352e-01,2.2495756359e-01,2.2303510501e-01
5326,53.2600,2.3241697085e-01,2.3048504789e-01,2.2851543005e-01,2.2637509257e-01,2.2849690934e-01,2.2677481954e-01,2.2501232961e-01,2.2308987103e-01
5327,53.2700,2.3247173687e-01,2.3053981391e-01,2.2857019607e-01,2.2642985859e-01,2.2855167536e-01,2.2682958556e-01,2.2506709563e-01,2.2314463705e-01
5328,53.2800,2.3252650289e-01,2.3059457993e-01,2.2862496209e-01,2.2648462461e-01,2.2860644138e-01,2.2688435158e-01,2.2512186165e-01,2.2319940307e-01
5329,53.2900,2.3258126891e-01,2.3064934595e-01,2.2867972811e-01,2.2653939063e-01,2.2866120740e-01,2.2693911760e-01,2.2517662767e-01,2.2325416909e-01
5330,53.3000,2.3263603493e-01,2.3070411197e-01,2.2873449413e-01,2.2659415665e-01,2.2871597342e-01,2.2699388363e-01,2.2523139369e-01,2.2330893511e-01
5331,53.3100,2.3269080096e-01,2.3075887800e-01,2.2878926015e-01,2.2664892267e-01,2.2877073944e-01,2.2704864965e-01,2.2528615971e-01,2.2336370113e-01
5332,53.3200,2.3274556698e-01,2.3081364402e-01,2.2884402617e-01,2.2670368870e-01,2.2882550547e-01,2.2710341567e-01,2.2534092573e-01,2.2341846715e-01
5333,53.3300,2.3280033300e-01,2.3086841004e-01,2.2889879219e-01,2.2675845472e-01,2.2888027149e-01,2.2715818169e-01,2.2539569175e-01,2.2347323317e-01
5334,53.3400,2.3285509902e-01,2.3092317606e-01,2.2895355821e-01,2.2681322074e-01,2.2893503751e-01,2.2721294771e-01,2.2545045777e-01,2.2352799919e-01
5335,53.3500,2.3290986504e-01,2.3097794208e-01,2.2900832423e-01,2.2686798676e-01,2.2898980353e-01,2.2726771373e-01,2.2550522379e-01,2.2358276521e-01
5336,53.3600,2.3296463106e-01,2.3103270810e-01,2.2906309026e-01,2.2692275278e-01,2.2904456955e-01,2.2732247975e-01,2.2555998981e-01,2.2363753123e-01
5337,53.3700,2.3301939708e-01,2.3108747412e-01,2.2911785628e-01,2.2697751880e-01,2.2909933557e-01,2.2737724577e-01,2.2561475583e-01,2.2369229725e-01
5338,53.3800,2.3307416310e-01,2.3114224014e-01,2.2917262230e-01,2.2703228482e-01,2.2915410159e-01,2.2743201179e-01,2.2566952185e-01,2.2374706327e-01
5339,53.3900,2.3312892912e-01,2.3119700617e-01,2.2922738832e-01,2.2708705084e-01,2.2920886761e-01,2.2748677781e-01,2.2572428787e-01,2.2380182930e-01
5340,53.4000,2.3318369514e-01,2.3125177219e-01,2.2928215434e-01,2.2714181686e-01,2.2926363363e-01,2.2754154383e-01,2.2577905390e-01,2.2385659532e-01
5341,53.4100,2.3323846116e-01,2.3130653821e-01,2.2933692036e-01,2.2719658288e-01,2.2931839965e-01,2.2759630986e-01,2.2583381992e-01,2.2391136134e-01
5342,53.4200,2.3329322719e-01,2.3136130423e-01,2.2939168638e-01,2.2725134891e-01,2.2937316567e-01,2.2765107588e-01,2.2588858594e-01,2.2396612736e-01
5343,53.4300,2.3334799321e-01,2.3141607025e-01,2.2944645240e-01,2.2730611493e-01,2.2942793169e-01,2.2770584190e-01,2.2594335196e-01,2.2402089338e-01
5344,53.4400,2.3340275923e-01,2.3147083627e-01,2.2950121842e-01,2.2736088095e-01,2.2948269771e-01,2.2776060792e-01,2.2599811798e-01,2.2407565940e-01
5345,53.4500,2.3345752525e-01,2.3152560229e-01,2.2955598444e-01,2.2741564697e-01,2.2953746374e-01,2.2781537394e-01,2.2605288400e-01,2.2413042542e-01
5346,53.4600,2.3351229127e-01,2.3158036831e-01,2.2961075047e-01,2.2747041299e-01,2.2959222976e-01,2.2787013996e-01,2.2610765002e-01,2.2418519144e-01
5347,53.4700,2.3356705729e-01,2.3163513434e-01,2.2966551649e-01,2.2752517901e-01,2.2964699578e-01,2.2792490598e-01,2.2616241604e-01,2.2423995746e-01
5348,53.4800,2.3362182331e-01,2.3168990036e-01,2.2972028251e-01,2.2757994503e-01,2.2970176180e-01,2.2797967200e-01,2.2621718206e-01,2.2429472348e-01
5349,53.4900,2.3367658933e-01,2.3174466638e-01,2.2977504853e-01,2.2763471105e-01,2.2975652782e-01,2.2803443802e-01,2.2627194808e-01,2.2434948950e-01
5350,53.5000,2.3373135535e-01,2.3179943240e-01,2.2982981455e-01,2.2768947707e-01,2.2981129384e-01,2.2808920404e-01,2.2632671410e-01,2.2440425552e-01
5351,53.5100,2.3378612137e-01,2.3185419842e-01,2.2988458057e-01,2.2774424309e-01,2.2986605986e-01,2.2814397006e-01,2.2638148012e-01,2.2445902154e-01
5352,53.5200,2.3384088740e-01,2.3190896444e-01,2.2993934659e-01,2.2779900911e-01,2.2992082588e-01,2.2819873608e-01,2.2643624614e-01,2.2451378756e-01
5353,53.5300,2.3389565342e-01,2.3196373046e-01,2.2999411261e-01,2.2785377514e-01,2.2997559190e-01,2.2825350211e-01,2.2649101216e-01,2.2456855358e-01
5354,53.5400,2.3395041944e-01,2.3201849648e-01,2.3004887863e-01,2.2790854116e-01,2.3003035792e-01,2.2830826813e-01,2.2654577818e-01,2.2462331960e-01
5355,53.5500,2.3400518546e-01,2.3207326250e-01,2.3010364465e-01,2.2796330718e-01,2.3008512394e-01,2.2836303415e-01,2.2660054420e-01,2.2467808562e-01
5356,53.5600,2.3405995148e-01,2.3212802853e-01,2.3015841068e-01,2.2801807320e-01,2.3013988996e-01,2.2841780017e-01,2.2665531022e-01,2.2473285165e-01
5357,53.5700,2.3411471750e-01,2.3218279455e-01,2.3021317670e-01,2.2807283922e-01,2.3019465598e-01,2.2847256619e-01,2.2671007624e-01,2.2478761767e-01
5358,53.5800,2.3416948352e-01,2.3223756057e-01,2.3026794272e-01,2.2812760524e-01,2.3024942201e-01,2.2852733221e-01,2.2676484226e-01,2.2484238369e-01
5359,53.5900,2.3422424954e-01,2.3229232659e-01,2.3032270874e-01,2.2818237126e-01,2.3030418803e-01,2.2858209823e-01,2.2681960829e-01,2.2489714971e-01
5360,53.6000,2.3427901556e-01,2.3234709261e-01,2.3037747476e-01,2.2823713728e-01,2.3035895405e-01,2.2863686425e-01,2.2687437431e-01,2.2495191573e-01
5361,53.6100,2.3433378158e-01,2.3240185863e-01,2.3043224078e-01,2.2829190330e-01,2.3041372007e-01,2.2869163027e-01,2.2692914033e-01,2.2500668175e-01
5362,53.6200,2.3438854760e-01,2.3245662465e-01,2.3048700680e-01,2.2834666932e-01,2.3046848609e-01,2.2874639629e-01,2.2698390635e-01,2.2506144777e-01
5363,53.6300,2.3444331363e-01,2.3251139067e-01,2.3054177282e-01,2.2840143535e-01,2.3052325211e-01,2.2880116231e-01,2.2703867237e-01,2.2511621379e-01
5364,53.6400,2.3449807965e-01,2.3256615670e-01,2.3059653884e-01,2.2845620137e-01,2.3057801813e-01,2.2885592833e-01,2.2709343839e-01,2.2517097981e-01
5365,53.6500,2.3455284567e-01,2.3262092272e-01,2.3065130486e-01,2.2851096739e-01,2.3063278415e-01,2.2891069436e-01,2.2714820441e-01,2.2522574583e-01
5366,53.6600,2.3460761169e-01,2.3267568874e-01,2.3070607089e-01,2.2856573341e-01,2.3068755017e-01,2.2896546038e-01,2.2720297043e-01,2.2528051185e-01
5367,53.6700,2.3466237771e-01,2.3273045476e-01,2.3076083691e-01,2.2862049943e-01,2.3074231619e-01,2.2902022640e-01,2.2725773645e-01,2.2533527787e-01
5368,53.6800,2.3471714373e-01,2.3278522078e-01,2.3081560293e-01,2.2867526545e-01,2.3079708221e-01,2.2907499242e-01,2.2731250247e-01,2.2539004389e-01
5369,53.6900,2.3477190975e-01,2.3283998680e-01,2.3087036895e-01,2.2873003147e-01,2.3085184823e-01,2.2912975844e-01,2.2736726849e-01,2.2544480991e-01
5370,53.7000,2.3482667577e-01,2.3289475282e-01,2.3092513497e-01,2.2878479749e-01,2.3090661425e-01,2.2918452446e-01,2.2742203451e-01,2.2549957593e-01
5371,53.7100,2.3488144179e-01,2.3294951884e-01,2.3097990099e-01,2.2883956351e-01,2.3096138028e-01,2.2923929048e-01,2.2747680053e-01,2.2555434195e-01
5372,53.7200,2.3493620781e-01,2.3300428487e-01,2.3103466701e-01,2.2889432953e-01,2.3101614630e-01,2.2929405650e-01,2.2753156655e-01,2.2560910797e-01
5373,53.7300,2.3499097384e-01,2.3305905089e-01,2.3108943303e-01,2.2894909555e-01,2.3107091232e-01,2.2934882252e-01,2.2758633257e-01,2.2566387400e-01
5374,53.7400,2.3504573986e-01,2.3311381691e-01,2.3114419905e-01,2.2900386158e-01,2.3112567834e-01,2.2940358854e-01,2.2764109859e-01,2.2571864002e-01
5375,53.7500,2.3510050588e-01,2.3316858293e-01,2.3119896507e-01,2.2905862760e-01,2.3118044436e-01,2.2945835456e-01,2.2769586461e-01,2.2577340604e-01
5376,53.7600,2.3515527190e-01,2.3322334895e-01,2.3125373110e-01,2.2911339362e-01,2.3123521038e-01,2.2951312058e-01,2.2775063063e-01,2.2582817206e-01
5377,53.7700,2.3521003792e-01,2.3327811497e-01,2.3130849712e-01,2.2916815964e-01,2.3128997640e-01,2.2956788661e-01,2.2780539666e-01,2.2588293808e-01
5378,53.7800,2.3526480394e-01,2.3333288099e-01,2.3136326314e-01,2.2922292566e-01,2.3134474242e-01,2.2962265263e-01,2.2786016268e-01,2.2593770410e-01
5379,53.7900,2.3531956996e-01,2.3338764701e-01,2.3141802916e-01,2.2927769168e-01,2.3139950844e-01,2.2967741865e-01,2.2791492870e-01,2.2599247012e-01
5380,53.8000,2.3537433598e-01,2.3344241303e-01,2.3147279518e-01,2.2933245770e-01,2.3145427446e-01,2.2973218467e-01,2.2796969472e-01,2.2604723614e-01
5381,53.8100,2.3542910200e-01,2.3349717906e-01,2.3152756120e-01,2.2938722372e-01,2.3150904048e-01,2.2978695069e-01,2.2802446074e-01,2.2610200216e-01
5382,53.8200,2.3548386802e-01,2.3355194508e-01,2.3158232722e-01,2.2944198974e-01,2.3156380650e-01,2.2984171671e-01,2.2807922676e-01,2.2615676818e-01
5383,53.8300,2.3553863404e-01,2.3360671110e-01,2.3163709324e-01,2.2949675576e-01,2.3161857252e-01,2.2989648273e-01,2.2813399278e-01,2.2621153420e-01
5384,53.8400,2.3559340007e-01,2.3366147712e-01,2.3169185926e-01,2.2955152179e-01,2.3167333855e-01,2.2995124875e-01,2.2818875880e-01,2.2626630022e-01
5385,53.8500,2.3564816609e-01,2.3371624314e-01,2.3174662529e-01,2.2960628781e-01,2.3172810457e-01,2.3000601477e-01,2.2824352482e-01,2.2632106624e-01
5386,53.8600,2.3570293211e-01,2.3377100916e-01,2.3180139131e-01,2.2966105383e-01,2.3178287059e-01,2.3006078079e-01,2.2829829084e-01,2.2637583226e-01
5387,53.8700,2.3575769813e-01,2.3382577518e-01,2.3185615733e-01,2.2971581985e-01,2.3183763661e-01,2.3011554681e-01,2.2835305686e-01,2.2643059828e-01
5388,53.8800,2.3581246415e-01,2.3388054120e-01,2.3191092335e-01,2.2977058587e-01,2.3189240263e-01,2.3017031283e-01,2.2840782288e-01,2.2648536430e-01
5389,53.8900,2.3586723017e-01,2.3393530723e-01,2.3196568937e-01,2.2982535189e-01,2.3194716865e-01,2.3022507886e-01,2.2846258890e-01,2.2654013032e-01
5390,53.9000,2.3592199619e-01,2.3399007325e-01,2.3202045539e-01,2.2988011791e-01,2.3200193467e-01,2.3027984488e-01,2.2851735492e-01,2.2659489635e-01
5391,53.9100,2.3597676221e-01,2.3404483927e-01,2.3207522141e-01,2.2993488393e-01,2.3205670069e-01,2.3033461090e-01,2.2857212094e-01,2.2664966237e-01
5392,53.9200,2.3603152823e-01,2.3409960529e-01,2.3212998743e-01,2.2998964995e-01,2.3211146671e-01,2.3038937692e-01,2.2862688696e-01,2.2670442839e-01
5393,53.9300,2.3608629425e-01,2.3415437131e-01,2.3218475345e-01,2.3004441597e-01,2.3216623273e-01,2.3044414294e-01,2.2868165298e-01,2.2675919441e-01
5394,53.9400,2.3614106028e-01,2.3420913733e-01,2.3223951947e-01,2.3009918199e-01,2.3222099875e-01,2.3049890896e-01,2.2873641900e-01,2.2681396043e-01
5395,53.9500,2.3619582630e-01,2.3426390335e-01,2.3229428550e-01,2.3015394802e-01,2.3227576477e-01,2.3055367498e-01,2.2879118503e-01,2.2686872645e-01
5396,53.9600,2.3625059232e-01,2.3431866937e-01,2.3234905152e-01,2.3020871404e-01,2.3233053079e-01,2.3060844100e-01,2.2884595105e-01,2.2692349247e-01
5397,53.9700,2.3630535834e-01,2.3437343540e-01,2.3240381754e-01,2.3026348006e-01,2.3238529682e-01,2.3066320702e-01,2.2890071707e-01,2.2697825849e-01
5398,53.9800,2.3636012436e-01,2.3442820142e-01,2.3245858356e-01,2.3031824608e-01,2.3244006284e-01,2.3071797304e-01,2.2895548309e-01,2.2703302451e-01
5399,53.9900,2.3641489038e-01,2.3448296744e-01,2.3251334958e-01,2.3037301210e-01,2.3249482886e-01,2.3077273906e-01,2.2901024911e-01,2.2708779053e-01
5400,54.0000,2.3646965640e-01,2.3453773346e-01,2.3256811560e-01,2.3042777812e-01,2.3254959488e-01,2.3082750509e-01,2.2906501513e-01,2.2714255655e-01
5401,54.0100,2.3652442242e-01,2.3459249948e-01,2.3262288162e-01,2.3048254414e-01,2.3260436090e-01,2.3088227111e-01,2.2911978115e-01,2.2719732257e-01
5402,54.0200,2.3657918844e-01,2.3464726550e-01,2.3267764764e-01,2.3053731016e-01,2.3265912692e-01,2.3093703713e-01,2.2917454717e-01,2.2725208859e-01
5403,54.0300,2.3663395446e-01,2.3470203152e-01,2.3273241366e-01,2.3059207618e-01,2.3271389294e-01,2.3099180315e-01,2.2922931319e-01,2.2730685461e-01
5404,54.0400,2.3668872048e-01,2.3475679754e-01,2.3278717968e-01,2.3064684220e-01,2.3276865896e-01,2.3104656917e-01,2.2928407921e-01,2.2736162063e-01
5405,54.0500,2.3674348651e-01,2.3481156356e-01,2.3284194571e-01,2.3070160823e-01,2.3282342498e-01,2.3110133519e-01,2.2933884523e-01,2.2741638665e-01
5406,54.0600,2.3679825253e-01,2.3486632959e-01,2.3289671173e-01,2.3075637425e-01,2.3287819100e-01,2.3115610121e-01,2.2939361125e-01,2.2747115267e-01
5407,54.0700,2.3685301855e-01,2.3492109561e-01,2.3295147775e-01,2.3081114027e-01,2.3293295702e-01,2.3121086723e-01,2.2944837727e-01,2.2752591869e-01
5408,54.0800,2.3690778457e-01,2.3497586163e-01,2.3300624377e-01,2.3086590629e-01,2.3298772304e-01,2.3126563325e-01,2.2950314329e-01,2.2758068472e-01
5409,54.0900,2.3696255059e-01,2.3503062765e-01,2.3306100979e-01,2.3092067231e-01,2.3304248906e-01,2.3132039927e-01,2.2955790931e-01,2.2763545074e-01
5410,54.1000,2.3701731661e-01,2.3508539367e-01,2.3311577581e-01,2.3097543833e-01,2.3309725509e-01,2.3137516529e-01,2.2961267533e-01,2.2769021676e-01
5411,54.1100,2.3707208263e-01,2.3514015969e-01,2.3317054183e-01,2.3103020435e-01,2.3315202111e-01,2.3142993131e-01,2.2966744135e-01,2.2774498278e-01
5412,54.1200,2.3712684865e-01,2.3519492571e-01,2.3322530785e-01,2.3108497037e-01,2.3320678713e-01,2.3148469734e-01,2.2972220737e-01,2.2779974880e-01
5413,54.1300,2.3718161467e-01,2.3524969173e-01,2.3328007387e-01,2.3113973639e-01,2.3326155315e-01,2.3153946336e-01,2.2977697340e-01,2.2785451482e-01
5414,54.1400,2.3723638069e-01,2.3530445776e-01,2.3333483989e-01,2.3119450241e-01,2.3331631917e-01,2.3159422938e-01,2.2983173942e-01,2.2790928084e-01
5415,54.1500,2.3729114672e-01,2.3535922378e-01,2.3338960592e-01,2.3124926843e-01,2.3337108519e-01,2.3164899540e-01,2.2988650544e-01,2.2796404686e-01
5416,54.1600,2.3734591274e-01,2.3541398980e-01,2.3344437194e-01,2.3130403446e-01,2.3342585121e-01,2.3170376142e-01,2.2994127146e-01,2.2801881288e-01
5417,54.1700,2.3740067876e-01,2.3546875582e-01,2.3349913796e-01,2.3135880048e-01,2.3348061723e-01,2.3175852744e-01,2.2999603748e-01,2.2807357890e-01
5418,54.1800,2.3745544478e-01,2.3552352184e-01,2.3355390398e-01,2.3141356650e-01,2.3353538325e-01,2.3181329346e-01,2.3005080350e-01,2.2812834492e-01
5419,54.1900,2.3751021080e-01,2.3557828786e-01,2.3360867000e-01,2.3146833252e-01,2.3359014927e-01,2.3186805948e-01,2.3010556952e-01,2.2818311094e-01
5420,54.2000,2.3756497682e-01,2.3563305388e-01,2.3366343602e-01,2.3152309854e-01,2.3364491529e-01,2.3192282550e-01,2.3016033554e-01,2.2823787696e-01
5421,54.2100,2.3761974284e-01,2.3568781990e-01,2.3371820204e-01,2.3157786456e-01,2.3369968131e-01,2.3197759152e-01,2.3021510156e-01,2.2829264298e-01
5422,54.2200,2.3767450886e-01,2.3574258592e-01,2.3377296806e-01,2.3163263058e-01,2.3375444733e-01,2.3203235754e-01,2.3026986758e-01,2.2834740900e-01
5423,54.2300,2.3772927488e-01,2.3579735195e-01,2.3382773408e-01,2.3168739660e-01,2.3380921336e-01,2.3208712356e-01,2.3032463360e-01,2.2840217502e-01
5424,54.2400,2.3778404090e-01,2.3585211797e-01,2.3388250010e-01,2.3174216262e-01,2.3386397938e-01,2.3214188959e-01,2.3037939962e-01,2.2845694104e-01
5425,54.2500,2.3783880693e-01,2.3590688399e-01,2.3393726613e-01,2.3179692864e-01,2.3391874540e-01,2.3219665561e-01,2.3043416564e-01,2.2851170707e-01
5426,54.2600,2.3789357295e-01,2.3596165001e-01,2.3399203215e-01,2.3185169467e-01,2.3397351142e-01,2.3225142163e-01,2.3048893166e-01,2.2856647309e-01
5427,54.2700,2.3794833897e-01,2.3601641603e-01,2.3404679817e-01,2.3190646069e-01,2.3402827744e-01,2.3230618765e-01,2.3054369768e-01,2.2862123911e-01
5428,54.2800,2.3800310499e-01,2.3607118205e-01,2.3410156419e-01,2.3196122671e-01,2.3408304346e-01,2.3236095367e-01,2.3059846370e-01,2.2867600513e-01
5429,54.2900,2.3805787101e-01,2.3612594807e-01,2.3415633021e-01,2.3201599273e-01,2.3413780948e-01,2.3241571969e-01,2.3065322972e-01,2.2873077115e-01
5430,54.3000,2.3811263703e-01,2.3618071409e-01,2.3421109623e-01,2.3207075875e-01,2.3419257550e-01,2.3247048571e-01,2.3070799574e-01,2.2878553717e-01
5431,54.3100,2.3816740305e-01,2.3623548012e-01,2.3426586225e-01,2.3212552477e-01,2.3424734152e-01,2.3252525173e-01,2.3076276176e-01,2.2884030319e-01
5432,54.3200,2.3822216907e-01,2.3629024614e-01,2.3432062827e-01,2.3218029079e-01,2.3430210754e-01,2.3258001775e-01,2.3081752779e-01,2.2889506921e-01
5433,54.3300,2.3827693509e-01,2.3634501216e-01,2.3437539429e-01,2.3223505681e-01,2.3435687356e-01,2.3263478377e-01,2.3087229381e-01,2.2894983523e-01
5434,54.3400,2.3833170111e-01,2.3639977818e-01,2.3443016031e-01,2.3228982283e-01,2.3441163958e-01,2.3268954979e-01,2.3092705983e-01,2.2900460125e-01
5435,54.3500,2.3838646713e-01,2.3645454420e-01,2.3448492634e-01,2.3234458885e-01,2.3446640560e-01,2.3274431581e-01,2.3098182585e-01,2.2905936727e-01
5436,54.3600,2.3844123316e-01,2.3650931022e-01,2.3453969236e-01,2.3239935487e-01,2.3452117163e-01,2.3279908184e-01,2.3103659187e-01,2.2911413329e-01
5437,54.3700,2.3849599918e-01,2.3656407624e-01,2.3459445838e-01,2.3245412090e-01,2.3457593765e-01,2.3285384786e-01,2.3109135789e-01,2.2916889931e-01
5438,54.3800,2.3855076520e-01,2.3661884226e-01,2.3464922440e-01,2.3250888692e-01,2.3463070367e-01,2.3290861388e-01,2.3114612391e-01,2.2922366533e-01
5439,54.3900,2.3860553122e-01,2.3667360829e-01,2.3470399042e-01,2.3256365294e-01,2.3468546969e-01,2.3296337990e-01,2.3120088993e-01,2.2927843135e-01
5440,54.4000,2.3866029724e-01,2.3672837431e-01,2.3475875644e-01,2.3261841896e-01,2.3474023571e-01,2.3301814592e-01,2.3125565595e-01,2.2933319737e-01
5441,54.4100,2.3871506326e-01,2.3678314033e-01,2.3481352246e-01,2.3267318498e-01,2.3479500173e-01,2.3307291194e-01,2.3131042197e-01,2.2938796339e-01
5442,54.4200,2.3876982928e-01,2.3683790635e-01,2.3486828848e-01,2.3272795100e-01,2.3484976775e-01,2.3312767796e-01,2.3136518799e-01,2.2944272942e-01
5443,54.4300,2.3882459530e-01,2.3689267237e-01,2.3492305450e-01,2.3278271702e-01,2.3490453377e-01,2.3318244398e-01,2.3141995401e-01,2.2949749544e-01
5444,54.4400,2.3887936132e-01,2.3694743839e-01,2.3497782053e-01,2.3283748304e-01,2.3495929979e-01,2.3323721000e-01,2.3147472003e-01,2.2955226146e-01
5445,54.4500,2.3893412734e-01,2.3700220441e-01,2.3503258655e-01,2.3289224906e-01,2.3501406581e-01,2.3329197602e-01,2.3152948605e-01,2.2960702748e-01
5446,54.4600,2.3898889337e-01,2.3705697043e-01,2.3508735257e-01,2.3294701508e-01,2.3506883183e-01,2.3334674204e-01,2.3158425207e-01,2.2966179350e-01
5447,54.4700,2.3904365939e-01,2.3711173645e-01,2.3514211859e-01,2.3300178111e-01,2.3512359785e-01,2.3340150806e-01,2.3163901809e-01,2.2971655952e-01
5448,54.4800,2.3909842541e-01,2.3716650248e-01,2.3519688461e-01,2.3305654713e-01,2.3517836387e-01,2.3345627409e-01,2.3169378411e-01,2.2977132554e-01
5449,54.4900,2.3915319143e-01,2.3722126850e-01,2.3525165063e-01,2.3311131315e-01,2.3523312990e-01,2.3351104011e-01,2.3174855013e-01,2.2982609156e-01
5450,54.5000,2.3920795745e-01,2.3727603452e-01,2.3530641665e-01,2.3316607917e-01,2.3528789592e-01,2.3356580613e-01,2.3180331616e-01,2.2988085758e-01
5451,54.5100,2.3926272347e-01,2.3733080054e-01,2.3536118267e-01,2.3322084519e-01,2.3534266194e-01,2.3362057215e-01,2.3185808218e-01,2.2993562360e-01
5452,54.5200,2.3931748949e-01,2.3738556656e-01,2.3541594869e-01,2.3327561121e-01,2.3539742796e-01,2.3367533817e-01,2.3191284820e-01,2.2999038962e-01
5453,54.5300,2.3937225551e-01,2.3744033258e-01,2.3547071471e-01,2.3333037723e-01,2.3545219398e-01,2.3373010419e-01,2.3196761422e-01,2.3004515564e-01
5454,54.5400,2.3942702153e-01,2.3749509860e-01,2.3552548074e-01,2.3338514325e-01,2.3550696000e-01,2.3378487021e-01,2.3202238024e-01,2.3009992166e-01
5455,54.5500,2.3948178755e-01,2.3754986462e-01,2.3558024676e-01,2.3343990927e-01,2.3556172602e-01,2.3383963623e-01,2.3207714626e-01,2.3015468768e-01
5456,54.5600,2.3953655357e-01,2.3760463065e-01,2.3563501278e-01,2.3349467529e-01,2.3561649204e-01,2.3389440225e-01,2.3213191228e-01,2.3020945370e-01
5457,54.5700,2.3959131960e-01,2.3765939667e-01,2.3568977880e-01,2.3354944131e-01,2.3567125806e-01,2.3394916827e-01,2.3218667830e-01,2.3026421972e-01
5458,54.5800,2.3964608562e-01,2.3771416269e-01,2.3574454482e-01,2.3360420734e-01,2.3572602408e-01,2.3400393429e-01,2.3224144432e-01,2.3031898574e-01
5459,54.5900,2.3970085164e-01,2.3776892871e-01,2.3579931084e-01,2.3365897336e-01,2.3578079010e-01,2.3405870032e-01,2.3229621034e-01,2.3037375177e-01
5460,54.6000,2.3975561766e-01,2.3782369473e-01,2.3585407686e-01,2.3371373938e-01,2.3583555612e-01,2.3411346634e-01,2.3235097636e-01,2.3042851779e-01
5461,54.6100,2.3981038368e-01,2.3787846075e-01,2.3590884288e-01,2.3376850540e-01,2.3589032214e-01,2.3416823236e-01,2.3240574238e-01,2.3048328381e-01
5462,54.6200,2.3986514970e-01,2.3793322677e-01,2.3596360890e-01,2.3382327142e-01,2.3594508817e-01,2.3422299838e-01,2.3246050840e-01,2.3053804983e-01
5463,54.6300,2.3991991572e-01,2.3798799279e-01,2.3601837492e-01,2.3387803744e-01,2.3599985419e-01,2.3427776440e-01,2.3251527442e-01,2.3059281585e-01
5464,54.6400,2.3997468174e-01,2.3804275882e-01,2.3607314095e-01,2.3393280346e-01,2.3605462021e-01,2.3433253042e-01,2.3257004044e-01,2.3064758187e-01
5465,54.6500,2.4002944776e-01,2.3809752484e-01,2.3612790697e-01,2.3398756948e-01,2.3610938623e-01,2.3438729644e-01,2.3262480646e-01,2.3070234789e-01
5466,54.6600,2.4008421378e-01,2.3815229086e-01,2.3618267299e-01,2.3404233550e-01,2.3616415225e-01,2.3444206246e-01,2.3267957248e-01,2.3075711391e-01
5467,54.6700,2.4013897981e-01,2.3820705688e-01,2.3623743901e-01,2.3409710152e-01,2.3621891827e-01,2.3449682848e-01,2.3273433850e-01,2.3081187993e-01
5468,54.6800,2.4019374583e-01,2.3826182290e-01,2.3629220503e-01,2.3415186755e-01,2.3627368429e-01,2.3455159450e-01,2.3278910453e-01,2.3086664595e-01
5469,54.6900,2.4024851185e-01,2.3831658892e-01,2.3634697105e-01,2.3420663357e-01,2.3632845031e-01,2.3460636052e-01,2.3284387055e-01,2.3092141197e-01
5470,54.7000,2.4030327787e-01,2.3837135494e-01,2.3640173707e-01,2.3426139959e-01,2.3638321633e-01,2.3466112654e-01,2.3289863657e-01,2.3097617799e-01
5471,54.7100,2.4035804389e-01,2.3842612096e-01,2.3645650309e-01,2.3431616561e-01,2.3643798235e-01,2.3471589257e-01,2.3295340259e-01,2.3103094401e-01
5472,54.7200,2.4041280991e-01,2.3848088698e-01,2.3651126911e-01,2.3437093163e-01,2.3649274837e-01,2.3477065859e-01,2.3300816861e-01,2.3108571003e-01
5473,54.7300,2.4046757593e-01,2.3853565301e-01,2.3656603513e-01,2.3442569765e-01,2.3654751439e-01,2.3482542461e-01,2.3306293463e-01,2.3114047605e-01
5474,54.7400,2.4052234195e-01,2.3859041903e-01,2.3662080116e-01,2.3448046367e-01,2.3660228041e-01,2.3488019063e-01,2.3311770065e-01,2.3119524207e-01
5475,54.7500,2.4057710797e-01,2.3864518505e-01,2.3667556718e-01,2.3453522969e-01,2.3665704644e-01,2.3493495665e-01,2.3317246667e-01,2.3125000809e-01
5476,54.7600,2.4063187399e-01,2.3869995107e-01,2.3673033320e-01,2.3458999571e-01,2.3671181246e-01,2.3498972267e-01,2.3322723269e-01,2.3130477412e-01
5477,54.7700,2.4068664001e-01,2.3875471709e-01,2.3678509922e-01,2.3464476173e-01,2.3676657848e-01,2.3504448869e-01,2.3328199871e-01,2.3135954014e-01
5478,54.7800,2.4074140604e-01,2.3880948311e-01,2.3683986524e-01,2.3469952775e-01,2.3682134450e-01,2.3509925471e-01,2.3333676473e-01,2.3141430616e-01
5479,54.7900,2.4079617206e-01,2.3886424913e-01,2.3689463126e-01,2.3475429378e-01,2.3687611052e-01,2.3515402073e-01,2.3339153075e-01,2.3146907218e-01
5480,54.8000,2.4085093808e-01,2.3891901515e-01,2.3694939728e-01,2.3480905980e-01,2.3693087654e-01,2.3520878675e-01,2.3344629677e-01,2.3152383820e-01
5481,54.8100,2.4090570410e-01,2.3897378118e-01,2.3700416330e-01,2.3486382582e-01,2.3698564256e-01,2.3526355277e-01,2.3350106279e-01,2.3157860422e-01
5482,54.8200,2.4096047012e-01,2.3902854720e-01,2.3705892932e-01,2.3491859184e-01,2.3704040858e-01,2.3531831879e-01,2.3355582881e-01,2.3163337024e-01
5483,54.8300,2.4101523614e-01,2.3908331322e-01,2.3711369534e-01,2.3497335786e-01,2.3709517460e-01,2.3537308482e-01,2.3361059483e-01,2.3168813626e-01
5484,54.8400,2.4107000216e-01,2.3913807924e-01,2.3716846137e-01,2.3502812388e-01,2.3714994062e-01,2.3542785084e-01,2.3366536085e-01,2.3174290228e-01
5485,54.8500,2.4112476818e-01,2.3919284526e-01,2.3722322739e-01,2.3508288990e-01,2.3720470664e-01,2.3548261686e-01,2.3372012687e-01,2.3179766830e-01
5486,54.8600,2.4117953420e-01,2.3924761128e-01,2.3727799341e-01,2.3513765592e-01,2.3725947266e-01,2.3553738288e-01,2.3377489289e-01,2.3185243432e-01
5487,54.8700,2.4123430022e-01,2.3930237730e-01,2.3733275943e-01,2.3519242194e-01,2.3731423868e-01,2.3559214890e-01,2.3382965892e-01,2.3190720034e-01
5488,54.8800,2.4128906625e-01,2.3935714332e-01,2.3738752545e-01,2.3524718796e-01,2.3736900471e-01,2.3564691492e-01,2.3388442494e-01,2.3196196636e-01
5489,54.8900,2.4134383227e-01,2.3941190934e-01,2.3744229147e-01,2.3530195398e-01,2.3742377073e-01,2.3570168094e-01,2.3393919096e-01,2.3201673238e-01
5490,54.9000,2.4139859829e-01,2.3946667537e-01,2.3749705749e-01,2.3535672001e-01,2.3747853675e-01,2.3575644696e-01,2.3399395698e-01,2.3207149840e-01
5491,54.9100,2.4145336431e-01,2.3952144139e-01,2.3755182351e-01,2.3541148603e-01,2.3753330277e-01,2.3581121298e-01,2.3404872300e-01,2.3212626442e-01
5492,54.9200,2.4150813033e-01,2.3957620741e-01,2.3760658953e-01,2.3546625205e-01,2.3758806879e-01,2.3586597900e-01,2.3410348902e-01,2.3218103044e-01
5493,54.9300,2.4156289635e-01,2.3963097343e-01,2.3766135555e-01,2.3552101807e-01,2.3764283481e-01,2.3592074502e-01,2.3415825504e-01,2.3223579647e-01
5494,54.9400,2.4161766237e-01,2.3968573945e-01,2.3771612158e-01,2.3557578409e-01,2.3769760083e-01,2.3597551104e-01,2.3421302106e-01,2.3229056249e-01
5495,54.9500,2.4167242839e-01,2.3974050547e-01,2.3777088760e-01,2.3563055011e-01,2.3775236685e-01,2.3603027707e-01,2.3426778708e-01,2.3234532851e-01
5496,54.9600,2.4172719441e-01,2.3979527149e-01,2.3782565362e-01,2.3568531613e-01,2.3780713287e-01,2.3608504309e-01,2.3432255310e-01,2.3240009453e-01
5497,54.9700,2.4178196043e-01,2.3985003751e-01,2.3788041964e-01,2.3574008215e-01,2.3786189889e-01,2.3613980911e-01,2.3437731912e-01,2.3245486055e-01
5498,54.9800,2.4183672645e-01,2.3990480354e-01,2.3793518566e-01,2.3579484817e-01,2.3791666491e-01,2.3619457513e-01,2.3443208514e-01,2.3250962657e-01
5499,54.9900,2.4189149248e-01,2.3995956956e-01,2.3798995168e-01,2.3584961419e-01,2.3797143093e-01,2.3624934115e-01,2.3448685116e-01,2.3256439259e-01
5500,55.0000,2.4194625850e-01,2.4001433558e-01,2.3804471770e-01,2.3590438022e-01,2.3802619695e-01,2.3630410717e-01,2.3454161718e-01,2.3261915861e-01
5501,55.0100,2.4200102452e-01,2.4006910160e-01,2.3809948372e-01,2.3595914624e-01,2.3808096298e-01,2.3635887319e-01,2.3459638320e-01,2.3267392463e-01
5502,55.0200,2.4205579054e-01,2.4012386762e-01,2.3815424974e-01,2.3601391226e-01,2.3813572900e-01,2.3641363921e-01,2.3465114922e-01,2.3272869065e-01
5503,55.0300,2.4211055656e-01,2.4017863364e-01,2.3820901576e-01,2.3606867828e-01,2.3819049502e-01,2.3646840523e-01,2.3470591524e-01,2.3278345667e-01
5504,55.0400,2.4216532258e-01,2.4023339966e-01,2.3826378179e-01,2.3612344430e-01,2.3824526104e-01,2.3652317125e-01,2.3476068126e-01,2.3283822269e-01
5505,55.0500,2.4222008860e-01,2.4028816568e-01,2.3831854781e-01,2.3617821032e-01,2.3830002706e-01,2.3657793727e-01,2.3481544729e-01,2.3289298871e-01
5506,55.0600,2.4227485462e-01,2.4034293171e-01,2.3837331383e-01,2.3623297634e-01,2.3835479308e-01,2.3663270329e-01,2.3487021331e-01,2.3294775473e-01
5507,55.0700,2.4232962064e-01,2.4039769773e-01,2.3842807985e-01,2.3628774236e-01,2.3840955910e-01,2.3668746932e-01,2.3492497933e-01,2.3300252075e-01
5508,55.0800,2.4238438666e-01,2.4045246375e-01,2.3848284587e-01,2.3634250838e-01,2.3846432512e-01,2.3674223534e-01,2.3497974535e-01,2.3305728677e-01
5509,55.0900,2.4243915269e-01,2.4050722977e-01,2.3853761189e-01,2.3639727440e-01,2.3851909114e-01,2.3679700136e-01,2.3503451137e-01,2.3311205279e-01
5510,55.1000,2.4249391871e-01,2.4056199579e-01,2.3859237791e-01,2.3645204042e-01,2.3857385716e-01,2.3685176738e-01,2.3508927739e-01,2.3316681882e-01
5511,55.1100,2.4254868473e-01,2.4061676181e-01,2.3864714393e-01,2.3650680645e-01,2.3862862318e-01,2.3690653340e-01,2.3514404341e-01,2.3322158484e-01
5512,55.1200,2.4260345075e-01,2.4067152783e-01,2.3870190995e-01,2.3656157247e-01,2.3868338920e-01,2.3696129942e-01,2.3519880943e-01,2.3327635086e-01
5513,55.1300,2.4265821677e-01,2.4072629385e-01,2.3875667597e-01,2.3661633849e-01,2.3873815522e-01,2.3701606544e-01,2.3525357545e-01,2.3333111688e-01
5514,55.1400,2.4271298279e-01,2.4078105987e-01,2.3881144200e-01,2.3667110451e-01,2.3879292125e-01,2.3707083146e-01,2.3530834147e-01,2.3338588290e-01
5515,55.1500,2.4276774881e-01,2.4083582590e-01,2.3886620802e-01,2.3672587053e-01,2.3884768727e-01,2.3712559748e-01,2.3536310749e-01,2.3344064892e-01
5516,55.1600,2.4282251483e-01,2.4089059192e-01,2.3892097404e-01,2.3678063655e-01,2.3890245329e-01,2.3718036350e-01,2.3541787351e-01,2.3349541494e-01
5517,55.1700,2.4287728085e-01,2.4094535794e-01,2.3897574006e-01,2.3683540257e-01,2.3895721931e-01,2.3723512952e-01,2.3547263953e-01,2.3355018096e-01
5518,55.1800,2.4293204687e-01,2.4100012396e-01,2.3903050608e-01,2.3689016859e-01,2.3901198533e-01,2.3728989554e-01,2.3552740555e-01,2.3360494698e-01
5519,55.1900,2.4298681289e-01,2.4105488998e-01,2.3908527210e-01,2.3694493461e-01,2.3906675135e-01,2.3734466157e-01,2.3558217157e-01,2.3365971300e-01
5520,55.2000,2.4304157892e-01,2.4110965600e-01,2.3914003812e-01,2.3699970063e-01,2.3912151737e-01,2.3739942759e-01,2.3563693759e-01,2.3371447902e-01
5521,55.2100,2.4309634494e-01,2.4116442202e-01,2.3919480414e-01,2.3705446666e-01,2.3917628339e-01,2.3745419361e-01,2.3569170361e-01,2.3376924504e-01
5522,55.2200,2.4315111096e-01,2.4121918804e-01,2.3924957016e-01,2.3710923268e-01,2.3923104941e-01,2.3750895963e-01,2.3574646963e-01,2.3382401106e-01
5523,55.2300,2.4320587698e-01,2.4127395407e-01,2.3930433618e-01,2.3716399870e-01,2.3928581543e-01,2.3756372565e-01,2.3580123566e-01,2.3387877708e-01
5524,55.2400,2.4326064300e-01,2.4132872009e-01,2.3935910221e-01,2.3721876472e-01,2.3934058145e-01,2.3761849167e-01,2.3585600168e-01,2.3393354310e-01
5525,55.2500,2.4331540902e-01,2.4138348611e-01,2.3941386823e-01,2.3727353074e-01,2.3939534747e-01,2.3767325769e-01,2.3591076770e-01,2.3398830912e-01
5526,55.2600,2.4337017504e-01,2.4143825213e-01,2.3946863425e-01,2.3732829676e-01,2.3945011349e-01,2.3772802371e-01,2.3596553372e-01,2.3404307514e-01
5527,55.2700,2.4342494106e-01,2.4149301815e-01,2.3952340027e-01,2.3738306278e-01,2.3950487952e-01,2.3778278973e-01,2.3602029974e-01,2.3409784116e-01
5528,55.2800,2.4347970708e-01,2.4154778417e-01,2.3957816629e-01,2.3743782880e-01,2.3955964554e-01,2.3783755575e-01,2.3607506576e-01,2.3415260719e-01
5529,55.2900,2.4353447310e-01,2.4160255019e-01,2.3963293231e-01,2.3749259482e-01,2.3961441156e-01,2.3789232177e-01,2.3612983178e-01,2.3420737321e-01
5530,55.3000,2.4358923913e-01,2.4165731621e-01,2.3968769833e-01,2.3754736084e-01,2.3966917758e-01,2.3794708779e-01,2.3618459780e-01,2.3426213923e-01
5531,55.3100,2.4364400515e-01,2.4171208223e-01,2.3974246435e-01,2.3760212686e-01,2.3972394360e-01,2.3800185382e-01,2.3623936382e-01,2.3431690525e-01
5532,55.3200,2.4369877117e-01,2.4176684826e-01,2.3979723037e-01,2.3765689289e-01,2.3977870962e-01,2.3805661984e-01,2.3629412984e-01,2.3437167127e-01
5533,55.3300,2.4375353719e-01,2.4182161428e-01,2.3985199640e-01,2.3771165891e-01,2.3983347564e-01,2.3811138586e-01,2.3634889586e-01,2.3442643729e-01
5534,55.3400,2.4380830321e-01,2.4187638030e-01,2.3990676242e-01,2.3776642493e-01,2.3988824166e-01,2.3816615188e-01,2.3640366188e-01,2.3448120331e-01
5535,55.3500,2.4386306923e-01,2.4193114632e-01,2.3996152844e-01,2.3782119095e-01,2.3994300768e-01,2.3822091790e-01,2.3645842790e-01,2.3453596933e-01
5536,55.3600,2.4391783525e-01,2.4198591234e-01,2.4001629446e-01,2.3787595697e-01,2.3999777370e-01,2.3827568392e-01,2.3651319392e-01,2.3459073535e-01
5537,55.3700,2.4397260127e-01,2.4204067836e-01,2.4007106048e-01,2.3793072299e-01,2.4005253972e-01,2.3833044994e-01,2.3656795994e-01,2.3464550137e-01
5538,55.3800,2.4402736729e-01,2.4209544438e-01,2.4012582650e-01,2.3798548901e-01,2.4010730574e-01,2.3838521596e-01,2.3662272596e-01,2.3470026739e-01
5539,55.3900,2.4408213331e-01,2.4215021040e-01,2.4018059252e-01,2.3804025503e-01,2.4016207176e-01,2.3843998198e-01,2.3667749198e-01,2.3475503341e-01
5540,55.4000,2.4413689933e-01,2.4220497643e-01,2.4023535854e-01,2.3809502105e-01,2.4021683779e-01,2.3849474800e-01,2.3673225800e-01,2.3480979943e-01
5541,55.4100,2.4419166536e-01,2.4225974245e-01,2.4029012456e-01,2.3814978707e-01,2.4027160381e-01,2.3854951402e-01,2.3678702402e-01,2.3486456545e-01
5542,55.4200,2.4424643138e-01,2.4231450847e-01,2.4034489058e-01,2.3820455310e-01,2.4032636983e-01,2.3860428004e-01,2.3684179005e-01,2.3491933147e-01
5543,55.4300,2.4430119740e-01,2.4236927449e-01,2.4039965661e-01,2.3825931912e-01,2.4038113585e-01,2.3865904607e-01,2.3689655607e-01,2.3497409749e-01
5544,55.4400,2.4435596342e-01,2.4242404051e-01,2.4045442263e-01,2.3831408514e-01,2.4043590187e-01,2.3871381209e-01,2.3695132209e-01,2.3502886351e-01
5545,55.4500,2.4441072944e-01,2.4247880653e-01,2.4050918865e-01,2.3836885116e-01,2.4049066789e-01,2.3876857811e-01,2.3700608811e-01,2.3508362954e-01
5546,55.4600,2.4446549546e-01,2.4253357255e-01,2.4056395467e-01,2.3842361718e-01,2.4054543391e-01,2.3882334413e-01,2.3706085413e-01,2.3513839556e-01
5547,55.4700,2.4452026148e-01,2.4258833857e-01,2.4061872069e-01,2.3847838320e-01,2.4060019993e-01,2.3887811015e-01,2.3711562015e-01,2.3519316158e-01
5548,55.4800,2.4457502750e-01,2.4264310460e-01,2.4067348671e-01,2.3853314922e-01,2.4065496595e-01,2.3893287617e-01,2.3717038617e-01,2.3524792760e-01
5549,55.4900,2.4462979352e-01,2.4269787062e-01,2.4072825273e-01,2.3858791524e-01,2.4070973197e-01,2.3898764219e-01,2.3722515219e-01,2.3530269362e-01
5550,55.5000,2.4468455954e-01,2.4275263664e-01,2.4078301875e-01,2.3864268126e-01,2.4076449799e-01,2.3904240821e-01,2.3727991821e-01,2.3535745964e-01
5551,55.5100,2.4473932557e-01,2.4280740266e-01,2.4083778477e-01,2.3869744728e-01,2.4081926401e-01,2.3909717423e-01,2.3733468423e-01,2.3541222566e-01
5552,55.5200,2.4479409159e-01,2.4286216868e-01,2.4089255079e-01,2.3875221330e-01,2.4087403003e-01,2.3915194025e-01,2.3738945025e-01,2.3546699168e-01
5553,55.5300,2.4484885761e-01,2.4291693470e-01,2.4094731682e-01,2.3880697933e-01,2.4092879606e-01,2.3920670627e-01,2.3744421627e-01,2.3552175770e-01
5554,55.5400,2.4490362363e-01,2.4297170072e-01,2.4100208284e-01,2.3886174535e-01,2.4098356208e-01,2.3926147230e-01,2.3749898229e-01,2.3557652372e-01
5555,55.5500,2.4495838965e-01,2.4302646674e-01,2.4105684886e-01,2.3891651137e-01,2.4103832810e-01,2.3931623832e-01,2.3755374831e-01,2.3563128974e-01
5556,55.5600,2.4501315567e-01,2.4308123276e-01,2.4111161488e-01,2.3897127739e-01,2.4109309412e-01,2.3937100434e-01,2.3760851433e-01,2.3568605576e-01
5557,55.5700,2.4506792169e-01,2.4313599879e-01,2.4116638090e-01,2.3902604341e-01,2.4114786014e-01,2.3942577036e-01,2.3766328035e-01,2.3574082178e-01
5558,55.5800,2.4512268771e-01,2.4319076481e-01,2.4122114692e-01,2.3908080943e-01,2.4120262616e-01,2.3948053638e-01,2.3771804637e-01,2.3579558780e-01
5559,55.5900,2.4517745373e-01,2.4324553083e-01,2.4127591294e-01,2.3913557545e-01,2.4125739218e-01,2.3953530240e-01,2.3777281239e-01,2.3585035382e-01
5560,55.6000,2.4523221975e-01,2.4330029685e-01,2.4133067896e-01,2.3919034147e-01,2.4131215820e-01,2.3959006842e-01,2.3782757842e-01,2.3590511984e-01
5561,55.6100,2.4528698577e-01,2.4335506287e-01,2.4138544498e-01,2.3924510749e-01,2.4136692422e-01,2.3964483444e-01,2.3788234444e-01,2.3595988586e-01
5562,55.6200,2.4534175180e-01,2.4340982889e-01,2.4144021100e-01,2.3929987351e-01,2.4142169024e-01,2.3969960046e-01,2.3793711046e-01,2.3601465189e-01
5563,55.6300,2.4539651782e-01,2.4346459491e-01,2.4149497703e-01,2.3935463954e-01,2.4147645626e-01,2.3975436648e-01,2.3799187648e-01,2.3606941791e-01
5564,55.6400,2.4545128384e-01,2.4351936093e-01,2.4154974305e-01,2.3940940556e-01,2.4153122228e-01,2.3980913250e-01,2.3804664250e-01,2.3612418393e-01
5565,55.6500,2.4550604986e-01,2.4357412696e-01,2.4160450907e-01,2.3946417158e-01,2.4158598830e-01,2.3986389852e-01,2.3810140852e-01,2.3617894995e-01
5566,55.6600,2.4556081588e-01,2.4362889298e-01,2.4165927509e-01,2.3951893760e-01,2.4164075433e-01,2.3991866455e-01,2.3815617454e-01,2.3623371597e-01
5567,55.6700,2.4561558190e-01,2.4368365900e-01,2.4171404111e-01,2.3957370362e-01,2.4169552035e-01,2.3997343057e-01,2.3821094056e-01,2.3628848199e-01
5568,55.6800,2.4567034792e-01,2.4373842502e-01,2.4176880713e-01,2.3962846964e-01,2.4175028637e-01,2.4002819659e-01,2.3826570658e-01,2.3634324801e-01
5569,55.6900,2.4572511394e-01,2.4379319104e-01,2.4182357315e-01,2.3968323566e-01,2.4180505239e-01,2.4008296261e-01,2.3832047260e-01,2.3639801403e-01
5570,55.7000,2.4577987996e-01,2.4384795706e-01,2.4187833917e-01,2.3973800168e-01,2.4185981841e-01,2.4013772863e-01,2.3837523862e-01,2.3645278005e-01
5571,55.7100,2.4583464598e-01,2.4390272308e-01,2.4193310519e-01,2.3979276770e-01,2.4191458443e-01,2.4019249465e-01,2.3843000464e-01,2.3650754607e-01
5572,55.7200,2.4588941201e-01,2.4395748910e-01,2.4198787121e-01,2.3984753372e-01,2.4196935045e-01,2.4024726067e-01,2.3848477066e-01,2.3656231209e-01
5573,55.7300,2.4594417803e-01,2.4401225512e-01,2.4204263724e-01,2.3990229974e-01,2.4202411647e-01,2.4030202669e-01,2.3853953668e-01,2.3661707811e-01
5574,55.7400,2.4599894405e-01,2.4406702115e-01,2.4209740326e-01,2.3995706577e-01,2.4207888249e-01,2.4035679271e-01,2.3859430270e-01,2.3667184413e-01
5575,55.7500,2.4605371007e-01,2.4412178717e-01,2.4215216928e-01,2.4001183179e-01,2.4213364851e-01,2.4041155873e-01,2.3864906872e-01,2.3672661015e-01
5576,55.7600,2.4610847609e-01,2.4417655319e-01,2.4220693530e-01,2.4006659781e-01,2.4218841453e-01,2.4046632475e-01,2.3870383474e-01,2.3678137617e-01
5577,55.7700,2.4616324211e-01,2.4423131921e-01,2.4226170132e-01,2.4012136383e-01,2.4224318055e-01,2.4052109077e-01,2.3875860076e-01,2.3683614219e-01
5578,55.7800,2.4621800813e-01,2.4428608523e-01,2.4231646734e-01,2.4017612985e-01,2.4229794657e-01,2.4057585680e-01,2.3881336679e-01,2.3689090821e-01
5579,55.7900,2.4627277415e-01,2.4434085125e-01,2.4237123336e-01,2.4023089587e-01,2.4235271260e-01,2.4063062282e-01,2.3886813281e-01,2.3694567424e-01
5580,55.8000,2.4632754017e-01,2.4439561727e-01,2.4242599938e-01,2.4028566189e-01,2.4240747862e-01,2.4068538884e-01,2.3892289883e-01,2.3700044026e-01
5581,55.8100,2.4638230619e-01,2.4445038329e-01,2.4248076540e-01,2.4034042791e-01,2.4246224464e-01,2.4074015486e-01,2.3897766485e-01,2.3705520628e-01
5582,55.8200,2.4643707221e-01,2.4450514932e-01,2.4253553142e-01,2.4039519393e-01,2.4251701066e-01,2.4079492088e-01,2.3903243087e-01,2.3710997230e-01
5583,55.8300,2.4649183824e-01,2.4455991534e-01,2.4259029745e-01,2.4044995995e-01,2.4257177668e-01,2.4084968690e-01,2.3908719689e-01,2.3716473832e-01
5584,55.8400,2.4654660426e-01,2.4461468136e-01,2.4264506347e-01,2.4050472598e-01,2.4262654270e-01,2.4090445292e-01,2.3914196291e-01,2.3721950434e-01
5585,55.8500,2.4660137028e-01,2.4466944738e-01,2.4269982949e-01,2.4055949200e-01,2.4268130872e-01,2.4095921894e-01,2.3919672893e-01,2.3727427036e-01
5586,55.8600,2.4665613630e-01,2.4472421340e-01,2.4275459551e-01,2.4061425802e-01,2.4273607474e-01,2.4101398496e-01,2.3925149495e-01,2.3732903638e-01
5587,55.8700,2.4671090232e-01,2.4477897942e-01,2.4280936153e-01,2.4066902404e-01,2.4279084076e-01,2.4106875098e-01,2.3930626097e-01,2.3738380240e-01
5588,55.8800,2.4676566834e-01,2.4483374544e-01,2.4286412755e-01,2.4072379006e-01,2.4284560678e-01,2.4112351700e-01,2.3936102699e-01,2.3743856842e-01
5589,55.8900,2.4682043436e-01,2.4488851146e-01,2.4291889357e-01,2.4077855608e-01,2.4290037280e-01,2.4117828302e-01,2.3941579301e-01,2.3749333444e-01
5590,55.9000,2.4687520038e-01,2.4494327749e-01,2.4297365959e-01,2.4083332210e-01,2.4295513882e-01,2.4123304905e-01,2.3947055903e-01,2.3754810046e-01
5591,55.9100,2.4692996640e-01,2.4499804351e-01,2.4302842561e-01,2.4088808812e-01,2.4300990484e-01,2.4128781507e-01,2.3952532505e-01,2.3760286648e-01
5592,55.9200,2.4698473242e-01,2.4505280953e-01,2.4308319163e-01,2.4094285414e-01,2.4306467087e-01,2.4134258109e-01,2.3958009107e-01,2.3765763250e-01
5593,55.9300,2.4703949845e-01,2.4510757555e-01,2.4313795766e-01,2.4099762016e-01,2.4311943689e-01,2.4139734711e-01,2.3963485709e-01,2.3771239852e-01
5594,55.9400,2.4709426447e-01,2.4516234157e-01,2.4319272368e-01,2.4105238618e-01,2.4317420291e-01,2.4145211313e-01,2.3968962311e-01,2.3776716454e-01
5595,55.9500,2.4714903049e-01,2.4521710759e-01,2.4324748970e-01,2.4110715221e-01,2.4322896893e-01,2.4150687915e-01,2.3974438913e-01,2.3782193056e-01
5596,55.9600,2.4720379651e-01,2.4527187361e-01,2.4330225572e-01,2.4116191823e-01,2.4328373495e-01,2.4156164517e-01,2.3979915515e-01,2.3787669659e-01
5597,55.9700,2.4725856253e-01,2.4532663963e-01,2.4335702174e-01,2.4121668425e-01,2.4333850097e-01,2.4161641119e-01,2.3985392118e-01,2.3793146261e-01
5598,55.9800,2.4731332855e-01,2.4538140565e-01,2.4341178776e-01,2.4127145027e-01,2.4339326699e-01,2.4167117721e-01,2.3990868720e-01,2.3798622863e-01
5599,55.9900,2.4736809457e-01,2.4543617168e-01,2.4346655378e-01,2.4132621629e-01,2.4344803301e-01,2.4172594323e-01,2.3996345322e-01,2.3804099465e-01
5600,56.0000,2.4742286059e-01,2.4549093770e-01,2.4352131980e-01,2.4138098231e-01,2.4350279903e-01,2.4178070925e-01,2.4001821924e-01,2.3809576067e-01
5601,56.0100,2.4747762661e-01,2.4554570372e-01,2.4357608582e-01,2.4143574833e-01,2.4355756505e-01,2.4183547527e-01,2.4007298526e-01,2.3815052669e-01
5602,56.0200,2.4753239263e-01,2.4560046974e-01,2.4363085184e-01,2.4149051435e-01,2.4361233107e-01,2.4189024130e-01,2.4012775128e-01,2.3820529271e-01
5603,56.0300,2.4758715866e-01,2.4565523576e-01,2.4368561787e-01,2.4154528037e-01,2.4366709709e-01,2.4194500732e-01,2.4018251730e-01,2.3826005873e-01
5604,56.0400,2.4764192468e-01,2.4571000178e-01,2.4374038389e-01,2.4160004639e-01,2.4372186311e-01,2.4199977334e-01,2.4023728332e-01,2.3831482475e-01
5605,56.0500,2.4769669070e-01,2.4576476780e-01,2.4379514991e-01,2.4165481242e-01,2.4377662914e-01,2.4205453936e-01,2.4029204934e-01,2.3836959077e-01
5606,56.0600,2.4775145672e-01,2.4581953382e-01,2.4384991593e-01,2.4170957844e-01,2.4383139516e-01,2.4210930538e-01,2.4034681536e-01,2.3842435679e-01
5607,56.0700,2.4780622274e-01,2.4587429985e-01,2.4390468195e-01,2.4176434446e-01,2.4388616118e-01,2.4216407140e-01,2.4040158138e-01,2.3847912281e-01
5608,56.0800,2.4786098876e-01,2.4592906587e-01,2.4395944797e-01,2.4181911048e-01,2.4394092720e-01,2.4221883742e-01,2.4045634740e-01,2.3853388883e-01
5609,56.0900,2.4791575478e-01,2.4598383189e-01,2.4401421399e-01,2.4187387650e-01,2.4399569322e-01,2.4227360344e-01,2.4051111342e-01,2.3858865485e-01
5610,56.1000,2.4797052080e-01,2.4603859791e-01,2.4406898001e-01,2.4192864252e-01,2.4405045924e-01,2.4232836946e-01,2.4056587944e-01,2.3864342087e-01
5611,56.1100,2.4802528682e-01,2.4609336393e-01,2.4412374603e-01,2.4198340854e-01,2.4410522526e-01,2.4238313548e-01,2.4062064546e-01,2.3869818689e-01
5612,56.1200,2.4808005284e-01,2.4614812995e-01,2.4417851205e-01,2.4203817456e-01,2.4415999128e-01,2.4243790150e-01,2.4067541148e-01,2.3875295291e-01
5613,56.1300,2.4813481886e-01,2.4620289597e-01,2.4423327808e-01,2.4209294058e-01,2.4421475730e-01,2.4249266752e-01,2.4073017750e-01,2.3880771894e-01
5614,56.1400,2.4818958489e-01,2.4625766199e-01,2.4428804410e-01,2.4214770660e-01,2.4426952332e-01,2.4254743355e-01,2.4078494352e-01,2.3886248496e-01
5615,56.1500,2.4824435091e-01,2.4631242801e-01,2.4434281012e-01,2.4220247262e-01,2.4432428934e-01,2.4260219957e-01,2.4083970955e-01,2.3891725098e-01
5616,56.1600,2.4829911693e-01,2.4636719404e-01,2.4439757614e-01,2.4225723865e-01,2.4437905536e-01,2.4265696559e-01,2.4089447557e-01,2.3897201700e-01
5617,56.1700,2.4835388295e-01,2.4642196006e-01,2.4445234216e-01,2.4231200467e-01,2.4443382138e-01,2.4271173161e-01,2.4094924159e-01,2.3902678302e-01
5618,56.1800,2.4840864897e-01,2.4647672608e-01,2.4450710818e-01,2.4236677069e-01,2.4448858741e-01,2.4276649763e-01,2.4100400761e-01,2.3908154904e-01
5619,56.1900,2.4846341499e-01,2.4653149210e-01,2.4456187420e-01,2.4242153671e-01,2.4454335343e-01,2.4282126365e-01,2.4105877363e-01,2.3913631506e-01
5620,56.2000,2.4851818101e-01,2.4658625812e-01,2.4461664022e-01,2.4247630273e-01,2.4459811945e-01,2.4287602967e-01,2.4111353965e-01,2.3919108108e-01
5621,56.2100,2.4857294703e-01,2.4664102414e-01,2.4467140624e-01,2.4253106875e-01,2.4465288547e-01,2.4293079569e-01,2.4116830567e-01,2.3924584710e-01
5622,56.2200,2.4862771305e-01,2.4669579016e-01,2.4472617226e-01,2.4258583477e-01,2.4470765149e-01,2.4298556171e-01,2.4122307169e-01,2.3930061312e-01
5623,56.2300,2.4868247907e-01,2.4675055618e-01,2.4478093829e-01,2.4264060079e-01,2.4476241751e-01,2.4304032773e-01,2.4127783771e-01,2.3935537914e-01
5624,56.2400,2.4873724510e-01,2.4680532221e-01,2.4483570431e-01,2.4269536681e-01,2.4481718353e-01,2.4309509375e-01,2.4133260373e-01,2.3941014516e-01
5625,56.2500,2.4879201112e-01,2.4686008823e-01,2.4489047033e-01,2.4275013283e-01,2.4487194955e-01,2.4314985977e-01,2.4138736975e-01,2.3946491118e-01
5626,56.2600,2.4884677714e-01,2.4691485425e-01,2.4494523635e-01,2.4280489885e-01,2.4492671557e-01,2.4320462580e-01,2.4144213577e-01,2.3951967720e-01
5627,56.2700,2.4890154316e-01,2.4696962027e-01,2.4500000237e-01,2.4285966488e-01,2.4498148159e-01,2.4325939182e-01,2.4149690179e-01,2.3957444322e-01
5628,56.2800,2.4895630918e-01,2.4702438629e-01,2.4505476839e-01,2.4291443090e-01,2.4503624761e-01,2.4331415784e-01,2.4155166781e-01,2.3962920924e-01
5629,56.2900,2.4901107520e-01,2.4707915231e-01,2.4510953441e-01,2.4296919692e-01,2.4509101363e-01,2.4336892386e-01,2.4160643383e-01,2.3968397526e-01
5630,56.3000,2.4906584122e-01,2.4713391833e-01,2.4516430043e-01,2.4302396294e-01,2.4514577965e-01,2.4342368988e-01,2.4166119985e-01,2.3973874129e-01
5631,56.3100,2.4912060724e-01,2.4718868435e-01,2.4521906645e-01,2.4307872896e-01,2.4520054568e-01,2.4347845590e-01,2.4171596587e-01,2.3979350731e-01
5632,56.3200,2.4917537326e-01,2.4724345038e-01,2.4527383247e-01,2.4313349498e-01,2.4525531170e-01,2.4353322192e-01,2.4177073189e-01,2.3984827333e-01
5633,56.3300,2.4923013928e-01,2.4729821640e-01,2.4532859850e-01,2.4318826100e-01,2.4531007772e-01,2.4358798794e-01,2.4182549792e-01,2.3990303935e-01
5634,56.3400,2.4928490530e-01,2.4735298242e-01,2.4538336452e-01,2.4324302702e-01,2.4536484374e-01,2.4364275396e-01,2.4188026394e-01,2.3995780537e-01
5635,56.3500,2.4933967133e-01,2.4740774844e-01,2.4543813054e-01,2.4329779304e-01,2.4541960976e-01,2.4369751998e-01,2.4193502996e-01,2.4001257139e-01
5636,56.3600,2.4939443735e-01,2.4746251446e-01,2.4549289656e-01,2.4335255906e-01,2.4547437578e-01,2.4375228600e-01,2.4198979598e-01,2.4006733741e-01
5637,56.3700,2.4944920337e-01,2.4751728048e-01,2.4554766258e-01,2.4340732509e-01,2.4552914180e-01,2.4380705202e-01,2.4204456200e-01,2.4012210343e-01
5638,56.3800,2.4950396939e-01,2.4757204650e-01,2.4560242860e-01,2.4346209111e-01,2.4558390782e-01,2.4386181805e-01,2.4209932802e-01,2.4017686945e-01
5639,56.3900,2.4955873541e-01,2.4762681252e-01,2.4565719462e-01,2.4351685713e-01,2.4563867384e-01,2.4391658407e-01,2.4215409404e-01,2.4023163547e-01
5640,56.4000,2.4961350143e-01,2.4768157854e-01,2.4571196064e-01,2.4357162315e-01,2.4569343986e-01,2.4397135009e-01,2.4220886006e-01,2.4028640149e-01
5641,56.4100,2.4966826745e-01,2.4773634457e-01,2.4576672666e-01,2.4362638917e-01,2.4574820588e-01,2.4402611611e-01,2.4226362608e-01,2.4034116751e-01
5642,56.4200,2.4972303347e-01,2.4779111059e-01,2.4582149268e-01,2.4368115519e-01,2.4580297190e-01,2.4408088213e-01,2.4231839210e-01,2.4039593353e-01
5643,56.4300,2.4977779949e-01,2.4784587661e-01,2.4587625871e-01,2.4373592121e-01,2.4585773792e-01,2.4413564815e-01,2.4237315812e-01,2.4045069955e-01
5644,56.4400,2.4983256551e-01,2.4790064263e-01,2.4593102473e-01,2.4379068723e-01,2.4591250395e-01,2.4419041417e-01,2.4242792414e-01,2.4050546557e-01
5645,56.4500,2.4988733154e-01,2.4795540865e-01,2.4598579075e-01,2.4384545325e-01,2.4596726997e-01,2.4424518019e-01,2.4248269016e-01,2.4056023159e-01
5646,56.4600,2.4994209756e-01,2.4801017467e-01,2.4604055677e-01,2.4390021927e-01,2.4602203599e-01,2.4429994621e-01,2.4253745618e-01,2.4061499761e-01
5647,56.4700,2.4999686358e-01,2.4806494069e-01,2.4609532279e-01,2.4395498529e-01,2.4607680201e-01,2.4435471223e-01,2.4259222220e-01,2.4066976364e-01
5648,56.4800,2.5005162960e-01,2.4811970671e-01,2.4615008881e-01,2.4400975132e-01,2.4613156803e-01,2.4440947825e-01,2.4264698822e-01,2.4072452966e-01
5649,56.4900,2.5010639562e-01,2.4817447274e-01,2.4620485483e-01,2.4406451734e-01,2.4618633405e-01,2.4446424427e-01,2.4270175424e-01,2.4077929568e-01
5650,56.5000,2.5016116164e-01,2.4822923876e-01,2.4625962085e-01,2.4411928336e-01,2.4624110007e-01,2.4451901030e-01,2.4275652026e-01,2.4083406170e-01
5651,56.5100,2.5021592766e-01,2.4828400478e-01,2.4631438687e-01,2.4417404938e-01,2.4629586609e-01,2.4457377632e-01,2.4281128629e-01,2.4088882772e-01
5652,56.5200,2.5027069368e-01,2.4833877080e-01,2.4636915289e-01,2.4422881540e-01,2.4635063211e-01,2.4462854234e-01,2.4286605231e-01,2.4094359374e-01
5653,56.5300,2.5032545970e-01,2.4839353682e-01,2.4642391892e-01,2.4428358142e-01,2.4640539813e-01,2.4468330836e-01,2.4292081833e-01,2.4099835976e-01
5654,56.5400,2.5038022572e-01,2.4844830284e-01,2.4647868494e-01,2.4433834744e-01,2.4646016415e-01,2.4473807438e-01,2.4297558435e-01,2.4105312578e-01
5655,56.5500,2.5043499174e-01,2.4850306886e-01,2.4653345096e-01,2.4439311346e-01,2.4651493017e-01,2.4479284040e-01,2.4303035037e-01,2.4110789180e-01
5656,56.5600,2.5048975777e-01,2.4855783488e-01,2.4658821698e-01,2.4444787948e-01,2.4656969619e-01,2.4484760642e-01,2.4308511639e-01,2.4116265782e-01
5657,56.5700,2.5054452379e-01,2.4861260090e-01,2.4664298300e-01,2.4450264550e-01,2.4662446222e-01,2.4490237244e-01,2.4313988241e-01,2.4121742384e-01
5658,56.5800,2.5059928981e-01,2.4866736693e-01,2.4669774902e-01,2.4455741153e-01,2.4667922824e-01,2.4495713846e-01,2.4319464843e-01,2.4127218986e-01
5659,56.5900,2.5065405583e-01,2.4872213295e-01,2.4675251504e-01,2.4461217755e-01,2.4673399426e-01,2.4501190448e-01,2.4324941445e-01,2.4132695588e-01
5660,56.6000,2.5070882185e-01,2.4877689897e-01,2.4680728106e-01,2.4466694357e-01,2.4678876028e-01,2.4506667050e-01,2.4330418047e-01,2.4138172190e-01
5661,56.6100,2.5076358787e-01,2.4883166499e-01,2.4686204708e-01,2.4472170959e-01,2.4684352630e-01,2.4512143652e-01,2.4335894649e-01,2.4143648792e-01
5662,56.6200,2.5081835389e-01,2.4888643101e-01,2.4691681311e-01,2.4477647561e-01,2.4689829232e-01,2.4517620255e-01,2.4341371251e-01,2.4149125394e-01
5663,56.6300,2.5087311991e-01,2.4894119703e-01,2.4697157913e-01,2.4483124163e-01,2.4695305834e-01,2.4523096857e-01,2.4346847853e-01,2.4154601996e-01
5664,56.6400,2.5092788593e-01,2.4899596305e-01,2.4702634515e-01,2.4488600765e-01,2.4700782436e-01,2.4528573459e-01,2.4352324455e-01,2.4160078599e-01
5665,56.6500,2.5098265195e-01,2.4905072907e-01,2.4708111117e-01,2.4494077367e-01,2.4706259038e-01,2.4534050061e-01,2.4357801057e-01,2.4165555201e-01
5666,56.6600,2.5103741798e-01,2.4910549510e-01,2.4713587719e-01,2.4499553969e-01,2.4711735640e-01,2.4539526663e-01,2.4363277659e-01,2.4171031803e-01
5667,56.6700,2.5109218400e-01,2.4916026112e-01,2.4719064321e-01,2.4505030571e-01,2.4717212242e-01,2.4545003265e-01,2.4368754261e-01,2.4176508405e-01
5668,56.6800,2.5114695002e-01,2.4921502714e-01,2.4724540923e-01,2.4510507173e-01,2.4722688844e-01,2.4550479867e-01,2.4374230863e-01,2.4181985007e-01
5669,56.6900,2.5120171604e-01,2.4926979316e-01,2.4730017525e-01,2.4515983776e-01,2.4728165446e-01,2.4555956469e-01,2.4379707465e-01,2.4187461609e-01
5670,56.7000,2.5125648206e-01,2.4932455918e-01,2.4735494127e-01,2.4521460378e-01,2.4733642049e-01,2.4561433071e-01,2.4385184068e-01,2.4192938211e-01
5671,56.7100,2.5131124808e-01,2.4937932520e-01,2.4740970729e-01,2.4526936980e-01,2.4739118651e-01,2.4566909673e-01,2.4390660670e-01,2.4198414813e-01
5672,56.7200,2.5136601410e-01,2.4943409122e-01,2.4746447332e-01,2.4532413582e-01,2.4744595253e-01,2.4572386275e-01,2.4396137272e-01,2.4203891415e-01
5673,56.7300,2.5142078012e-01,2.4948885724e-01,2.4751923934e-01,2.4537890184e-01,2.4750071855e-01,2.4577862877e-01,2.4401613874e-01,2.4209368017e-01
5674,56.7400,2.5147554614e-01,2.4954362326e-01,2.4757400536e-01,2.4543366786e-01,2.4755548457e-01,2.4583339480e-01,2.4407090476e-01,2.4214844619e-01
5675,56.7500,2.5153031216e-01,2.4959838929e-01,2.4762877138e-01,2.4548843388e-01,2.4761025059e-01,2.4588816082e-01,2.4412567078e-01,2.4220321221e-01
5676,56.7600,2.5158507818e-01,2.4965315531e-01,2.4768353740e-01,2.4554319990e-01,2.4766501661e-01,2.4594292684e-01,2.4418043680e-01,2.4225797823e-01
5677,56.7700,2.5163984421e-01,2.4970792133e-01,2.4773830342e-01,2.4559796592e-01,2.4771978263e-01,2.4599769286e-01,2.4423520282e-01,2.4231274425e-01
5678,56.7800,2.5169461023e-01,2.4976268735e-01,2.4779306944e-01,2.4565273194e-01,2.4777454865e-01,2.4605245888e-01,2.4428996884e-01,2.4236751027e-01
5679,56.7900,2.5174937625e-01,2.4981745337e-01,2.4784783546e-01,2.4570749797e-01,2.4782931467e-01,2.4610722490e-01,2.4434473486e-01,2.4242227629e-01
5680,56.8000,2.5180414227e-01,2.4987221939e-01,2.4790260148e-01,2.4576226399e-01,2.4788408069e-01,2.4616199092e-01,2.4439950088e-01,2.4247704231e-01
5681,56.8100,2.5185890829e-01,2.4992698541e-01,2.4795736750e-01,2.4581703001e-01,2.4793884671e-01,2.4621675694e-01,2.4445426690e-01,2.4253180834e-01
5682,56.8200,2.5191367431e-01,2.4998175143e-01,2.4801213353e-01,2.4587179603e-01,2.4799361273e-01,2.4627152296e-01,2.4450903292e-01,2.4258657436e-01
5683,56.8300,2.5196844033e-01,2.5003651746e-01,2.4806689955e-01,2.4592656205e-01,2.4804837876e-01,2.4632628898e-01,2.4456379894e-01,2.4264134038e-01
5684,56.8400,2.5202320635e-01,2.5009128348e-01,2.4812166557e-01,2.4598132807e-01,2.4810314478e-01,2.4638105500e-01,2.4461856496e-01,2.4269610640e-01
5685,56.8500,2.5207797237e-01,2.5014604950e-01,2.4817643159e-01,2.4603609409e-01,2.4815791080e-01,2.4643582102e-01,2.4467333098e-01,2.4275087242e-01
5686,56.8600,2.5213273839e-01,2.5020081552e-01,2.4823119761e-01,2.4609086011e-01,2.4821267682e-01,2.4649058705e-01,2.4472809700e-01,2.4280563844e-01
5687,56.8700,2.5218750442e-01,2.5025558154e-01,2.4828596363e-01,2.4614562613e-01,2.4826744284e-01,2.4654535307e-01,2.4478286302e-01,2.4286040446e-01
5688,56.8800,2.5224227044e-01,2.5031034756e-01,2.4834072965e-01,2.4620039215e-01,2.4832220886e-01,2.4660011909e-01,2.4483762905e-01,2.4291517048e-01
5689,56.8900,2.5229703646e-01,2.5036511358e-01,2.4839549567e-01,2.4625515817e-01,2.4837697488e-01,2.4665488511e-01,2.4489239507e-01,2.4296993650e-01
5690,56.9000,2.5235180248e-01,2.5041987960e-01,2.4845026169e-01,2.4630992420e-01,2.4843174090e-01,2.4670965113e-01,2.4494716109e-01,2.4302470252e-01
5691,56.9100,2.5240656850e-01,2.5047464562e-01,2.4850502771e-01,2.4636469022e-01,2.4848650692e-01,2.4676441715e-01,2.4500192711e-01,2.4307946854e-01
5692,56.9200,2.5246133452e-01,2.5052941165e-01,2.4855979374e-01,2.4641945624e-01,2.4854127294e-01,2.4681918317e-01,2.4505669313e-01,2.4313423456e-01
5693,56.9300,2.5251610054e-01,2.5058417767e-01,2.4861455976e-01,2.4647422226e-01,2.4859603896e-01,2.4687394919e-01,2.4511145915e-01,2.4318900058e-01
5694,56.9400,2.5257086656e-01,2.5063894369e-01,2.4866932578e-01,2.4652898828e-01,2.4865080498e-01,2.4692871521e-01,2.4516622517e-01,2.4324376660e-01
5695,56.9500,2.5262563258e-01,2.5069370971e-01,2.4872409180e-01,2.4658375430e-01,2.4870557100e-01,2.4698348123e-01,2.4522099119e-01,2.4329853262e-01
5696,56.9600,2.5268039860e-01,2.5074847573e-01,2.4877885782e-01,2.4663852032e-01,2.4876033703e-01,2.4703824725e-01,2.4527575721e-01,2.4335329864e-01
5697,56.9700,2.5273516462e-01,2.5080324175e-01,2.4883362384e-01,2.4669328634e-01,2.4881510305e-01,2.4709301328e-01,2.4533052323e-01,2.4340806466e-01
5698,56.9800,2.5278993065e-01,2.5085800777e-01,2.4888838986e-01,2.4674805236e-01,2.4886986907e-01,2.4714777930e-01,2.4538528925e-01,2.4346283069e-01
5699,56.9900,2.5284469667e-01,2.5091277379e-01,2.4894315588e-01,2.4680281838e-01,2.4892463509e-01,2.4720254532e-01,2.4544005527e-01,2.4351759671e-01
5700,57.0000,2.5289946269e-01,2.5096753982e-01,2.4899792190e-01,2.4685758440e-01,2.4897940111e-01,2.4725731134e-01,2.4549482129e-01,2.4357236273e-01
5701,57.0100,2.5295422871e-01,2.5102230584e-01,2.4905268792e-01,2.4691235043e-01,2.4903416713e-01,2.4731207736e-01,2.4554958731e-01,2.4362712875e-01
5702,57.0200,2.5300899473e-01,2.5107707186e-01,2.4910745395e-01,2.4696711645e-01,2.4908893315e-01,2.4736684338e-01,2.4560435333e-01,2.4368189477e-01
5703,57.0300,2.5306376075e-01,2.5113183788e-01,2.4916221997e-01,2.4702188247e-01,2.4914369917e-01,2.4742160940e-01,2.4565911935e-01,2.4373666079e-01
5704,57.0400,2.5311852677e-01,2.5118660390e-01,2.4921698599e-01,2.4707664849e-01,2.4919846519e-01,2.4747637542e-01,2.4571388537e-01,2.4379142681e-01
5705,57.0500,2.5317329279e-01,2.5124136992e-01,2.4927175201e-01,2.4713141451e-01,2.4925323121e-01,2.4753114144e-01,2.4576865139e-01,2.4384619283e-01
5706,57.0600,2.5322805881e-01,2.5129613594e-01,2.4932651803e-01,2.4718618053e-01,2.4930799723e-01,2.4758590746e-01,2.4582341742e-01,2.4390095885e-01
5707,57.0700,2.5328282483e-01,2.5135090196e-01,2.4938128405e-01,2.4724094655e-01,2.4936276325e-01,2.4764067348e-01,2.4587818344e-01,2.4395572487e-01
5708,57.0800,2.5333759086e-01,2.5140566799e-01,2.4943605007e-01,2.4729571257e-01,2.4941752927e-01,2.4769543950e-01,2.4593294946e-01,2.4401049089e-01
5709,57.0900,2.5339235688e-01,2.5146043401e-01,2.4949081609e-01,2.4735047859e-01,2.4947229530e-01,2.4775020553e-01,2.4598771548e-01,2.4406525691e-01
5710,57.1000,2.5344712290e-01,2.5151520003e-01,2.4954558211e-01,2.4740524461e-01,2.4952706132e-01,2.4780497155e-01,2.4604248150e-01,2.4412002293e-01
5711,57.1100,2.5350188892e-01,2.5156996605e-01,2.4960034813e-01,2.4746001064e-01,2.4958182734e-01,2.4785973757e-01,2.4609724752e-01,2.4417478895e-01
5712,57.1200,2.5355665494e-01,2.5162473207e-01,2.4965511416e-01,2.4751477666e-01,2.4963659336e-01,2.4791450359e-01,2.4615201354e-01,2.4422955497e-01
5713,57.1300,2.5361142096e-01,2.5167949809e-01,2.4970988018e-01,2.4756954268e-01,2.4969135938e-01,2.4796926961e-01,2.4620677956e-01,2.4428432099e-01
5714,57.1400,2.5366618698e-01,2.5173426411e-01,2.4976464620e-01,2.4762430870e-01,2.4974612540e-01,2.4802403563e-01,2.4626154558e-01,2.4433908701e-01
5715,57.1500,2.5372095300e-01,2.5178903013e-01,2.4981941222e-01,2.4767907472e-01,2.4980089142e-01,2.4807880165e-01,2.4631631160e-01,2.4439385304e-01
5716,57.1600,2.5377571902e-01,2.5184379615e-01,2.4987417824e-01,2.4773384074e-01,2.4985565744e-01,2.4813356767e-01,2.4637107762e-01,2.4444861906e-01
5717,57.1700,2.5383048504e-01,2.5189856218e-01,2.4992894426e-01,2.4778860676e-01,2.4991042346e-01,2.4818833369e-01,2.4642584364e-01,2.4450338508e-01
5718,57.1800,2.5388525106e-01,2.5195332820e-01,2.4998371028e-01,2.4784337278e-01,2.4996518948e-01,2.4824309971e-01,2.4648060966e-01,2.4455815110e-01
5719,57.1900,2.5394001709e-01,2.5200809422e-01,2.5003847630e-01,2.4789813880e-01,2.5001995550e-01,2.4829786573e-01,2.4653537568e-01,2.4461291712e-01
5720,57.2000,2.5399478311e-01,2.5206286024e-01,2.5009324232e-01,2.4795290482e-01,2.5007472152e-01,2.4835263175e-01,2.4659014170e-01,2.4466768314e-01
5721,57.2100,2.5404954913e-01,2.5211762626e-01,2.5014800834e-01,2.4800767084e-01,2.5012948754e-01,2.4840739778e-01,2.4664490772e-01,2.4472244916e-01
5722,57.2200,2.5410431515e-01,2.5217239228e-01,2.5020277437e-01,2.4806243687e-01,2.5018425357e-01,2.4846216380e-01,2.4669967374e-01,2.4477721518e-01
5723,57.2300,2.5415908117e-01,2.5222715830e-01,2.5025754039e-01,2.4811720289e-01,2.5023901959e-01,2.4851692982e-01,2.4675443976e-01,2.4483198120e-01
5724,57.2400,2.5421384719e-01,2.5228192432e-01,2.5031230641e-01,2.4817196891e-01,2.5029378561e-01,2.4857169584e-01,2.4680920578e-01,2.4488674722e-01
5725,57.2500,2.5426861321e-01,2.5233669035e-01,2.5036707243e-01,2.4822673493e-01,2.5034855163e-01,2.4862646186e-01,2.4686397181e-01,2.4494151324e-01
5726,57.2600,2.5432337923e-01,2.5239145637e-01,2.5042183845e-01,2.4828150095e-01,2.5040331765e-01,2.4868122788e-01,2.4691873783e-01,2.4499627926e-01
5727,57.2700,2.5437814525e-01,2.5244622239e-01,2.5047660447e-01,2.4833626697e-01,2.5045808367e-01,2.4873599390e-01,2.4697350385e-01,2.4505104528e-01
5728,57.2800,2.5443291127e-01,2.5250098841e-01,2.5053137049e-01,2.4839103299e-01,2.5051284969e-01,2.4879075992e-01,2.4702826987e-01,2.4510581130e-01
5729,57.2900,2.5448767730e-01,2.5255575443e-01,2.5058613651e-01,2.4844579901e-01,2.5056761571e-01,2.4884552594e-01,2.4708303589e-01,2.4516057732e-01
5730,57.3000,2.5454244332e-01,2.5261052045e-01,2.5064090253e-01,2.4850056503e-01,2.5062238173e-01,2.4890029196e-01,2.4713780191e-01,2.4521534334e-01
5731,57.3100,2.5459720934e-01,2.5266528647e-01,2.5069566855e-01,2.4855533105e-01,2.5067714775e-01,2.4895505798e-01,2.4719256793e-01,2.4527010936e-01
5732,57.3200,2.5465197536e-01,2.5272005249e-01,2.5075043458e-01,2.4861009708e-01,2.5073191377e-01,2.4900982400e-01,2.4724733395e-01,2.4532487539e-01
5733,57.3300,2.5470674138e-01,2.5277481851e-01,2.5080520060e-01,2.4866486310e-01,2.5078667979e-01,2.4906459003e-01,2.4730209997e-01,2.4537964141e-01
5734,57.3400,2.5476150740e-01,2.5282958454e-01,2.5085996662e-01,2.4871962912e-01,2.5084144581e-01,2.4911935605e-01,2.4735686599e-01,2.4543440743e-01
5735,57.3500,2.5481627342e-01,2.5288435056e-01,2.5091473264e-01,2.4877439514e-01,2.5089621184e-01,2.4917412207e-01,2.4741163201e-01,2.4548917345e-01
5736,57.3600,2.5487103944e-01,2.5293911658e-01,2.5096949866e-01,2.4882916116e-01,2.5095097786e-01,2.4922888809e-01,2.4746639803e-01,2.4554393947e-01
5737,57.3700,2.5492580546e-01,2.5299388260e-01,2.5102426468e-01,2.4888392718e-01,2.5100574388e-01,2.4928365411e-01,2.4752116405e-01,2.4559870549e-01
5738,57.3800,2.5498057148e-01,2.5304864862e-01,2.5107903070e-01,2.4893869320e-01,2.5106050990e-01,2.4933842013e-01,2.4757593007e-01,2.4565347151e-01
5739,57.3900,2.5503533750e-01,2.5310341464e-01,2.5113379672e-01,2.4899345922e-01,2.5111527592e-01,2.4939318615e-01,2.4763069609e-01,2.4570823753e-01
5740,57.4000,2.5509010353e-01,2.5315818066e-01,2.5118856274e-01,2.4904822524e-01,2.5117004194e-01,2.4944795217e-01,2.4768546211e-01,2.4576300355e-01
5741,57.4100,2.5514486955e-01,2.5321294668e-01,2.5124332876e-01,2.4910299126e-01,2.5122480796e-01,2.4950271819e-01,2.4774022813e-01,2.4581776957e-01
5742,57.4200,2.5519963557e-01,2.5326771271e-01,2.5129809479e-01,2.4915775728e-01,2.5127957398e-01,2.4955748421e-01,2.4779499415e-01,2.4587253559e-01
5743,57.4300,2.5525440159e-01,2.5332247873e-01,2.5135286081e-01,2.4921252331e-01,2.5133434000e-01,2.4961225023e-01,2.4784976018e-01,2.4592730161e-01
5744,57.4400,2.5530916761e-01,2.5337724475e-01,2.5140762683e-01,2.4926728933e-01,2.5138910602e-01,2.4966701625e-01,2.4790452620e-01,2.4598206763e-01
5745,57.4500,2.5536393363e-01,2.5343201077e-01,2.5146239285e-01,2.4932205535e-01,2.5144387204e-01,2.4972178228e-01,2.4795929222e-01,2.4603683365e-01
5746,57.4600,2.5541869965e-01,2.5348677679e-01,2.5151715887e-01,2.4937682137e-01,2.5149863806e-01,2.4977654830e-01,2.4801405824e-01,2.4609159967e-01
5747,57.4700,2.5547346567e-01,2.5354154281e-01,2.5157192489e-01,2.4943158739e-01,2.5155340408e-01,2.4983131432e-01,2.4806882426e-01,2.4614636569e-01
5748,57.4800,2.5552823169e-01,2.5359630883e-01,2.5162669091e-01,2.4948635341e-01,2.5160817011e-01,2.4988608034e-01,2.4812359028e-01,2.4620113171e-01
5749,57.4900,2.5558299771e-01,2.5365107485e-01,2.5168145693e-01,2.4954111943e-01,2.5166293613e-01,2.4994084636e-01,2.4817835630e-01,2.4625589774e-01
5750,57.5000,2.5563776374e-01,2.5370584087e-01,2.5173622295e-01,2.4959588545e-01,2.5171770215e-01,2.4999561238e-01,2.4823312232e-01,2.4631066376e-01
5751,57.5100,2.5569252976e-01,2.5376060690e-01,2.5179098897e-01,2.4965065147e-01,2.5177246817e-01,2.5005037840e-01,2.4828788834e-01,2.4636542978e-01
5752,57.5200,2.5574729578e-01,2.5381537292e-01,2.5184575500e-01,2.4970541749e-01,2.5182723419e-01,2.5010514442e-01,2.4834265436e-01,2.4642019580e-01
5753,57.5300,2.5580206180e-01,2.5387013894e-01,2.5190052102e-01,2.4976018351e-01,2.5188200021e-01,2.5015991044e-01,2.4839742038e-01,2.4647496182e-01
5754,57.5400,2.5585682782e-01,2.5392490496e-01,2.5195528704e-01,2.4981494954e-01,2.5193676623e-01,2.5021467646e-01,2.4845218640e-01,2.4652972784e-01
5755,57.5500,2.5591159384e-01,2.5397967098e-01,2.5201005306e-01,2.4986971556e-01,2.5199153225e-01,2.5026944248e-01,2.4850695242e-01,2.4658449386e-01
5756,57.5600,2.5596635986e-01,2.5403443700e-01,2.5206481908e-01,2.4992448158e-01,2.5204629827e-01,2.5032420850e-01,2.4856171844e-01,2.4663925988e-01
5757,57.5700,2.5602112588e-01,2.5408920302e-01,2.5211958510e-01,2.4997924760e-01,2.5210106429e-01,2.5037897453e-01,2.4861648446e-01,2.4669402590e-01
5758,57.5800,2.5607589190e-01,2.5414396904e-01,2.5217435112e-01,2.5003401362e-01,2.5215583031e-01,2.5043374055e-01,2.4867125048e-01,2.4674879192e-01
5759,57.5900,2.5613065792e-01,2.5419873507e-01,2.5222911714e-01,2.5008877964e-01,2.5221059633e-01,2.5048850657e-01,2.4872601650e-01,2.4680355794e-01
5760,57.6000,2.5618542395e-01,2.5425350109e-01,2.5228388316e-01,2.5014354566e-01,2.5226536235e-01,2.5054327259e-01,2.4878078252e-01,2.4685832396e-01
5761,57.6100,2.5624018997e-01,2.5430826711e-01,2.5233864918e-01,2.5019831168e-01,2.5232012838e-01,2.5059803861e-01,2.4883554855e-01,2.4691308998e-01
5762,57.6200,2.5629495599e-01,2.5436303313e-01,2.5239341521e-01,2.5025307770e-01,2.5237489440e-01,2.5065280463e-01,2.4889031457e-01,2.4696785600e-01
5763,57.6300,2.5634972201e-01,2.5441779915e-01,2.5244818123e-01,2.5030784372e-01,2.5242966042e-01,2.5070757065e-01,2.4894508059e-01,2.4702262202e-01
5764,57.6400,2.5640448803e-01,2.5447256517e-01,2.5250294725e-01,2.5036260975e-01,2.5248442644e-01,2.5076233667e-01,2.4899984661e-01,2.4707738804e-01
5765,57.6500,2.5645925405e-01,2.5452733119e-01,2.5255771327e-01,2.5041737577e-01,2.5253919246e-01,2.5081710269e-01,2.4905461263e-01,2.4713215406e-01
5766,57.6600,2.5651402007e-01,2.5458209721e-01,2.5261247929e-01,2.5047214179e-01,2.5259395848e-01,2.5087186871e-01,2.4910937865e-01,2.4718692009e-01
5767,57.6700,2.5656878609e-01,2.5463686323e-01,2.5266724531e-01,2.5052690781e-01,2.5264872450e-01,2.5092663473e-01,2.4916414467e-01,2.4724168611e-01
5768,57.6800,2.5662355211e-01,2.5469162926e-01,2.5272201133e-01,2.5058167383e-01,2.5270349052e-01,2.5098140075e-01,2.4921891069e-01,2.4729645213e-01
5769,57.6900,2.5667831813e-01,2.5474639528e-01,2.5277677735e-01,2.5063643985e-01,2.5275825654e-01,2.5103616678e-01,2.4927367671e-01,2.4735121815e-01
5770,57.7000,2.5673308415e-01,2.5480116130e-01,2.5283154337e-01,2.5069120587e-01,2.5281302256e-01,2.5109093280e-01,2.4932844273e-01,2.4740598417e-01
5771,57.7100,2.5678785018e-01,2.5485592732e-01,2.5288630939e-01,2.5074597189e-01,2.5286778858e-01,2.5114569882e-01,2.4938320875e-01,2.4746075019e-01
5772,57.7200,2.5684261620e-01,2.5491069334e-01,2.5294107542e-01,2.5080073791e-01,2.5292255460e-01,2.5120046484e-01,2.4943797477e-01,2.4751551621e-01
5773,57.7300,2.5689738222e-01,2.5496545936e-01,2.5299584144e-01,2.5085550393e-01,2.5297732062e-01,2.5125523086e-01,2.4949274079e-01,2.4757028223e-01
5774,57.7400,2.5695214824e-01,2.5502022538e-01,2.5305060746e-01,2.5091026995e-01,2.5303208665e-01,2.5130999688e-01,2.4954750681e-01,2.4762504825e-01
5775,57.7500,2.5700691426e-01,2.5507499140e-01,2.5310537348e-01,2.5096503598e-01,2.5308685267e-01,2.5136476290e-01,2.4960227283e-01,2.4767981427e-01
5776,57.7600,2.5706168028e-01,2.5512975743e-01,2.5316013950e-01,2.5101980200e-01,2.5314161869e-01,2.5141952892e-01,2.4965703885e-01,2.4773458029e-01
5777,57.7700,2.5711644630e-01,2.5518452345e-01,2.5321490552e-01,2.5107456802e-01,2.5319638471e-01,2.5147429494e-01,2.4971180487e-01,2.4778934631e-01
5778,57.7800,2.5717121232e-01,2.5523928947e-01,2.5326967154e-01,2.5112933404e-01,2.5325115073e-01,2.5152906096e-01,2.4976657089e-01,2.4784411233e-01
5779,57.7900,2.5722597834e-01,2.5529405549e-01,2.5332443756e-01,2.5118410006e-01,2.5330591675e-01,2.5158382698e-01,2.4982133691e-01,2.4789887835e-01
5780,57.8000,2.5728074436e-01,2.5534882151e-01,2.5337920358e-01,2.5123886608e-01,2.5336068277e-01,2.5163859300e-01,2.4987610294e-01,2.4795364437e-01
5781,57.8100,2.5733551039e-01,2.5540358753e-01,2.5343396960e-01,2.5129363210e-01,2.5341544879e-01,2.5169335903e-01,2.4993086896e-01,2.4800841039e-01
5782,57.8200,2.5739027641e-01,2.5545835355e-01,2.5348873563e-01,2.5134839812e-01,2.5347021481e-01,2.5174812505e-01,2.4998563498e-01,2.4806317641e-01
5783,57.8300,2.5744504243e-01,2.5551311957e-01,2.5354350165e-01,2.5140316414e-01,2.5352498083e-01,2.5180289107e-01,2.5004040100e-01,2.4811794244e-01
5784,57.8400,2.5749980845e-01,2.5556788559e-01,2.5359826767e-01,2.5145793016e-01,2.5357974685e-01,2.5185765709e-01,2.5009516702e-01,2.4817270846e-01
5785,57.8500,2.5755457447e-01,2.5562265162e-01,2.5365303369e-01,2.5151269619e-01,2.5363451287e-01,2.5191242311e-01,2.5014993304e-01,2.4822747448e-01
5786,57.8600,2.5760934049e-01,2.5567741764e-01,2.5370779971e-01,2.5156746221e-01,2.5368927889e-01,2.5196718913e-01,2.5020469906e-01,2.4828224050e-01
5787,57.8700,2.5766410651e-01,2.5573218366e-01,2.5376256573e-01,2.5162222823e-01,2.5374404492e-01,2.5202195515e-01,2.5025946508e-01,2.4833700652e-01
5788,57.8800,2.5771887253e-01,2.5578694968e-01,2.5381733175e-01,2.5167699425e-01,2.5379881094e-01,2.5207672117e-01,2.5031423110e-01,2.4839177254e-01
5789,57.8900,2.5777363855e-01,2.5584171570e-01,2.5387209777e-01,2.5173176027e-01,2.5385357696e-01,2.5213148719e-01,2.5036899712e-01,2.4844653856e-01
5790,57.9000,2.5782840457e-01,2.5589648172e-01,2.5392686379e-01,2.5178652629e-01,2.5390834298e-01,2.5218625321e-01,2.5042376314e-01,2.4850130458e-01
5791,57.9100,2.5788317059e-01,2.5595124774e-01,2.5398162981e-01,2.5184129231e-01,2.5396310900e-01,2.5224101923e-01,2.5047852916e-01,2.4855607060e-01
5792,57.9200,2.5793793662e-01,2.5600601376e-01,2.5403639584e-01,2.5189605833e-01,2.5401787502e-01,2.5229578525e-01,2.5053329518e-01,2.4861083662e-01
5793,57.9300,2.5799270264e-01,2.5606077979e-01,2.5409116186e-01,2.5195082435e-01,2.5407264104e-01,2.5235055128e-01,2.5058806120e-01,2.4866560264e-01
5794,57.9400,2.5804746866e-01,2.5611554581e-01,2.5414592788e-01,2.5200559037e-01,2.5412740706e-01,2.5240531730e-01,2.5064282722e-01,2.4872036866e-01
5795,57.9500,2.5810223468e-01,2.5617031183e-01,2.5420069390e-01,2.5206035639e-01,2.5418217308e-01,2.5246008332e-01,2.5069759324e-01,2.4877513468e-01
5796,57.9600,2.5815700070e-01,2.5622507785e-01,2.5425545992e-01,2.5211512242e-01,2.5423693910e-01,2.5251484934e-01,2.5075235926e-01,2.4882990070e-01
5797,57.9700,2.5821176672e-01,2.5627984387e-01,2.5431022594e-01,2.5216988844e-01,2.5429170512e-01,2.5256961536e-01,2.5080712528e-01,2.4888466672e-01
5798,57.9800,2.5826653274e-01,2.5633460989e-01,2.5436499196e-01,2.5222465446e-01,2.5434647114e-01,2.5262438138e-01,2.5086189131e-01,2.4893943274e-01
5799,57.9900,2.5832129876e-01,2.5638937591e-01,2.5441975798e-01,2.5227942048e-01,2.5440123716e-01,2.5267914740e-01,2.5091665733e-01,2.4899419876e-01
5800,58.0000,2.5837606478e-01,2.5644414193e-01,2.5447452400e-01,2.5233418650e-01,2.5445600319e-01,2.5273391342e-01,2.5097142335e-01,2.4904896479e-01
5801,58.0100,2.5843083080e-01,2.5649890795e-01,2.5452929002e-01,2.5238895252e-01,2.5451076921e-01,2.5278867944e-01,2.5102618937e-01,2.4910373081e-01
5802,58.0200,2.5848559683e-01,2.5655367398e-01,2.5458405605e-01,2.5244371854e-01,2.5456553523e-01,2.5284344546e-01,2.5108095539e-01,2.4915849683e-01
5803,58.0300,2.5854036285e-01,2.5660844000e-01,2.5463882207e-01,2.5249848456e-01,2.5462030125e-01,2.5289821148e-01,2.5113572141e-01,2.4921326285e-01
5804,58.0400,2.5859512887e-01,2.5666320602e-01,2.5469358809e-01,2.5255325058e-01,2.5467506727e-01,2.5295297750e-01,2.5119048743e-01,2.4926802887e-01
5805,58.0500,2.5864989489e-01,2.5671797204e-01,2.5474835411e-01,2.5260801660e-01,2.5472983329e-01,2.5300774353e-01,2.5124525345e-01,2.4932279489e-01
5806,58.0600,2.5870466091e-01,2.5677273806e-01,2.5480312013e-01,2.5266278263e-01,2.5478459931e-01,2.5306250955e-01,2.5130001947e-01,2.4937756091e-01
5807,58.0700,2.5875942693e-01,2.5682750408e-01,2.5485788615e-01,2.5271754865e-01,2.5483936533e-01,2.5311727557e-01,2.5135478549e-01,2.4943232693e-01
5808,58.0800,2.5881419295e-01,2.5688227010e-01,2.5491265217e-01,2.5277231467e-01,2.5489413135e-01,2.5317204159e-01,2.5140955151e-01,2.4948709295e-01
5809,58.0900,2.5886895897e-01,2.5693703612e-01,2.5496741819e-01,2.5282708069e-01,2.5494889737e-01,2.5322680761e-01,2.5146431753e-01,2.4954185897e-01
5810,58.1000,2.5892372499e-01,2.5699180215e-01,2.5502218421e-01,2.5288184671e-01,2.5500366339e-01,2.5328157363e-01,2.5151908355e-01,2.4959662499e-01
5811,58.1100,2.5897849101e-01,2.5704656817e-01,2.5507695023e-01,2.5293661273e-01,2.5505842941e-01,2.5333633965e-01,2.5157384957e-01,2.4965139101e-01
5812,58.1200,2.5903325703e-01,2.5710133419e-01,2.5513171626e-01,2.5299137875e-01,2.5511319543e-01,2.5339110567e-01,2.5162861559e-01,2.4970615703e-01
5813,58.1300,2.5908802306e-01,2.5715610021e-01,2.5518648228e-01,2.5304614477e-01,2.5516796146e-01,2.5344587169e-01,2.5168338161e-01,2.4976092305e-01
5814,58.1400,2.5914278908e-01,2.5721086623e-01,2.5524124830e-01,2.5310091079e-01,2.5522272748e-01,2.5350063771e-01,2.5173814763e-01,2.4981568907e-01
5815,58.1500,2.5919755510e-01,2.5726563225e-01,2.5529601432e-01,2.5315567681e-01,2.5527749350e-01,2.5355540373e-01,2.5179291365e-01,2.4987045509e-01
5816,58.1600,2.5925232112e-01,2.5732039827e-01,2.5535078034e-01,2.5321044283e-01,2.5533225952e-01,2.5361016975e-01,2.5184767968e-01,2.4992522111e-01
5817,58.1700,2.5930708714e-01,2.5737516429e-01,2.5540554636e-01,2.5326520886e-01,2.5538702554e-01,2.5366493578e-01,2.5190244570e-01,2.4997998714e-01
5818,58.1800,2.5936185316e-01,2.5742993031e-01,2.5546031238e-01,2.5331997488e-01,2.5544179156e-01,2.5371970180e-01,2.5195721172e-01,2.5003475316e-01
5819,58.1900,2.5941661918e-01,2.5748469634e-01,2.5551507840e-01,2.5337474090e-01,2.5549655758e-01,2.5377446782e-01,2.5201197774e-01,2.5008951918e-01
5820,58.2000,2.5947138520e-01,2.5753946236e-01,2.5556984442e-01,2.5342950692e-01,2.5555132360e-01,2.5382923384e-01,2.5206674376e-01,2.5014428520e-01
5821,58.2100,2.5952615122e-01,2.5759422838e-01,2.5562461044e-01,2.5348427294e-01,2.5560608962e-01,2.5388399986e-01,2.5212150978e-01,2.5019905122e-01
5822,58.2200,2.5958091724e-01,2.5764899440e-01,2.5567937647e-01,2.5353903896e-01,2.5566085564e-01,2.5393876588e-01,2.5217627580e-01,2.5025381724e-01
5823,58.2300,2.5963568327e-01,2.5770376042e-01,2.5573414249e-01,2.5359380498e-01,2.5571562166e-01,2.5399353190e-01,2.5223104182e-01,2.5030858326e-01
5824,58.2400,2.5969044929e-01,2.5775852644e-01,2.5578890851e-01,2.5364857100e-01,2.5577038768e-01,2.5404829792e-01,2.5228580784e-01,2.5036334928e-01
5825,58.2500,2.5974521531e-01,2.5781329246e-01,2.5584367453e-01,2.5370333702e-01,2.5582515370e-01,2.5410306394e-01,2.5234057386e-01,2.5041811530e-01
5826,58.2600,2.5979998133e-01,2.5786805848e-01,2.5589844055e-01,2.5375810304e-01,2.5587991973e-01,2.5415782996e-01,2.5239533988e-01,2.5047288132e-01
5827,58.2700,2.5985474735e-01,2.5792282451e-01,2.5595320657e-01,2.5381286906e-01,2.5593468575e-01,2.5421259598e-01,2.5245010590e-01,2.5052764734e-01
5828,58.2800,2.5990951337e-01,2.5797759053e-01,2.5600797259e-01,2.5386763509e-01,2.5598945177e-01,2.5426736200e-01,2.5250487192e-01,2.5058241336e-01
5829,58.2900,2.5996427939e-01,2.5803235655e-01,2.5606273861e-01,2.5392240111e-01,2.5604421779e-01,2.5432212803e-01,2.5255963794e-01,2.5063717938e-01
5830,58.3000,2.6001904541e-01,2.5808712257e-01,2.5611750463e-01,2.5397716713e-01,2.5609898381e-01,2.5437689405e-01,2.5261440396e-01,2.5069194540e-01
5831,58.3100,2.6007381143e-01,2.5814188859e-01,2.5617227065e-01,2.5403193315e-01,2.5615374983e-01,2.5443166007e-01,2.5266916998e-01,2.5074671142e-01
5832,58.3200,2.6012857745e-01,2.5819665461e-01,2.5622703668e-01,2.5408669917e-01,2.5620851585e-01,2.5448642609e-01,2.5272393600e-01,2.5080147744e-01
5833,58.3300,2.6018334347e-01,2.5825142063e-01,2.5628180270e-01,2.5414146519e-01,2.5626328187e-01,2.5454119211e-01,2.5277870202e-01,2.5085624346e-01
5834,58.3400,2.6023810950e-01,2.5830618665e-01,2.5633656872e-01,2.5419623121e-01,2.5631804789e-01,2.5459595813e-01,2.5283346804e-01,2.5091100949e-01
5835,58.3500,2.6029287552e-01,2.5836095268e-01,2.5639133474e-01,2.5425099723e-01,2.5637281391e-01,2.5465072415e-01,2.5288823407e-01,2.5096577551e-01
5836,58.3600,2.6034764154e-01,2.5841571870e-01,2.5644610076e-01,2.5430576325e-01,2.5642757993e-01,2.5470549017e-01,2.5294300009e-01,2.5102054153e-01
5837,58.3700,2.6040240756e-01,2.5847048472e-01,2.5650086678e-01,2.5436052927e-01,2.5648234595e-01,2.5476025619e-01,2.5299776611e-01,2.5107530755e-01
5838,58.3800,2.6045717358e-01,2.5852525074e-01,2.5655563280e-01,2.5441529530e-01,2.5653711197e-01,2.5481502221e-01,2.5305253213e-01,2.5113007357e-01
5839,58.3900,2.6051193960e-01,2.5858001676e-01,2.5661039882e-01,2.5447006132e-01,2.5659187800e-01,2.5486978823e-01,2.5310729815e-01,2.5118483959e-01
5840,58.4000,2.6056670562e-01,2.5863478278e-01,2.5666516484e-01,2.5452482734e-01,2.5664664402e-01,2.5492455425e-01,2.5316206417e-01,2.5123960561e-01
5841,58.4100,2.6062147164e-01,2.5868954880e-01,2.5671993086e-01,2.5457959336e-01,2.5670141004e-01,2.5497932028e-01,2.5321683019e-01,2.5129437163e-01
5842,58.4200,2.6067623766e-01,2.5874431482e-01,2.5677469689e-01,2.5463435938e-01,2.5675617606e-01,2.5503408630e-01,2.5327159621e-01,2.5134913765e-01
5843,58.4300,2.6073100368e-01,2.5879908084e-01,2.5682946291e-01,2.5468912540e-01,2.5681094208e-01,2.5508885232e-01,2.5332636223e-01,2.5140390367e-01
5844,58.4400,2.6078576971e-01,2.5885384687e-01,2.5688422893e-01,2.5474389142e-01,2.5686570810e-01,2.5514361834e-01,2.5338112825e-01,2.5145866969e-01
5845,58.4500,2.6084053573e-01,2.5890861289e-01,2.5693899495e-01,2.5479865744e-01,2.5692047412e-01,2.5519838436e-01,2.5343589427e-01,2.5151343571e-01
5846,58.4600,2.6089530175e-01,2.5896337891e-01,2.5699376097e-01,2.5485342346e-01,2.5697524014e-01,2.5525315038e-01,2.5349066029e-01,2.5156820173e-01
5847,58.4700,2.6095006777e-01,2.5901814493e-01,2.5704852699e-01,2.5490818948e-01,2.5703000616e-01,2.5530791640e-01,2.5354542631e-01,2.5162296775e-01
5848,58.4800,2.6100483379e-01,2.5907291095e-01,2.5710329301e-01,2.5496295550e-01,2.5708477218e-01,2.5536268242e-01,2.5360019233e-01,2.5167773377e-01
5849,58.4900,2.6105959981e-01,2.5912767697e-01,2.5715805903e-01,2.5501772153e-01,2.5713953820e-01,2.5541744844e-01,2.5365495835e-01,2.5173249979e-01
5850,58.5000,2.6111436583e-01,2.5918244299e-01,2.5721282505e-01,2.5507248755e-01,2.5719430422e-01,2.5547221446e-01,2.5370972437e-01,2.5178726581e-01
5851,58.5100,2.6116913185e-01,2.5923720901e-01,2.5726759107e-01,2.5512725357e-01,2.5724907024e-01,2.5552698048e-01,2.5376449039e-01,2.5184203184e-01
5852,58.5200,2.6122389787e-01,2.5929197504e-01,2.5732235710e-01,2.5518201959e-01,2.5730383627e-01,2.5558174650e-01,2.5381925641e-01,2.5189679786e-01
5853,58.5300,2.6127866389e-01,2.5934674106e-01,2.5737712312e-01,2.5523678561e-01,2.5735860229e-01,2.5563651253e-01,2.5387402244e-01,2.5195156388e-01
5854,58.5400,2.6133342991e-01,2.5940150708e-01,2.5743188914e-01,2.5529155163e-01,2.5741336831e-01,2.5569127855e-01,2.5392878846e-01,2.5200632990e-01
5855,58.5500,2.6138819594e-01,2.5945627310e-01,2.5748665516e-01,2.5534631765e-01,2.5746813433e-01,2.5574604457e-01,2.5398355448e-01,2.5206109592e-01
5856,58.5600,2.6144296196e-01,2.5951103912e-01,2.5754142118e-01,2.5540108367e-01,2.5752290035e-01,2.5580081059e-01,2.5403832050e-01,2.5211586194e-01
5857,58.5700,2.6149772798e-01,2.5956580514e-01,2.5759618720e-01,2.5545584969e-01,2.5757766637e-01,2.5585557661e-01,2.5409308652e-01,2.5217062796e-01
5858,58.5800,2.6155249400e-01,2.5962057116e-01,2.5765095322e-01,2.5551061571e-01,2.5763243239e-01,2.5591034263e-01,2.5414785254e-01,2.5222539398e-01
5859,58.5900,2.6160726002e-01,2.5967533718e-01,2.5770571924e-01,2.5556538173e-01,2.5768719841e-01,2.5596510865e-01,2.5420261856e-01,2.5228016000e-01
5860,58.6000,2.6166202604e-01,2.5973010320e-01,2.5776048526e-01,2.5562014776e-01,2.5774196443e-01,2.5601987467e-01,2.5425738458e-01,2.5233492602e-01
5861,58.6100,2.6171679206e-01,2.5978486923e-01,2.5781525128e-01,2.5567491378e-01,2.5779673045e-01,2.5607464069e-01,2.5431215060e-01,2.5238969204e-01
5862,58.6200,2.6177155808e-01,2.5983963525e-01,2.5787001731e-01,2.5572967980e-01,2.5785149647e-01,2.5612940671e-01,2.5436691662e-01,2.5244445806e-01
5863,58.6300,2.6182632410e-01,2.5989440127e-01,2.5792478333e-01,2.5578444582e-01,2.5790626249e-01,2.5618417273e-01,2.5442168264e-01,2.5249922408e-01
5864,58.6400,2.6188109012e-01,2.5994916729e-01,2.5797954935e-01,2.5583921184e-01,2.5796102851e-01,2.5623893875e-01,2.5447644866e-01,2.5255399010e-01
5865,58.6500,2.6193585615e-01,2.6000393331e-01,2.5803431537e-01,2.5589397786e-01,2.5801579454e-01,2.5629370478e-01,2.5453121468e-01,2.5260875612e-01
5866,58.6600,2.6199062217e-01,2.6005869933e-01,2.5808908139e-01,2.5594874388e-01,2.5807056056e-01,2.5634847080e-01,2.5458598070e-01,2.5266352214e-01
5867,58.6700,2.6204538819e-01,2.6011346535e-01,2.5814384741e-01,2.5600350990e-01,2.5812532658e-01,2.5640323682e-01,2.5464074672e-01,2.5271828817e-01
5868,58.6800,2.6210015421e-01,2.6016823137e-01,2.5819861343e-01,2.5605827592e-01,2.5818009260e-01,2.5645800284e-01,2.5469551274e-01,2.5277305419e-01
5869,58.6900,2.6215492023e-01,2.6022299740e-01,2.5825337945e-01,2.5611304194e-01,2.5823485862e-01,2.5651276886e-01,2.5475027876e-01,2.5282782021e-01
5870,58.7000,2.6220968625e-01,2.6027776342e-01,2.5830814547e-01,2.5616780797e-01,2.5828962464e-01,2.5656753488e-01,2.5480504478e-01,2.5288258623e-01
5871,58.7100,2.6226445227e-01,2.6033252944e-01,2.5836291149e-01,2.5622257399e-01,2.5834439066e-01,2.5662230090e-01,2.5485981081e-01,2.5293735225e-01
5872,58.7200,2.6231921829e-01,2.6038729546e-01,2.5841767752e-01,2.5627734001e-01,2.5839915668e-01,2.5667706692e-01,2.5491457683e-01,2.5299211827e-01
5873,58.7300,2.6237398431e-01,2.6044206148e-01,2.5847244354e-01,2.5633210603e-01,2.5845392270e-01,2.5673183294e-01,2.5496934285e-01,2.5304688429e-01
5874,58.7400,2.6242875033e-01,2.6049682750e-01,2.5852720956e-01,2.5638687205e-01,2.5850868872e-01,2.5678659896e-01,2.5502410887e-01,2.5310165031e-01
5875,58.7500,2.6248351635e-01,2.6055159352e-01,2.5858197558e-01,2.5644163807e-01,2.5856345474e-01,2.5684136498e-01,2.5507887489e-01,2.5315641633e-01
5876,58.7600,2.6253828238e-01,2.6060635954e-01,2.5863674160e-01,2.5649640409e-01,2.5861822076e-01,2.5689613100e-01,2.5513364091e-01,2.5321118235e-01
5877,58.7700,2.6259304840e-01,2.6066112556e-01,2.5869150762e-01,2.5655117011e-01,2.5867298678e-01,2.5695089703e-01,2.5518840693e-01,2.5326594837e-01
5878,58.7800,2.6264781442e-01,2.6071589159e-01,2.5874627364e-01,2.5660593613e-01,2.5872775281e-01,2.5700566305e-01,2.5524317295e-01,2.5332071439e-01
5879,58.7900,2.6270258044e-01,2.6077065761e-01,2.5880103966e-01,2.5666070215e-01,2.5878251883e-01,2.5706042907e-01,2.5529793897e-01,2.5337548041e-01
5880,58.8000,2.6275734646e-01,2.6082542363e-01,2.5885580568e-01,2.5671546817e-01,2.5883728485e-01,2.5711519509e-01,2.5535270499e-01,2.5343024643e-01
5881,58.8100,2.6281211248e-01,2.6088018965e-01,2.5891057170e-01,2.5677023420e-01,2.5889205087e-01,2.5716996111e-01,2.5540747101e-01,2.5348501245e-01
5882,58.8200,2.6286687850e-01,2.6093495567e-01,2.5896533773e-01,2.5682500022e-01,2.5894681689e-01,2.5722472713e-01,2.5546223703e-01,2.5353977847e-01
5883,58.8300,2.6292164452e-01,2.6098972169e-01,2.5902010375e-01,2.5687976624e-01,2.5900158291e-01,2.5727949315e-01,2.5551700305e-01,2.5359454449e-01
5884,58.8400,2.6297641054e-01,2.6104448771e-01,2.5907486977e-01,2.5693453226e-01,2.5905634893e-01,2.5733425917e-01,2.5557176907e-01,2.5364931052e-01
5885,58.8500,2.6303117656e-01,2.6109925373e-01,2.5912963579e-01,2.5698929828e-01,2.5911111495e-01,2.5738902519e-01,2.5562653509e-01,2.5370407654e-01
5886,58.8600,2.6308594259e-01,2.6115401976e-01,2.5918440181e-01,2.5704406430e-01,2.5916588097e-01,2.5744379121e-01,2.5568130111e-01,2.5375884256e-01
5887,58.8700,2.6314070861e-01,2.6120878578e-01,2.5923916783e-01,2.5709883032e-01,2.5922064699e-01,2.5749855723e-01,2.5573606713e-01,2.5381360858e-01
5888,58.8800,2.6319547463e-01,2.6126355180e-01,2.5929393385e-01,2.5715359634e-01,2.5927541301e-01,2.5755332325e-01,2.5579083315e-01,2.5386837460e-01
5889,58.8900,2.6325024065e-01,2.6131831782e-01,2.5934869987e-01,2.5720836236e-01,2.5933017903e-01,2.5760808928e-01,2.5584559917e-01,2.5392314062e-01
5890,58.9000,2.6330500667e-01,2.6137308384e-01,2.5940346589e-01,2.5726312838e-01,2.5938494505e-01,2.5766285530e-01,2.5590036520e-01,2.5397790664e-01
5891,58.9100,2.6335977269e-01,2.6142784986e-01,2.5945823191e-01,2.5731789441e-01,2.5943971108e-01,2.5771762132e-01,2.5595513122e-01,2.5403267266e-01
5892,58.9200,2.6341453871e-01,2.6148261588e-01,2.5951299794e-01,2.5737266043e-01,2.5949447710e-01,2.5777238734e-01,2.5600989724e-01,2.5408743868e-01
5893,58.9300,2.6346930473e-01,2.6153738190e-01,2.5956776396e-01,2.5742742645e-01,2.5954924312e-01,2.5782715336e-01,2.5606466326e-01,2.5414220470e-01
5894,58.9400,2.6352407075e-01,2.6159214792e-01,2.5962252998e-01,2.5748219247e-01,2.5960400914e-01,2.5788191938e-01,2.5611942928e-01,2.5419697072e-01
5895,58.9500,2.6357883677e-01,2.6164691395e-01,2.5967729600e-01,2.5753695849e-01,2.5965877516e-01,2.5793668540e-01,2.5617419530e-01,2.5425173674e-01
5896,58.9600,2.6363360279e-01,2.6170167997e-01,2.5973206202e-01,2.5759172451e-01,2.5971354118e-01,2.5799145142e-01,2.5622896132e-01,2.5430650276e-01
5897,58.9700,2.6368836882e-01,2.6175644599e-01,2.5978682804e-01,2.5764649053e-01,2.5976830720e-01,2.5804621744e-01,2.5628372734e-01,2.5436126878e-01
5898,58.9800,2.6374313484e-01,2.6181121201e-01,2.5984159406e-01,2.5770125655e-01,2.5982307322e-01,2.5810098346e-01,2.5633849336e-01,2.5441603480e-01
5899,58.9900,2.6379790086e-01,2.6186597803e-01,2.5989636008e-01,2.5775602257e-01,2.5987783924e-01,2.5815574948e-01,2.5639325938e-01,2.5447080082e-01
5900,59.0000,2.6385266688e-01,2.6192074405e-01,2.5995112610e-01,2.5781078859e-01,2.5993260526e-01,2.5821051550e-01,2.5644802540e-01,2.5452556684e-01
5901,59.0100,2.6390743290e-01,2.6197551007e-01,2.6000589212e-01,2.5786555461e-01,2.5998737128e-01,2.5826528153e-01,2.5650279142e-01,2.5458033287e-01
5902,59.0200,2.6396219892e-01,2.6203027609e-01,2.6006065815e-01,2.5792032064e-01,2.6004213730e-01,2.5832004755e-01,2.5655755744e-01,2.5463509889e-01
5903,59.0300,2.6401696494e-01,2.6208504212e-01,2.6011542417e-01,2.5797508666e-01,2.6009690332e-01,2.5837481357e-01,2.5661232346e-01,2.5468986491e-01
5904,59.0400,2.6407173096e-01,2.6213980814e-01,2.6017019019e-01,2.5802985268e-01,2.6015166935e-01,2.5842957959e-01,2.5666708948e-01,2.5474463093e-01
5905,59.0500,2.6412649698e-01,2.6219457416e-01,2.6022495621e-01,2.5808461870e-01,2.6020643537e-01,2.5848434561e-01,2.5672185550e-01,2.5479939695e-01
5906,59.0600,2.6418126300e-01,2.6224934018e-01,2.6027972223e-01,2.5813938472e-01,2.6026120139e-01,2.5853911163e-01,2.5677662152e-01,2.5485416297e-01
5907,59.0700,2.6423602903e-01,2.6230410620e-01,2.6033448825e-01,2.5819415074e-01,2.6031596741e-01,2.5859387765e-01,2.5683138754e-01,2.5490892899e-01
5908,59.0800,2.6429079505e-01,2.6235887222e-01,2.6038925427e-01,2.5824891676e-01,2.6037073343e-01,2.5864864367e-01,2.5688615357e-01,2.5496369501e-01
5909,59.0900,2.6434556107e-01,2.6241363824e-01,2.6044402029e-01,2.5830368278e-01,2.6042549945e-01,2.5870340969e-01,2.5694091959e-01,2.5501846103e-01
5910,59.1000,2.6440032709e-01,2.6246840426e-01,2.6049878631e-01,2.5835844880e-01,2.6048026547e-01,2.5875817571e-01,2.5699568561e-01,2.5507322705e-01
5911,59.1100,2.6445509311e-01,2.6252317028e-01,2.6055355233e-01,2.5841321482e-01,2.6053503149e-01,2.5881294173e-01,2.5705045163e-01,2.5512799307e-01
5912,59.1200,2.6450985913e-01,2.6257793631e-01,2.6060831836e-01,2.5846798084e-01,2.6058979751e-01,2.5886770775e-01,2.5710521765e-01,2.5518275909e-01
5913,59.1300,2.6456462515e-01,2.6263270233e-01,2.6066308438e-01,2.5852274687e-01,2.6064456353e-01,2.5892247377e-01,2.5715998367e-01,2.5523752511e-01
5914,59.1400,2.6461939117e-01,2.6268746835e-01,2.6071785040e-01,2.5857751289e-01,2.6069932955e-01,2.5897723980e-01,2.5721474969e-01,2.5529229113e-01
5915,59.1500,2.6467415719e-01,2.6274223437e-01,2.6077261642e-01,2.5863227891e-01,2.6075409557e-01,2.5903200582e-01,2.5726951571e-01,2.5534705715e-01
5916,59.1600,2.6472892321e-01,2.6279700039e-01,2.6082738244e-01,2.5868704493e-01,2.6080886159e-01,2.5908677184e-01,2.5732428173e-01,2.5540182317e-01
5917,59.1700,2.6478368924e-01,2.6285176641e-01,2.6088214846e-01,2.5874181095e-01,2.6086362762e-01,2.5914153786e-01,2.5737904775e-01,2.5545658919e-01
5918,59.1800,2.6483845526e-01,2.6290653243e-01,2.6093691448e-01,2.5879657697e-01,2.6091839364e-01,2.5919630388e-01,2.5743381377e-01,2.5551135522e-01
5919,59.1900,2.6489322128e-01,2.6296129845e-01,2.6099168050e-01,2.5885134299e-01,2.6097315966e-01,2.5925106990e-01,2.5748857979e-01,2.5556612124e-01
5920,59.2000,2.6494798730e-01,2.6301606448e-01,2.6104644652e-01,2.5890610901e-01,2.6102792568e-01,2.5930583592e-01,2.5754334581e-01,2.5562088726e-01
5921,59.2100,2.6500275332e-01,2.6307083050e-01,2.6110121254e-01,2.5896087503e-01,2.6108269170e-01,2.5936060194e-01,2.5759811183e-01,2.5567565328e-01
5922,59.2200,2.6505751934e-01,2.6312559652e-01,2.6115597857e-01,2.5901564105e-01,2.6113745772e-01,2.5941536796e-01,2.5765287785e-01,2.5573041930e-01
5923,59.2300,2.6511228536e-01,2.6318036254e-01,2.6121074459e-01,2.5907040708e-01,2.6119222374e-01,2.5947013398e-01,2.5770764387e-01,2.5578518532e-01
5924,59.2400,2.6516705138e-01,2.6323512856e-01,2.6126551061e-01,2.5912517310e-01,2.6124698976e-01,2.5952490000e-01,2.5776240989e-01,2.5583995134e-01
5925,59.2500,2.6522181740e-01,2.6328989458e-01,2.6132027663e-01,2.5917993912e-01,2.6130175578e-01,2.5957966602e-01,2.5781717591e-01,2.5589471736e-01
5926,59.2600,2.6527658342e-01,2.6334466060e-01,2.6137504265e-01,2.5923470514e-01,2.6135652180e-01,2.5963443205e-01,2.5787194194e-01,2.5594948338e-01
5927,59.2700,2.6533134944e-01,2.6339942662e-01,2.6142980867e-01,2.5928947116e-01,2.6141128782e-01,2.5968919807e-01,2.5792670796e-01,2.5600424940e-01
5928,59.2800,2.6538611547e-01,2.6345419264e-01,2.6148457469e-01,2.5934423718e-01,2.6146605384e-01,2.5974396409e-01,2.5798147398e-01,2.5605901542e-01
5929,59.2900,2.6544088149e-01,2.6350895867e-01,2.6153934071e-01,2.5939900320e-01,2.6152081986e-01,2.5979873011e-01,2.5803624000e-01,2.5611378144e-01
5930,59.3000,2.6549564751e-01,2.6356372469e-01,2.6159410673e-01,2.5945376922e-01,2.6157558589e-01,2.5985349613e-01,2.5809100602e-01,2.5616854746e-01
5931,59.3100,2.6555041353e-01,2.6361849071e-01,2.6164887275e-01,2.5950853524e-01,2.6163035191e-01,2.5990826215e-01,2.5814577204e-01,2.5622331348e-01
5932,59.3200,2.6560517955e-01,2.6367325673e-01,2.6170363878e-01,2.5956330126e-01,2.6168511793e-01,2.5996302817e-01,2.5820053806e-01,2.5627807950e-01
5933,59.3300,2.6565994557e-01,2.6372802275e-01,2.6175840480e-01,2.5961806728e-01,2.6173988395e-01,2.6001779419e-01,2.5825530408e-01,2.5633284552e-01
5934,59.3400,2.6571471159e-01,2.6378278877e-01,2.6181317082e-01,2.5967283331e-01,2.6179464997e-01,2.6007256021e-01,2.5831007010e-01,2.5638761154e-01
5935,59.3500,2.6576947761e-01,2.6383755479e-01,2.6186793684e-01,2.5972759933e-01,2.6184941599e-01,2.6012732623e-01,2.5836483612e-01,2.5644237757e-01
5936,59.3600,2.6582424363e-01,2.6389232081e-01,2.6192270286e-01,2.5978236535e-01,2.6190418201e-01,2.6018209225e-01,2.5841960214e-01,2.5649714359e-01
5937,59.3700,2.6587900965e-01,2.6394708684e-01,2.6197746888e-01,2.5983713137e-01,2.6195894803e-01,2.6023685827e-01,2.5847436816e-01,2.5655190961e-01
5938,59.3800,2.6593377568e-01,2.6400185286e-01,2.6203223490e-01,2.5989189739e-01,2.6201371405e-01,2.6029162430e-01,2.5852913418e-01,2.5660667563e-01
5939,59.3900,2.6598854170e-01,2.6405661888e-01,2.6208700092e-01,2.5994666341e-01,2.6206848007e-01,2.6034639032e-01,2.5858390020e-01,2.5666144165e-01
5940,59.4000,2.6604330772e-01,2.6411138490e-01,2.6214176694e-01,2.6000142943e-01,2.6212324609e-01,2.6040115634e-01,2.5863866622e-01,2.5671620767e-01
5941,59.4100,2.6609807374e-01,2.6416615092e-01,2.6219653296e-01,2.6005619545e-01,2.6217801211e-01,2.6045592236e-01,2.5869343224e-01,2.5677097369e-01
5942,59.4200,2.6615283976e-01,2.6422091694e-01,2.6225129899e-01,2.6011096147e-01,2.6223277813e-01,2.6051068838e-01,2.5874819826e-01,2.5682573971e-01
5943,59.4300,2.6620760578e-01,2.6427568296e-01,2.6230606501e-01,2.6016572749e-01,2.6228754416e-01,2.6056545440e-01,2.5880296428e-01,2.5688050573e-01
5944,59.4400,2.6626237180e-01,2.6433044898e-01,2.6236083103e-01,2.6022049352e-01,2.6234231018e-01,2.6062022042e-01,2.5885773030e-01,2.5693527175e-01
5945,59.4500,2.6631713782e-01,2.6438521500e-01,2.6241559705e-01,2.6027525954e-01,2.6239707620e-01,2.6067498644e-01,2.5891249633e-01,2.5699003777e-01
5946,59.4600,2.6637190384e-01,2.6443998103e-01,2.6247036307e-01,2.6033002556e-01,2.6245184222e-01,2.6072975246e-01,2.5896726235e-01,2.5704480379e-01
5947,59.4700,2.6642666986e-01,2.6449474705e-01,2.6252512909e-01,2.6038479158e-01,2.6250660824e-01,2.6078451848e-01,2.5902202837e-01,2.5709956981e-01
5948,59.4800,2.6648143588e-01,2.6454951307e-01,2.6257989511e-01,2.6043955760e-01,2.6256137426e-01,2.6083928450e-01,2.5907679439e-01,2.5715433583e-01
5949,59.4900,2.6653620191e-01,2.6460427909e-01,2.6263466113e-01,2.6049432362e-01,2.6261614028e-01,2.6089405052e-01,2.5913156041e-01,2.5720910185e-01
5950,59.5000,2.6659096793e-01,2.6465904511e-01,2.6268942715e-01,2.6054908964e-01,2.6267090630e-01,2.6094881655e-01,2.5918632643e-01,2.5726386787e-01
5951,59.5100,2.6664573395e-01,2.6471381113e-01,2.6274419317e-01,2.6060385566e-01,2.6272567232e-01,2.6100358257e-01,2.5924109245e-01,2.5731863389e-01
5952,59.5200,2.6670049997e-01,2.6476857715e-01,2.6279895919e-01,2.6065862168e-01,2.6278043834e-01,2.6105834859e-01,2.5929585847e-01,2.5737339992e-01
5953,59.5300,2.6675526599e-01,2.6482334317e-01,2.6285372522e-01,2.6071338770e-01,2.6283520436e-01,2.6111311461e-01,2.5935062449e-01,2.5742816594e-01
5954,59.5400,2.6681003201e-01,2.6487810920e-01,2.6290849124e-01,2.6076815372e-01,2.6288997038e-01,2.6116788063e-01,2.5940539051e-01,2.5748293196e-01
5955,59.5500,2.6686479803e-01,2.6493287522e-01,2.6296325726e-01,2.6082291975e-01,2.6294473640e-01,2.6122264665e-01,2.5946015653e-01,2.5753769798e-01
5956,59.5600,2.6691956405e-01,2.6498764124e-01,2.6301802328e-01,2.6087768577e-01,2.6299950243e-01,2.6127741267e-01,2.5951492255e-01,2.5759246400e-01
5957,59.5700,2.6697433007e-01,2.6504240726e-01,2.6307278930e-01,2.6093245179e-01,2.6305426845e-01,2.6133217869e-01,2.5956968857e-01,2.5764723002e-01
5958,59.5800,2.6702909609e-01,2.6509717328e-01,2.6312755532e-01,2.6098721781e-01,2.6310903447e-01,2.6138694471e-01,2.5962445459e-01,2.5770199604e-01
5959,59.5900,2.6708386212e-01,2.6515193930e-01,2.6318232134e-01,2.6104198383e-01,2.6316380049e-01,2.6144171073e-01,2.5967922061e-01,2.5775676206e-01
5960,59.6000,2.6713862814e-01,2.6520670532e-01,2.6323708736e-01,2.6109674985e-01,2.6321856651e-01,2.6149647675e-01,2.5973398663e-01,2.5781152808e-01
5961,59.6100,2.6719339416e-01,2.6526147134e-01,2.6329185338e-01,2.6115151587e-01,2.6327333253e-01,2.6155124277e-01,2.5978875265e-01,2.5786629410e-01
5962,59.6200,2.6724816018e-01,2.6531623736e-01,2.6334661940e-01,2.6120628189e-01,2.6332809855e-01,2.6160600880e-01,2.5984351867e-01,2.5792106012e-01
5963,59.6300,2.6730292620e-01,2.6537100339e-01,2.6340138543e-01,2.6126104791e-01,2.6338286457e-01,2.6166077482e-01,2.5989828470e-01,2.5797582614e-01
5964,59.6400,2.6735769222e-01,2.6542576941e-01,2.6345615145e-01,2.6131581393e-01,2.6343763059e-01,2.6171554084e-01,2.5995305072e-01,2.5803059216e-01
5965,59.6500,2.6741245824e-01,2.6548053543e-01,2.6351091747e-01,2.6137057995e-01,2.6349239661e-01,2.6177030686e-01,2.6000781674e-01,2.5808535818e-01
5966,59.6600,2.6746722426e-01,2.6553530145e-01,2.6356568349e-01,2.6142534598e-01,2.6354716263e-01,2.6182507288e-01,2.6006258276e-01,2.5814012420e-01
5967,59.6700,2.6752199028e-01,2.6559006747e-01,2.6362044951e-01,2.6148011200e-01,2.6360192865e-01,2.6187983890e-01,2.6011734878e-01,2.5819489022e-01
5968,59.6800,2.6757675630e-01,2.6564483349e-01,2.6367521553e-01,2.6153487802e-01,2.6365669467e-01,2.6193460492e-01,2.6017211480e-01,2.5824965624e-01
5969,59.6900,2.6763152232e-01,2.6569959951e-01,2.6372998155e-01,2.6158964404e-01,2.6371146070e-01,2.6198937094e-01,2.6022688082e-01,2.5830442227e-01
5970,59.7000,2.6768628835e-01,2.6575436553e-01,2.6378474757e-01,2.6164441006e-01,2.6376622672e-01,2.6204413696e-01,2.6028164684e-01,2.5835918829e-01
5971,59.7100,2.6774105437e-01,2.6580913155e-01,2.6383951359e-01,2.6169917608e-01,2.6382099274e-01,2.6209890298e-01,2.6033641286e-01,2.5841395431e-01
5972,59.7200,2.6779582039e-01,2.6586389758e-01,2.6389427961e-01,2.6175394210e-01,2.6387575876e-01,2.6215366900e-01,2.6039117888e-01,2.5846872033e-01
5973,59.7300,2.6785058641e-01,2.6591866360e-01,2.6394904564e-01,2.6180870812e-01,2.6393052478e-01,2.6220843502e-01,2.6044594490e-01,2.5852348635e-01
5974,59.7400,2.6790535243e-01,2.6597342962e-01,2.6400381166e-01,2.6186347414e-01,2.6398529080e-01,2.6226320105e-01,2.6050071092e-01,2.5857825237e-01
5975,59.7500,2.6796011845e-01,2.6602819564e-01,2.6405857768e-01,2.6191824016e-01,2.6404005682e-01,2.6231796707e-01,2.6055547694e-01,2.5863301839e-01
5976,59.7600,2.6801488447e-01,2.6608296166e-01,2.6411334370e-01,2.6197300619e-01,2.6409482284e-01,2.6237273309e-01,2.6061024296e-01,2.5868778441e-01
5977,59.7700,2.6806965049e-01,2.6613772768e-01,2.6416810972e-01,2.6202777221e-01,2.6414958886e-01,2.6242749911e-01,2.6066500898e-01,2.5874255043e-01
5978,59.7800,2.6812441651e-01,2.6619249370e-01,2.6422287574e-01,2.6208253823e-01,2.6420435488e-01,2.6248226513e-01,2.6071977500e-01,2.5879731645e-01
5979,59.7900,2.6817918253e-01,2.6624725972e-01,2.6427764176e-01,2.6213730425e-01,2.6425912090e-01,2.6253703115e-01,2.6077454102e-01,2.5885208247e-01
5980,59.8000,2.6823394856e-01,2.6630202575e-01,2.6433240778e-01,2.6219207027e-01,2.6431388692e-01,2.6259179717e-01,2.6082930704e-01,2.5890684849e-01
5981,59.8100,2.6828871458e-01,2.6635679177e-01,2.6438717380e-01,2.6224683629e-01,2.6436865294e-01,2.6264656319e-01,2.6088407307e-01,2.5896161451e-01
5982,59.8200,2.6834348060e-01,2.6641155779e-01,2.6444193982e-01,2.6230160231e-01,2.6442341897e-01,2.6270132921e-01,2.6093883909e-01,2.5901638053e-01
5983,59.8300,2.6839824662e-01,2.6646632381e-01,2.6449670585e-01,2.6235636833e-01,2.6447818499e-01,2.6275609523e-01,2.6099360511e-01,2.5907114655e-01
5984,59.8400,2.6845301264e-01,2.6652108983e-01,2.6455147187e-01,2.6241113435e-01,2.6453295101e-01,2.6281086125e-01,2.6104837113e-01,2.5912591257e-01
5985,59.8500,2.6850777866e-01,2.6657585585e-01,2.6460623789e-01,2.6246590037e-01,2.6458771703e-01,2.6286562727e-01,2.6110313715e-01,2.5918067860e-01
5986,59.8600,2.6856254468e-01,2.6663062187e-01,2.6466100391e-01,2.6252066639e-01,2.6464248305e-01,2.6292039330e-01,2.6115790317e-01,2.5923544462e-01
5987,59.8700,2.6861731070e-01,2.6668538789e-01,2.6471576993e-01,2.6257543242e-01,2.6469724907e-01,2.6297515932e-01,2.6121266919e-01,2.5929021064e-01
5988,59.8800,2.6867207672e-01,2.6674015391e-01,2.6477053595e-01,2.6263019844e-01,2.6475201509e-01,2.6302992534e-01,2.6126743521e-01,2.5934497666e-01
5989,59.8900,2.6872684274e-01,2.6679491994e-01,2.6482530197e-01,2.6268496446e-01,2.6480678111e-01,2.6308469136e-01,2.6132220123e-01,2.5939974268e-01
5990,59.9000,2.6878160876e-01,2.6684968596e-01,2.6488006799e-01,2.6273973048e-01,2.6486154713e-01,2.6313945738e-01,2.6137696725e-01,2.5945450870e-01
5991,59.9100,2.6883637479e-01,2.6690445198e-01,2.6493483401e-01,2.6279449650e-01,2.6491631315e-01,2.6319422340e-01,2.6143173327e-01,2.5950927472e-01
5992,59.9200,2.6889114081e-01,2.6695921800e-01,2.6498960003e-01,2.6284926252e-01,2.6497107917e-01,2.6324898942e-01,2.6148649929e-01,2.5956404074e-01
5993,59.9300,2.6894590683e-01,2.6701398402e-01,2.6504436606e-01,2.6290402854e-01,2.6502584519e-01,2.6330375544e-01,2.6154126531e-01,2.5961880676e-01
5994,59.9400,2.6900067285e-01,2.6706875004e-01,2.6509913208e-01,2.6295879456e-01,2.6508061121e-01,2.6335852146e-01,2.6159603133e-01,2.5967357278e-01
5995,59.9500,2.6905543887e-01,2.6712351606e-01,2.6515389810e-01,2.6301356058e-01,2.6513537724e-01,2.6341328748e-01,2.6165079735e-01,2.5972833880e-01
5996,59.9600,2.6911020489e-01,2.6717828208e-01,2.6520866412e-01,2.6306832660e-01,2.6519014326e-01,2.6346805350e-01,2.6170556337e-01,2.5978310482e-01
5997,59.9700,2.6916497091e-01,2.6723304811e-01,2.6526343014e-01,2.6312309262e-01,2.6524490928e-01,2.6352281952e-01,2.6176032939e-01,2.5983787084e-01
5998,59.9800,2.6921973693e-01,2.6728781413e-01,2.6531819616e-01,2.6317785865e-01,2.6529967530e-01,2.6357758555e-01,2.6181509541e-01,2.5989263686e-01
5999,59.9900,2.6927450295e-01,2.6734258015e-01,2.6537296218e-01,2.6323262467e-01,2.6535444132e-01,2.6363235157e-01,2.6186986143e-01,2.5994740288e-01
